date,district,season,rainfall_anomaly
1981-01-01,Bugesera,off,-0.5941158857764411
1981-02-01,Bugesera,off,-0.6473327485370833
1981-03-01,Bugesera,A,0.1962115890060727
1981-04-01,Bugesera,A,1.2802658072430204
1981-05-01,Bugesera,A,0.3289100304064312
1981-06-01,Bugesera,off,-0.23861336266241834
1981-07-01,Bugesera,off,-0.1627796834350561
1981-08-01,Bugesera,off,0.906733350191175
1981-09-01,Bugesera,off,1.5586602095113635
1981-10-01,Bugesera,B,-0.06828429048926832
1981-11-01,Bugesera,B,-1.3394111292066275
1981-12-01,Bugesera,B,-0.19050912181484492
1982-01-01,Bugesera,off,0.22805918200961764
1982-02-01,Bugesera,off,-0.6114739600763854
1982-03-01,Bugesera,A,-1.0025139049360081
1982-04-01,Bugesera,A,0.9732019095911288
1982-05-01,Bugesera,A,1.0671002689737568
1982-06-01,Bugesera,off,-0.0764747566847847
1982-07-01,Bugesera,off,-0.15755061635165268
1982-08-01,Bugesera,off,-1.236352488016793
1982-09-01,Bugesera,off,0.8600303531778348
1982-10-01,Bugesera,B,0.7351216867889555
1982-11-01,Bugesera,B,0.5943481504762006
1982-12-01,Bugesera,B,1.0618252156533952
1983-01-01,Bugesera,off,-1.8350664698911159
1983-02-01,Bugesera,off,-0.05414399990795173
1983-03-01,Bugesera,A,-0.5247235849093763
1983-04-01,Bugesera,A,1.003447036160529
1983-05-01,Bugesera,A,-1.0293166979701451
1983-06-01,Bugesera,off,-0.11877262061430784
1983-07-01,Bugesera,off,-0.22172869364303974
1983-08-01,Bugesera,off,0.25492300763380094
1983-09-01,Bugesera,off,0.24097184052310755
1983-10-01,Bugesera,B,0.6491269702588262
1983-11-01,Bugesera,B,-0.2645552561126149
1983-12-01,Bugesera,B,-0.626956490355518
1984-01-01,Bugesera,off,0.0992269612924006
1984-02-01,Bugesera,off,0.2544006092320762
1984-03-01,Bugesera,A,-0.7123114564754942
1984-04-01,Bugesera,A,-0.863161157204799
1984-05-01,Bugesera,A,-2.0409737595919526
1984-06-01,Bugesera,off,-0.941248388752616
1984-07-01,Bugesera,off,1.6200783727963133
1984-08-01,Bugesera,off,1.09674074931285
1984-09-01,Bugesera,off,-0.9288660992704023
1984-10-01,Bugesera,B,0.2979490864158241
1984-11-01,Bugesera,B,0.7760231393767115
1984-12-01,Bugesera,B,-1.1980529448299242
1985-01-01,Bugesera,off,-0.4306784609407129
1985-02-01,Bugesera,off,1.1527826394413931
1985-03-01,Bugesera,A,-0.8509493771481496
1985-04-01,Bugesera,A,2.6205166659370027
1985-05-01,Bugesera,A,-1.6478520247058563
1985-06-01,Bugesera,off,-0.11871145677137913
1985-07-01,Bugesera,off,-0.23709828678340608
1985-08-01,Bugesera,off,-1.1268395221596814
1985-09-01,Bugesera,off,1.3902520232636546
1985-10-01,Bugesera,B,-0.2530520029761932
1985-11-01,Bugesera,B,0.2741810151264168
1985-12-01,Bugesera,B,-0.22846721659569824
1986-01-01,Bugesera,off,-0.4180317446299517
1986-02-01,Bugesera,off,0.4328663935795961
1986-03-01,Bugesera,A,-0.8649178815713235
1986-04-01,Bugesera,A,2.413332798775502
1986-05-01,Bugesera,A,0.21656240799272497
1986-06-01,Bugesera,off,-0.25798575107550076
1986-07-01,Bugesera,off,-0.20306680094341156
1986-08-01,Bugesera,off,-1.090639834168656
1986-09-01,Bugesera,off,-0.8545637474152384
1986-10-01,Bugesera,B,0.22739993458047436
1986-11-01,Bugesera,B,-0.21970648049283292
1986-12-01,Bugesera,B,-0.028473227183275024
1987-01-01,Bugesera,off,0.5255759240190958
1987-02-01,Bugesera,off,0.7843622912231707
1987-03-01,Bugesera,A,0.2236939975301952
1987-04-01,Bugesera,A,-0.6821189981079451
1987-05-01,Bugesera,A,2.1284616633933298
1987-06-01,Bugesera,off,-0.040945818648181656
1987-07-01,Bugesera,off,-0.28457178594135146
1987-08-01,Bugesera,off,-0.9493840986322534
1987-09-01,Bugesera,off,0.9503251766221638
1987-10-01,Bugesera,B,-0.2260335495251446
1987-11-01,Bugesera,B,0.9344335549745582
1987-12-01,Bugesera,B,-1.7519119464027781
1988-01-01,Bugesera,off,-0.060727274565577485
1988-02-01,Bugesera,off,-0.18502488719710264
1988-03-01,Bugesera,A,0.06800667353939663
1988-04-01,Bugesera,A,1.240254798069695
1988-05-01,Bugesera,A,-0.9391367327294892
1988-06-01,Bugesera,off,-0.7594092740894296
1988-07-01,Bugesera,off,0.24248363508007503
1988-08-01,Bugesera,off,2.143726850832248
1988-09-01,Bugesera,off,0.9385446338747757
1988-10-01,Bugesera,B,-0.39074281478571227
1988-11-01,Bugesera,B,-0.26537361783076563
1988-12-01,Bugesera,B,-1.059842836959522
1989-01-01,Bugesera,off,0.10146786560788067
1989-02-01,Bugesera,off,0.10042768651945415
1989-03-01,Bugesera,A,-0.41716174086884483
1989-04-01,Bugesera,A,-0.18621983729735594
1989-05-01,Bugesera,A,-0.22244139679132408
1989-06-01,Bugesera,off,0.24726720601842095
1989-07-01,Bugesera,off,-0.06657901725241694
1989-08-01,Bugesera,off,1.4403407480239527
1989-09-01,Bugesera,off,-0.05351673045365184
1989-10-01,Bugesera,B,-0.40351703730512234
1989-11-01,Bugesera,B,-0.376443982655237
1989-12-01,Bugesera,B,2.302625527150466
1990-01-01,Bugesera,off,0.0012945923153448728
1990-02-01,Bugesera,off,2.0982346019933
1990-03-01,Bugesera,A,0.14831804483006147
1990-04-01,Bugesera,A,0.36486740171345616
1990-05-01,Bugesera,A,-0.9056354369395684
1990-06-01,Bugesera,off,-1.013759842763662
1990-07-01,Bugesera,off,0.07727164741797526
1990-08-01,Bugesera,off,-0.9059568871792272
1990-09-01,Bugesera,off,1.1860758158890685
1990-10-01,Bugesera,B,-0.9725237430555851
1990-11-01,Bugesera,B,-0.18969852788088234
1990-12-01,Bugesera,B,0.05369068307764326
1991-01-01,Bugesera,off,-0.28137668510711744
1991-02-01,Bugesera,off,0.18924317066486526
1991-03-01,Bugesera,A,-0.3926419008006912
1991-04-01,Bugesera,A,-0.3099849211910942
1991-05-01,Bugesera,A,2.77298597949965
1991-06-01,Bugesera,off,0.2328116102187309
1991-07-01,Bugesera,off,0.4027067722966625
1991-08-01,Bugesera,off,-0.8594924601767169
1991-09-01,Bugesera,off,-1.3646669757756293
1991-10-01,Bugesera,B,1.6626116566675004
1991-11-01,Bugesera,B,-0.8391720799265664
1991-12-01,Bugesera,B,0.056486667762421464
1992-01-01,Bugesera,off,-1.1266275248913813
1992-02-01,Bugesera,off,-0.8852539286427304
1992-03-01,Bugesera,A,-1.038331086233169
1992-04-01,Bugesera,A,0.09217907529729154
1992-05-01,Bugesera,A,-0.5467198974112502
1992-06-01,Bugesera,off,1.1865045951898152
1992-07-01,Bugesera,off,-0.14894889908115239
1992-08-01,Bugesera,off,-1.3179432408069622
1992-09-01,Bugesera,off,0.04810020521810697
1992-10-01,Bugesera,B,-0.0691395342672093
1992-11-01,Bugesera,B,-0.8967287476321185
1992-12-01,Bugesera,B,0.23254874649268484
1993-01-01,Bugesera,off,1.858687473119742
1993-02-01,Bugesera,off,0.12599067676399608
1993-03-01,Bugesera,A,-0.7894558389127957
1993-04-01,Bugesera,A,-0.8667887124204704
1993-05-01,Bugesera,A,0.6409533044321835
1993-06-01,Bugesera,off,-0.6336564368930018
1993-07-01,Bugesera,off,-0.30028616847017875
1993-08-01,Bugesera,off,2.3016068854667373
1993-09-01,Bugesera,off,-1.676005970701693
1993-10-01,Bugesera,B,-1.634615577264996
1993-11-01,Bugesera,B,-0.21034502381403564
1993-12-01,Bugesera,B,-1.1007136241012525
1994-01-01,Bugesera,off,0.4694407011594971
1994-02-01,Bugesera,off,-0.09974483067640416
1994-03-01,Bugesera,A,0.9701302222620461
1994-04-01,Bugesera,A,-0.3710563620905941
1994-05-01,Bugesera,A,0.5034105458733569
1994-06-01,Bugesera,off,-0.4744600551746547
1994-07-01,Bugesera,off,0.13927865885909088
1994-08-01,Bugesera,off,-0.31939682670483166
1994-09-01,Bugesera,off,-0.756325809797224
1994-10-01,Bugesera,B,-0.757339189433599
1994-11-01,Bugesera,B,0.6949972751257364
1994-12-01,Bugesera,B,0.8020857854781832
1995-01-01,Bugesera,off,0.1766020266355418
1995-02-01,Bugesera,off,-0.5048744502332817
1995-03-01,Bugesera,A,-0.44260754615408177
1995-04-01,Bugesera,A,0.865711813148633
1995-05-01,Bugesera,A,-0.09280130265442278
1995-06-01,Bugesera,off,2.1302030908330813
1995-07-01,Bugesera,off,-0.2725017709291476
1995-08-01,Bugesera,off,-1.1742055610036566
1995-09-01,Bugesera,off,-0.6598215199026942
1995-10-01,Bugesera,B,0.09873213792793788
1995-11-01,Bugesera,B,0.3020890290179617
1995-12-01,Bugesera,B,-1.604423226286168
1996-01-01,Bugesera,off,-0.6350977844486724
1996-02-01,Bugesera,off,0.4506009488729231
1996-03-01,Bugesera,A,-0.2753208919173671
1996-04-01,Bugesera,A,-0.36929850417645427
1996-05-01,Bugesera,A,-1.033740659876462
1996-06-01,Bugesera,off,0.5055735933657566
1996-07-01,Bugesera,off,1.9261047402815747
1996-08-01,Bugesera,off,1.7237265184067245
1996-09-01,Bugesera,off,0.10279678910423232
1996-10-01,Bugesera,B,-1.4056958749116324
1996-11-01,Bugesera,B,-0.9196274714248291
1996-12-01,Bugesera,B,-0.5993579110989042
1997-01-01,Bugesera,off,1.4174402224871379
1997-02-01,Bugesera,off,-1.1365866952619081
1997-03-01,Bugesera,A,-0.6397258326541404
1997-04-01,Bugesera,A,0.627140489791009
1997-05-01,Bugesera,A,-0.5183455778268373
1997-06-01,Bugesera,off,0.10935276316243911
1997-07-01,Bugesera,off,-0.18697753631994432
1997-08-01,Bugesera,off,0.23551188768850181
1997-09-01,Bugesera,off,-0.5581880582999059
1997-10-01,Bugesera,B,2.0606264751237005
1997-11-01,Bugesera,B,0.9007698158452645
1997-12-01,Bugesera,B,1.4486773344731756
1998-01-01,Bugesera,off,2.398275229531462
1998-02-01,Bugesera,off,2.034337835423895
1998-03-01,Bugesera,A,0.5879478423358323
1998-04-01,Bugesera,A,-0.11280080540476208
1998-05-01,Bugesera,A,0.5148512629776326
1998-06-01,Bugesera,off,0.6869104271143774
1998-07-01,Bugesera,off,-0.02327004078175062
1998-08-01,Bugesera,off,-0.69818930265603
1998-09-01,Bugesera,off,0.047962878907482895
1998-10-01,Bugesera,B,-0.008789721711957998
1998-11-01,Bugesera,B,-1.079591682501825
1998-12-01,Bugesera,B,-1.2775878837321406
1999-01-01,Bugesera,off,-0.21779910168213834
1999-02-01,Bugesera,off,-2.1403380617134284
1999-03-01,Bugesera,A,0.8728773852504149
1999-04-01,Bugesera,A,-1.0549742976783194
1999-05-01,Bugesera,A,-1.0657954295879208
1999-06-01,Bugesera,off,-0.7651566230069019
1999-07-01,Bugesera,off,-0.30809571493849186
1999-08-01,Bugesera,off,0.529299102925214
1999-09-01,Bugesera,off,0.8027971522334897
1999-10-01,Bugesera,B,-1.4113003013728822
1999-11-01,Bugesera,B,-0.9757958177389662
1999-12-01,Bugesera,B,-0.0744390960802311
2000-01-01,Bugesera,off,-1.0225493471118066
2000-02-01,Bugesera,off,-1.3484359103114754
2000-03-01,Bugesera,A,-0.425192138208941
2000-04-01,Bugesera,A,-1.2861669777786469
2000-05-01,Bugesera,A,-1.1024527009212124
2000-06-01,Bugesera,off,-0.8126631143665048
2000-07-01,Bugesera,off,-0.27456133149027306
2000-08-01,Bugesera,off,-1.2872336938133617
2000-09-01,Bugesera,off,-1.7103616272956228
2000-10-01,Bugesera,B,-0.12283728372268143
2000-11-01,Bugesera,B,0.08270210415041235
2000-12-01,Bugesera,B,-0.06150913605050117
2001-01-01,Bugesera,off,0.8776313765620296
2001-02-01,Bugesera,off,-0.7875680883739735
2001-03-01,Bugesera,A,1.770443249244334
2001-04-01,Bugesera,A,-1.031057862904134
2001-05-01,Bugesera,A,-0.5377232760155932
2001-06-01,Bugesera,off,-0.8541762531118644
2001-07-01,Bugesera,off,1.0121539227856078
2001-08-01,Bugesera,off,-0.08725641727319927
2001-09-01,Bugesera,off,0.8509663274613234
2001-10-01,Bugesera,B,1.7773962394058866
2001-11-01,Bugesera,B,1.4288666688235345
2001-12-01,Bugesera,B,-0.3138673814353417
2002-01-01,Bugesera,off,0.4162229554249232
2002-02-01,Bugesera,off,-0.4278922724937507
2002-03-01,Bugesera,A,0.6414145270588996
2002-04-01,Bugesera,A,0.6660993281353415
2002-05-01,Bugesera,A,1.064452826754958
2002-06-01,Bugesera,off,-0.9136502867792093
2002-07-01,Bugesera,off,-0.25092833134833875
2002-08-01,Bugesera,off,-0.9421649037622081
2002-09-01,Bugesera,off,-1.6845897898519449
2002-10-01,Bugesera,B,-0.7845256585054571
2002-11-01,Bugesera,B,-0.4549017052921934
2002-12-01,Bugesera,B,1.0972942785117272
2003-01-01,Bugesera,off,-0.7386250342228461
2003-02-01,Bugesera,off,-0.7819979547111192
2003-03-01,Bugesera,A,-1.249013152929268
2003-04-01,Bugesera,A,0.11825774618242482
2003-05-01,Bugesera,A,-0.31033053389308757
2003-06-01,Bugesera,off,-0.482100691116145
2003-07-01,Bugesera,off,-0.23186945834160544
2003-08-01,Bugesera,off,-0.02941995421984574
2003-09-01,Bugesera,off,0.9097923775832014
2003-10-01,Bugesera,B,0.33552500860105644
2003-11-01,Bugesera,B,-0.2888026151981097
2003-12-01,Bugesera,B,-0.8212827655534937
2004-01-01,Bugesera,off,0.1474818446520637
2004-02-01,Bugesera,off,0.5791954825532432
2004-03-01,Bugesera,A,0.17427831368371313
2004-04-01,Bugesera,A,0.7871994415845192
2004-05-01,Bugesera,A,-1.230797341046627
2004-06-01,Bugesera,off,-0.886464521700081
2004-07-01,Bugesera,off,-0.285290288080596
2004-08-01,Bugesera,off,-0.7323557880510158
2004-09-01,Bugesera,off,0.4418480521467266
2004-10-01,Bugesera,B,0.09063193791887302
2004-11-01,Bugesera,B,2.1450099074124434
2004-12-01,Bugesera,B,0.9781949362646988
2005-01-01,Bugesera,off,-0.5050369055047349
2005-02-01,Bugesera,off,-0.5452134722903571
2005-03-01,Bugesera,A,0.35389542444640204
2005-04-01,Bugesera,A,-0.8980188918679325
2005-05-01,Bugesera,A,0.14928492515003122
2005-06-01,Bugesera,off,-0.4624712499000574
2005-07-01,Bugesera,off,-0.32353160271625775
2005-08-01,Bugesera,off,1.4986223969882804
2005-09-01,Bugesera,off,1.4445763978410977
2005-10-01,Bugesera,B,1.9221648270713303
2005-11-01,Bugesera,B,-1.3466391538159954
2005-12-01,Bugesera,B,-1.6697070733106516
2006-01-01,Bugesera,off,-0.30682633252216646
2006-02-01,Bugesera,off,0.3244667146660865
2006-03-01,Bugesera,A,0.17524285531597086
2006-04-01,Bugesera,A,1.2351837833201622
2006-05-01,Bugesera,A,0.3142555268303834
2006-06-01,Bugesera,off,-0.6667377711894181
2006-07-01,Bugesera,off,0.37323023873904265
2006-08-01,Bugesera,off,1.8010801060055655
2006-09-01,Bugesera,off,-1.0694147636003584
2006-10-01,Bugesera,B,-1.2381245212421699
2006-11-01,Bugesera,B,2.164282364654139
2006-12-01,Bugesera,B,2.9738000249856076
2007-01-01,Bugesera,off,0.03144499010031079
2007-02-01,Bugesera,off,0.7628940329290198
2007-03-01,Bugesera,A,-0.6926380216798371
2007-04-01,Bugesera,A,0.3497042335599538
2007-05-01,Bugesera,A,3.889702680222963
2007-06-01,Bugesera,off,1.3707663397494023
2007-07-01,Bugesera,off,1.2526691848475535
2007-08-01,Bugesera,off,0.071793319179914
2007-09-01,Bugesera,off,0.6720020088724074
2007-10-01,Bugesera,B,-0.3244505399381228
2007-11-01,Bugesera,B,-0.23255657911001532
2007-12-01,Bugesera,B,-1.0694004928324807
2008-01-01,Bugesera,off,-0.9902653502082893
2008-02-01,Bugesera,off,-0.2436902837916324
2008-03-01,Bugesera,A,-0.4398561755170421
2008-04-01,Bugesera,A,-0.8662780671177086
2008-05-01,Bugesera,A,-1.23511068063773
2008-06-01,Bugesera,off,1.9412998386816005
2008-07-01,Bugesera,off,0.059488051275168784
2008-08-01,Bugesera,off,0.04180788240323717
2008-09-01,Bugesera,off,-0.27010409101237365
2008-10-01,Bugesera,B,-0.26292789935924527
2008-11-01,Bugesera,B,-0.8248509825345025
2008-12-01,Bugesera,B,-0.9861373635504768
2009-01-01,Bugesera,off,-0.1062390442876751
2009-02-01,Bugesera,off,2.4889753141465323
2009-03-01,Bugesera,A,-0.2170237073846645
2009-04-01,Bugesera,A,-0.05600689592378853
2009-05-01,Bugesera,A,1.3003132769556256
2009-06-01,Bugesera,off,-0.4367705515183262
2009-07-01,Bugesera,off,-0.08957422384534577
2009-08-01,Bugesera,off,-0.7100856939697447
2009-09-01,Bugesera,off,-1.2739782982291983
2009-10-01,Bugesera,B,0.39030027262379335
2009-11-01,Bugesera,B,-0.5343284918197897
2009-12-01,Bugesera,B,-0.6734285061610138
2010-01-01,Bugesera,off,1.180768915846745
2010-02-01,Bugesera,off,4.0965319856223505
2010-03-01,Bugesera,A,-0.03953561382174375
2010-04-01,Bugesera,A,0.2774270898071176
2010-05-01,Bugesera,A,0.08737405047880864
2010-06-01,Bugesera,off,1.214228855046812
2010-07-01,Bugesera,off,-0.2586640421045881
2010-08-01,Bugesera,off,-1.4284658276951965
2010-09-01,Bugesera,off,-0.03475354632549909
2010-10-01,Bugesera,B,-0.3437645208187947
2010-11-01,Bugesera,B,-0.6277583380747194
2010-12-01,Bugesera,B,0.31223153580023183
2011-01-01,Bugesera,off,-0.17577278803302157
2011-02-01,Bugesera,off,0.11969459534387315
2011-03-01,Bugesera,A,-0.4384007839030164
2011-04-01,Bugesera,A,-0.6224030892435657
2011-05-01,Bugesera,A,0.0667839097602773
2011-06-01,Bugesera,off,2.3785988713761657
2011-07-01,Bugesera,off,0.43231933156816893
2011-08-01,Bugesera,off,0.1826650148696308
2011-09-01,Bugesera,off,2.64360762747326
2011-10-01,Bugesera,B,1.0055843819522527
2011-11-01,Bugesera,B,1.2579590220152395
2011-12-01,Bugesera,B,0.333252949624265
2012-01-01,Bugesera,off,-1.1921195151222714
2012-02-01,Bugesera,off,-0.781295620540499
2012-03-01,Bugesera,A,-0.5594029827023557
2012-04-01,Bugesera,A,0.6381638227310946
2012-05-01,Bugesera,A,2.0893592105321246
2012-06-01,Bugesera,off,0.13962015499342786
2012-07-01,Bugesera,off,-0.4179938722075065
2012-08-01,Bugesera,off,1.2140482988097483
2012-09-01,Bugesera,off,0.8242055950097696
2012-10-01,Bugesera,B,1.2417674278722732
2012-11-01,Bugesera,B,0.32658038721076077
2012-12-01,Bugesera,B,1.2995340882566584
2013-01-01,Bugesera,off,-0.13704123195168139
2013-02-01,Bugesera,off,-1.31509001793363
2013-03-01,Bugesera,A,1.369300603021873
2013-04-01,Bugesera,A,-0.1620177365919279
2013-05-01,Bugesera,A,-1.4047017655847247
2013-06-01,Bugesera,off,-1.1070638413690859
2013-07-01,Bugesera,off,-0.41168769624756407
2013-08-01,Bugesera,off,-0.2859255043002863
2013-09-01,Bugesera,off,2.1901966949991527
2013-10-01,Bugesera,B,-0.3601476248484176
2013-11-01,Bugesera,B,0.2565099862278915
2013-12-01,Bugesera,B,0.6985220116066229
2014-01-01,Bugesera,off,-0.6298127559092928
2014-02-01,Bugesera,off,0.6553548479087232
2014-03-01,Bugesera,A,-0.0930516496283749
2014-04-01,Bugesera,A,-0.5798626819205182
2014-05-01,Bugesera,A,-1.8656890678165512
2014-06-01,Bugesera,off,-0.2769841403678759
2014-07-01,Bugesera,off,-0.4642355750016479
2014-08-01,Bugesera,off,-0.060655276393859064
2014-09-01,Bugesera,off,-0.3743432683496216
2014-10-01,Bugesera,B,0.23478571322170957
2014-11-01,Bugesera,B,-0.05455385492955642
2014-12-01,Bugesera,B,-1.3342692856292337
2015-01-01,Bugesera,off,-2.037032426464169
2015-02-01,Bugesera,off,-0.3517493256805788
2015-03-01,Bugesera,A,-0.4091476666144148
2015-04-01,Bugesera,A,0.38223710979156256
2015-05-01,Bugesera,A,-0.6097275092308834
2015-06-01,Bugesera,off,0.09396312412739495
2015-07-01,Bugesera,off,-0.34341844276567535
2015-08-01,Bugesera,off,-0.4627135665840582
2015-09-01,Bugesera,off,-0.3510817973878003
2015-10-01,Bugesera,B,0.04452290792409201
2015-11-01,Bugesera,B,-0.17262388821318903
2015-12-01,Bugesera,B,-0.9246999180239801
2016-01-01,Bugesera,off,0.8030036965411533
2016-02-01,Bugesera,off,-0.7406904772994926
2016-03-01,Bugesera,A,0.7850873440744252
2016-04-01,Bugesera,A,0.18268547838711396
2016-05-01,Bugesera,A,-1.7946270632436088
2016-06-01,Bugesera,off,-1.0961950050029825
2016-07-01,Bugesera,off,-0.0729132216686686
2016-08-01,Bugesera,off,-0.9968979520853191
2016-09-01,Bugesera,off,0.08737597154371526
2016-10-01,Bugesera,B,-0.4028486021742517
2016-11-01,Bugesera,B,0.4335072894694454
2016-12-01,Bugesera,B,-1.647649931064094
2017-01-01,Bugesera,off,-1.2186496720567068
2017-02-01,Bugesera,off,-0.5638274815522807
2017-03-01,Bugesera,A,-0.7483088599114747
2017-04-01,Bugesera,A,-0.5290696780605333
2017-05-01,Bugesera,A,1.0568471518083533
2017-06-01,Bugesera,off,-1.0119376828695097
2017-07-01,Bugesera,off,-0.3950051685982678
2017-08-01,Bugesera,off,1.0432627768419471
2017-09-01,Bugesera,off,0.8394282923112191
2017-10-01,Bugesera,B,0.6493520928153089
2017-11-01,Bugesera,B,0.6297863092469039
2017-12-01,Bugesera,B,-0.8615656949017108
2018-01-01,Bugesera,off,1.5356132773509192
2018-02-01,Bugesera,off,-1.277190151703984
2018-03-01,Bugesera,A,1.5523870376851596
2018-04-01,Bugesera,A,2.8096533811690017
2018-05-01,Bugesera,A,0.12056934807288576
2018-06-01,Bugesera,off,-0.2483491644922478
2018-07-01,Bugesera,off,-0.4543870746746561
2018-08-01,Bugesera,off,0.30909530784953515
2018-09-01,Bugesera,off,-1.1600756274679238
2018-10-01,Bugesera,B,-0.9169457364076352
2018-11-01,Bugesera,B,-0.5041303657141615
2018-12-01,Bugesera,B,2.5255978034661415
2019-01-01,Bugesera,off,0.887555991628397
2019-02-01,Bugesera,off,-0.4745349886380935
2019-03-01,Bugesera,A,-1.2383618741808222
2019-04-01,Bugesera,A,-0.006541980314543326
2019-05-01,Bugesera,A,1.5205359008538064
2019-06-01,Bugesera,off,-0.44425984095499765
2019-07-01,Bugesera,off,-0.08689858612111616
2019-08-01,Bugesera,off,0.6596622095276635
2019-09-01,Bugesera,off,0.4322454123315447
2019-10-01,Bugesera,B,0.027548807963873056
2019-11-01,Bugesera,B,0.4065670627359631
2019-12-01,Bugesera,B,0.2516930770575637
2020-01-01,Bugesera,off,1.8629553395533343
2020-02-01,Bugesera,off,2.2212644907676418
2020-03-01,Bugesera,A,0.01643460030124646
2020-04-01,Bugesera,A,0.5661452232912857
2020-05-01,Bugesera,A,-1.4458252741843607
2020-06-01,Bugesera,off,-0.9188974309640633
2020-07-01,Bugesera,off,0.01371566105809622
2020-08-01,Bugesera,off,-1.4424298098599877
2020-09-01,Bugesera,off,-0.4347582181304964
2020-10-01,Bugesera,B,2.513420877015657
2020-11-01,Bugesera,B,-0.07845142508499939
2020-12-01,Bugesera,B,1.3939087285511726
2021-01-01,Bugesera,off,-0.9778248799031883
2021-02-01,Bugesera,off,0.11659450966399719
2021-03-01,Bugesera,A,-0.3862522718720716
2021-04-01,Bugesera,A,-0.6405374408149167
2021-05-01,Bugesera,A,2.2987841132619877
2021-06-01,Bugesera,off,-1.0943579419407032
2021-07-01,Bugesera,off,-0.24108758687345397
2021-08-01,Bugesera,off,-0.4260011332441614
2021-09-01,Bugesera,off,0.19551306116902462
2021-10-01,Bugesera,B,0.891864665776156
2021-11-01,Bugesera,B,-0.6743799583013302
2021-12-01,Bugesera,B,0.28251570437489365
2022-01-01,Bugesera,off,0.776709711269434
2022-02-01,Bugesera,off,1.5247907613200176
2022-03-01,Bugesera,A,-0.4441909212599619
2022-04-01,Bugesera,A,0.386317773819439
2022-05-01,Bugesera,A,0.137327584770831
2022-06-01,Bugesera,off,-0.6455446666638837
2022-07-01,Bugesera,off,0.16473925992373317
2022-08-01,Bugesera,off,0.6413339377894617
2022-09-01,Bugesera,off,-0.7615362747676498
2022-10-01,Bugesera,B,-1.316547318680482
2022-11-01,Bugesera,B,0.03444469118975388
2022-12-01,Bugesera,B,0.5574556620466068
2023-01-01,Bugesera,off,1.641281512201267
2023-02-01,Bugesera,off,-1.6466620502830325
2023-03-01,Bugesera,A,0.5528608446843993
2023-04-01,Bugesera,A,0.7567375568468335
2023-05-01,Bugesera,A,-0.6483213213787941
2023-06-01,Bugesera,off,-1.1171743582444322
2023-07-01,Bugesera,off,-0.4250922189696349
2023-08-01,Bugesera,off,-1.4666025457161274
2023-09-01,Bugesera,off,0.3303740727785772
2023-10-01,Bugesera,B,-0.7167495340326472
2023-11-01,Bugesera,B,-0.397577295527062
2023-12-01,Bugesera,B,0.33892646282967276
2024-01-01,Bugesera,off,-0.23488154493026092
2024-02-01,Bugesera,off,-0.9998438752894565
2024-03-01,Bugesera,A,-1.3879108111229659
2024-04-01,Bugesera,A,1.1740009683843984
2024-05-01,Bugesera,A,-1.5338786563696023
2024-06-01,Bugesera,off,-1.101605666414425
2024-07-01,Bugesera,off,-0.3704916644646821
2024-08-01,Bugesera,off,-0.5933706796417857
2024-09-01,Bugesera,off,-0.07910733153169648
2024-10-01,Bugesera,B,0.13960996499696596
2024-11-01,Bugesera,B,2.926439331713547
2024-12-01,Bugesera,B,-0.6494971801507823
2025-01-01,Bugesera,off,-0.1675850065555424
2025-02-01,Bugesera,off,-1.2064864436342508
2025-03-01,Bugesera,A,-1.5138112242868806
2025-04-01,Bugesera,A,1.5155199526542378
2025-05-01,Bugesera,A,0.2791324107722896
2025-06-01,Bugesera,off,1.1882678583362698
2025-07-01,Bugesera,off,-0.164033494486766
2025-08-01,Bugesera,off,0.29238777056021203
2025-09-01,Bugesera,off,-1.1583914740129662
2025-10-01,Bugesera,B,0.9182054486662848
2025-11-01,Bugesera,B,-0.8589765408945208
2025-12-01,Bugesera,B,0.8910606822146057
2026-01-01,Bugesera,off,2.5553468657347422
2026-02-01,Bugesera,off,-0.3368810230921255
2026-03-01,Bugesera,A,0.10511835428162997
2026-04-01,Bugesera,A,-0.23809539106243482
2026-05-01,Bugesera,A,-1.6554758244822334
2026-06-01,Bugesera,off,-1.0364418799805668
2026-07-01,Bugesera,off,0.006119674960585532
2026-08-01,Bugesera,off,-1.2968469412478105
2026-09-01,Bugesera,off,-1.226057023898882
1981-01-01,Burera,off,0.09544345841609296
1981-02-01,Burera,off,-0.9984925244202141
1981-03-01,Burera,A,0.5285210180610626
1981-04-01,Burera,A,0.6674233245398168
1981-05-01,Burera,A,0.6461470012098111
1981-06-01,Burera,off,-0.16090302450130325
1981-07-01,Burera,off,0.5700275715059364
1981-08-01,Burera,off,1.308113862992276
1981-09-01,Burera,off,-0.03982024473673963
1981-10-01,Burera,B,-0.26528777221724703
1981-11-01,Burera,B,-1.0828806653907965
1981-12-01,Burera,B,-0.3257473665501965
1982-01-01,Burera,off,0.3799193061279363
1982-02-01,Burera,off,-0.39492406270285724
1982-03-01,Burera,A,-0.6544950116625148
1982-04-01,Burera,A,1.6191135510402184
1982-05-01,Burera,A,0.6730843731954305
1982-06-01,Burera,off,1.9304072278758928
1982-07-01,Burera,off,-0.7649893383487982
1982-08-01,Burera,off,-1.211321736901103
1982-09-01,Burera,off,0.6944791212934281
1982-10-01,Burera,B,-0.6952456288793667
1982-11-01,Burera,B,0.39686692932310347
1982-12-01,Burera,B,-0.24139371178516358
1983-01-01,Burera,off,-1.6406000021772722
1983-02-01,Burera,off,-0.312721480641405
1983-03-01,Burera,A,-0.06418595440216407
1983-04-01,Burera,A,0.3038746023594912
1983-05-01,Burera,A,-1.4011659341472487
1983-06-01,Burera,off,-0.7059941557195752
1983-07-01,Burera,off,0.1877397137570604
1983-08-01,Burera,off,1.7093863477789915
1983-09-01,Burera,off,0.24933794686046531
1983-10-01,Burera,B,0.9727834755909257
1983-11-01,Burera,B,0.5109163982920916
1983-12-01,Burera,B,-0.553277008396566
1984-01-01,Burera,off,-0.3302418706776732
1984-02-01,Burera,off,-0.06521887507475671
1984-03-01,Burera,A,0.2911220321499982
1984-04-01,Burera,A,-0.2966476244549233
1984-05-01,Burera,A,-2.112328643471465
1984-06-01,Burera,off,-1.4291002614549928
1984-07-01,Burera,off,1.940794028079173
1984-08-01,Burera,off,0.20383566394284214
1984-09-01,Burera,off,-0.9206158472591084
1984-10-01,Burera,B,0.18809332256715294
1984-11-01,Burera,B,-0.050182784633987114
1984-12-01,Burera,B,-0.7164797441685378
1985-01-01,Burera,off,-0.5127257962203114
1985-02-01,Burera,off,-0.5115349564457119
1985-03-01,Burera,A,-0.5574650500023884
1985-04-01,Burera,A,1.3041789997505981
1985-05-01,Burera,A,-0.8944763167252765
1985-06-01,Burera,off,0.4460287565317207
1985-07-01,Burera,off,0.303378553058394
1985-08-01,Burera,off,-1.907065105842029
1985-09-01,Burera,off,0.8561029921560224
1985-10-01,Burera,B,0.5921058010245532
1985-11-01,Burera,B,0.9350921027642175
1985-12-01,Burera,B,-0.38915102996539475
1986-01-01,Burera,off,-0.44811213402743094
1986-02-01,Burera,off,0.39013757698494866
1986-03-01,Burera,A,-0.22312755318633842
1986-04-01,Burera,A,0.4718629426376966
1986-05-01,Burera,A,-0.022118805033040128
1986-06-01,Burera,off,0.5262779588490623
1986-07-01,Burera,off,-0.709129034496356
1986-08-01,Burera,off,-1.5714506410885851
1986-09-01,Burera,off,-0.28375928737677514
1986-10-01,Burera,B,-0.276273649406287
1986-11-01,Burera,B,0.16637416421269804
1986-12-01,Burera,B,0.11063252971126587
1987-01-01,Burera,off,0.6784023068171091
1987-02-01,Burera,off,0.050633811312051545
1987-03-01,Burera,A,0.3560436360094517
1987-04-01,Burera,A,-0.4306265446605931
1987-05-01,Burera,A,1.505444350430293
1987-06-01,Burera,off,0.43874046211639156
1987-07-01,Burera,off,-0.505051410040727
1987-08-01,Burera,off,-0.5355657038444706
1987-09-01,Burera,off,0.9901986716358002
1987-10-01,Burera,B,-0.08562728974170106
1987-11-01,Burera,B,1.0361344837763748
1987-12-01,Burera,B,-1.0541910424296013
1988-01-01,Burera,off,-0.16503477707253725
1988-02-01,Burera,off,0.5634550434696122
1988-03-01,Burera,A,0.6635824394111333
1988-04-01,Burera,A,0.6565341391705913
1988-05-01,Burera,A,0.34293876143263013
1988-06-01,Burera,off,-1.6042068643637206
1988-07-01,Burera,off,1.7848553497101196
1988-08-01,Burera,off,3.3253705735980255
1988-09-01,Burera,off,1.7123969317953465
1988-10-01,Burera,B,0.06804172810043381
1988-11-01,Burera,B,-0.4684964980309316
1988-12-01,Burera,B,-0.9184738124803862
1989-01-01,Burera,off,-0.7668667575955789
1989-02-01,Burera,off,-0.9952744408300441
1989-03-01,Burera,A,0.330686619724939
1989-04-01,Burera,A,-0.45753375140731556
1989-05-01,Burera,A,0.3214163875864356
1989-06-01,Burera,off,-0.23323814928134326
1989-07-01,Burera,off,0.7596332187817819
1989-08-01,Burera,off,-0.5198902617476308
1989-09-01,Burera,off,0.06128983918418415
1989-10-01,Burera,B,-0.160688769777466
1989-11-01,Burera,B,-0.6587739333297695
1989-12-01,Burera,B,0.6603467807840925
1990-01-01,Burera,off,-0.3397071868901209
1990-02-01,Burera,off,2.193156649623602
1990-03-01,Burera,A,-0.376381874697914
1990-04-01,Burera,A,1.3316154142675825
1990-05-01,Burera,A,-0.5285148413056445
1990-06-01,Burera,off,-1.5592739357717555
1990-07-01,Burera,off,-0.576240442091666
1990-08-01,Burera,off,-0.6900593624490876
1990-09-01,Burera,off,0.7084500177500287
1990-10-01,Burera,B,-0.3397244241694906
1990-11-01,Burera,B,-0.40078695058243835
1990-12-01,Burera,B,0.1309230903039263
1991-01-01,Burera,off,-0.17543223410731806
1991-02-01,Burera,off,-0.26111129589413584
1991-03-01,Burera,A,-0.974290790198197
1991-04-01,Burera,A,-0.3403844372671838
1991-05-01,Burera,A,2.009603383832298
1991-06-01,Burera,off,0.6368200491047339
1991-07-01,Burera,off,0.4265724802605402
1991-08-01,Burera,off,-1.6948348655256074
1991-09-01,Burera,off,-0.7039486962925634
1991-10-01,Burera,B,0.4357449141322429
1991-11-01,Burera,B,-0.5089116055810294
1991-12-01,Burera,B,-0.23517508372919083
1992-01-01,Burera,off,-1.029712323763014
1992-02-01,Burera,off,-0.9241819491903852
1992-03-01,Burera,A,-0.4970690472541388
1992-04-01,Burera,A,-0.18309152602064344
1992-05-01,Burera,A,-1.0402958618873124
1992-06-01,Burera,off,1.644471895061114
1992-07-01,Burera,off,-0.2594039899598354
1992-08-01,Burera,off,-1.8251031119426946
1992-09-01,Burera,off,1.5656886534732801
1992-10-01,Burera,B,0.5301020026899309
1992-11-01,Burera,B,-0.7471875963140661
1992-12-01,Burera,B,1.1122383067543335
1993-01-01,Burera,off,1.0427513395730237
1993-02-01,Burera,off,0.11922469619597952
1993-03-01,Burera,A,-0.5621177527553207
1993-04-01,Burera,A,-0.7055406522168142
1993-05-01,Burera,A,0.47993285449794676
1993-06-01,Burera,off,0.11095235112443123
1993-07-01,Burera,off,-0.8965495072078143
1993-08-01,Burera,off,0.5505858188073056
1993-09-01,Burera,off,-1.62076832591377
1993-10-01,Burera,B,-1.4549082189439815
1993-11-01,Burera,B,0.11807029929107382
1993-12-01,Burera,B,-0.7076674180271221
1994-01-01,Burera,off,0.3786388557942377
1994-02-01,Burera,off,-0.7673350292539081
1994-03-01,Burera,A,0.2284602822031199
1994-04-01,Burera,A,-0.09447788730204115
1994-05-01,Burera,A,0.16472346177686642
1994-06-01,Burera,off,-0.8107286455045619
1994-07-01,Burera,off,-0.2989802010515403
1994-08-01,Burera,off,0.7821528740607918
1994-09-01,Burera,off,0.055163314104733636
1994-10-01,Burera,B,-0.3758448752115042
1994-11-01,Burera,B,0.1647221223936723
1994-12-01,Burera,B,1.15125244277687
1995-01-01,Burera,off,-0.6248766603944291
1995-02-01,Burera,off,-0.26964309696062544
1995-03-01,Burera,A,-0.4678122479208271
1995-04-01,Burera,A,0.0566302298726936
1995-05-01,Burera,A,0.9340651685521622
1995-06-01,Burera,off,2.990355197477153
1995-07-01,Burera,off,-0.4597230722362002
1995-08-01,Burera,off,-2.101561551615503
1995-09-01,Burera,off,-0.15423788102879973
1995-10-01,Burera,B,0.4914746106530298
1995-11-01,Burera,B,-0.18174620295310107
1995-12-01,Burera,B,-1.085255240385661
1996-01-01,Burera,off,-0.6651575268080328
1996-02-01,Burera,off,0.22229846728820316
1996-03-01,Burera,A,-0.16643705304286094
1996-04-01,Burera,A,-0.5353936222210358
1996-05-01,Burera,A,-0.853633060778625
1996-06-01,Burera,off,1.7777379140031337
1996-07-01,Burera,off,2.5584653795552192
1996-08-01,Burera,off,1.6395323896024567
1996-09-01,Burera,off,0.27432299896172024
1996-10-01,Burera,B,-0.5813004687441838
1996-11-01,Burera,B,0.27418717385901376
1996-12-01,Burera,B,-0.3001256881465011
1997-01-01,Burera,off,1.423784428205097
1997-02-01,Burera,off,-2.0797191234199355
1997-03-01,Burera,A,-0.49428862750460756
1997-04-01,Burera,A,0.33798781880617546
1997-05-01,Burera,A,-0.5824498808142455
1997-06-01,Burera,off,0.2549167108007104
1997-07-01,Burera,off,0.269990362204971
1997-08-01,Burera,off,0.23772339814047827
1997-09-01,Burera,off,0.22707202899249868
1997-10-01,Burera,B,0.5217893945948825
1997-11-01,Burera,B,0.9421693103881336
1997-12-01,Burera,B,1.2233159173514958
1998-01-01,Burera,off,2.382399032883547
1998-02-01,Burera,off,1.3240181416195564
1998-03-01,Burera,A,-0.5385427450469177
1998-04-01,Burera,A,0.20824456401399094
1998-05-01,Burera,A,0.8331396865758373
1998-06-01,Burera,off,0.7203542342910958
1998-07-01,Burera,off,0.2124087063649036
1998-08-01,Burera,off,-0.6272507928104983
1998-09-01,Burera,off,-0.7033885895343504
1998-10-01,Burera,B,0.33437777345931735
1998-11-01,Burera,B,-0.2740494463802996
1998-12-01,Burera,B,-0.5258402677688901
1999-01-01,Burera,off,0.38079421452404005
1999-02-01,Burera,off,-1.7096096597753943
1999-03-01,Burera,A,1.0264329935429444
1999-04-01,Burera,A,-0.6139419127029785
1999-05-01,Burera,A,-1.394301129404319
1999-06-01,Burera,off,-0.34995619367973785
1999-07-01,Burera,off,-0.669345277243595
1999-08-01,Burera,off,2.861088297229704
1999-09-01,Burera,off,-0.1469885102537757
1999-10-01,Burera,B,-0.8569516912828454
1999-11-01,Burera,B,0.46126488094084733
1999-12-01,Burera,B,-0.449502949536337
2000-01-01,Burera,off,-0.6764465704713869
2000-02-01,Burera,off,-1.3028408704659586
2000-03-01,Burera,A,-0.9819466230088385
2000-04-01,Burera,A,-0.8118928024365704
2000-05-01,Burera,A,-1.1146892575857872
2000-06-01,Burera,off,-0.7656990483864036
2000-07-01,Burera,off,0.1258439628823766
2000-08-01,Burera,off,-1.070284511844771
2000-09-01,Burera,off,-1.6972305561876992
2000-10-01,Burera,B,0.5551340380242769
2000-11-01,Burera,B,0.6157453204156782
2000-12-01,Burera,B,-0.10939917513284794
2001-01-01,Burera,off,-0.39911813735645923
2001-02-01,Burera,off,-0.5517235335338267
2001-03-01,Burera,A,0.7612369845717633
2001-04-01,Burera,A,-0.14368966768039848
2001-05-01,Burera,A,-0.9872967251207997
2001-06-01,Burera,off,-0.7144630407163661
2001-07-01,Burera,off,1.009646678671607
2001-08-01,Burera,off,0.6731820084068855
2001-09-01,Burera,off,0.34073094546885535
2001-10-01,Burera,B,-0.23330402364087965
2001-11-01,Burera,B,1.153176903490795
2001-12-01,Burera,B,-0.17470554302017177
2002-01-01,Burera,off,0.636700902234498
2002-02-01,Burera,off,-0.27962413393690977
2002-03-01,Burera,A,-0.6334905714741303
2002-04-01,Burera,A,-0.8508086743198906
2002-05-01,Burera,A,1.637861887588973
2002-06-01,Burera,off,-1.6370527913724395
2002-07-01,Burera,off,-0.18586696093533028
2002-08-01,Burera,off,-1.0579185807996214
2002-09-01,Burera,off,-0.9381902435551311
2002-10-01,Burera,B,0.36239266175449186
2002-11-01,Burera,B,-0.42059537981241196
2002-12-01,Burera,B,0.7245966548546053
2003-01-01,Burera,off,-0.15222602264974788
2003-02-01,Burera,off,-1.131287185299152
2003-03-01,Burera,A,-0.962981865429515
2003-04-01,Burera,A,0.6529725445549339
2003-05-01,Burera,A,0.6268041415781569
2003-06-01,Burera,off,0.1876235368234733
2003-07-01,Burera,off,-0.23580068050219677
2003-08-01,Burera,off,0.8537945361037123
2003-09-01,Burera,off,1.0624549475095342
2003-10-01,Burera,B,0.07260515805176687
2003-11-01,Burera,B,-0.4676128661738509
2003-12-01,Burera,B,-1.048200866559325
2004-01-01,Burera,off,0.8474691533837527
2004-02-01,Burera,off,1.1504617408198492
2004-03-01,Burera,A,-0.3709752506151554
2004-04-01,Burera,A,0.5238021963655752
2004-05-01,Burera,A,-0.9945025950590365
2004-06-01,Burera,off,-1.6817912065841685
2004-07-01,Burera,off,-0.2169805996014737
2004-08-01,Burera,off,-1.1935283223357955
2004-09-01,Burera,off,0.48708602261919215
2004-10-01,Burera,B,-0.7827499205556314
2004-11-01,Burera,B,-0.1513719736910444
2004-12-01,Burera,B,-0.07653811891743954
2005-01-01,Burera,off,-0.22904914099025883
2005-02-01,Burera,off,-0.43363514871918335
2005-03-01,Burera,A,0.38492626991234274
2005-04-01,Burera,A,-0.6281138098131989
2005-05-01,Burera,A,-0.47578478079945097
2005-06-01,Burera,off,-0.9575797253687551
2005-07-01,Burera,off,-0.8078169545551835
2005-08-01,Burera,off,0.9466762998963435
2005-09-01,Burera,off,-0.23388990479047472
2005-10-01,Burera,B,0.3554295579319159
2005-11-01,Burera,B,-1.4361238238702767
2005-12-01,Burera,B,-1.55438017898429
2006-01-01,Burera,off,-0.10153828857857329
2006-02-01,Burera,off,0.4029529467960358
2006-03-01,Burera,A,-0.07891208827816346
2006-04-01,Burera,A,0.5864671025980683
2006-05-01,Burera,A,0.8705088270996312
2006-06-01,Burera,off,-1.2632327704074204
2006-07-01,Burera,off,0.7688860971728114
2006-08-01,Burera,off,3.4057747483743475
2006-09-01,Burera,off,-1.1275790272216117
2006-10-01,Burera,B,-1.054532783139911
2006-11-01,Burera,B,0.786618296102737
2006-12-01,Burera,B,1.2873383641556253
2007-01-01,Burera,off,0.35705050276721323
2007-02-01,Burera,off,1.0238138005895705
2007-03-01,Burera,A,-0.6460896716631833
2007-04-01,Burera,A,-0.47971973721561245
2007-05-01,Burera,A,2.7724396016118433
2007-06-01,Burera,off,1.0035055950791758
2007-07-01,Burera,off,2.2355862826723287
2007-08-01,Burera,off,-0.2903047249321447
2007-09-01,Burera,off,0.5751326247274025
2007-10-01,Burera,B,-0.7319155647885222
2007-11-01,Burera,B,-0.32299976751232967
2007-12-01,Burera,B,-0.9159611878420313
2008-01-01,Burera,off,-0.433337607654283
2008-02-01,Burera,off,-0.5315518635815726
2008-03-01,Burera,A,-0.04548638304849129
2008-04-01,Burera,A,-0.9834513093828756
2008-05-01,Burera,A,0.06027190795655637
2008-06-01,Burera,off,2.482000272519125
2008-07-01,Burera,off,-0.2774693459008166
2008-08-01,Burera,off,0.9166866133727601
2008-09-01,Burera,off,-0.9971312452224441
2008-10-01,Burera,B,-0.40858382626683876
2008-11-01,Burera,B,-0.8810678330953451
2008-12-01,Burera,B,-0.7626496921382778
2009-01-01,Burera,off,-0.46242111409588055
2009-02-01,Burera,off,1.7981968292399062
2009-03-01,Burera,A,-0.19295014337297464
2009-04-01,Burera,A,-0.5795363846092576
2009-05-01,Burera,A,-0.18336061392777273
2009-06-01,Burera,off,-1.0573545141258773
2009-07-01,Burera,off,-0.7041277776490398
2009-08-01,Burera,off,-0.5912264512477804
2009-09-01,Burera,off,-0.8919940902620257
2009-10-01,Burera,B,-0.3775482445238951
2009-11-01,Burera,B,-0.3657712344458496
2009-12-01,Burera,B,-0.42890601959650493
2010-01-01,Burera,off,0.8222432103033105
2010-02-01,Burera,off,5.867462573971141
2010-03-01,Burera,A,0.4855922726001059
2010-04-01,Burera,A,-0.16776760795483622
2010-05-01,Burera,A,-0.6229850553325996
2010-06-01,Burera,off,0.7334469379510646
2010-07-01,Burera,off,-0.6358183029976279
2010-08-01,Burera,off,-2.0945411105454013
2010-09-01,Burera,off,-0.2932482349674941
2010-10-01,Burera,B,1.0941123757525408
2010-11-01,Burera,B,-0.52888369579053
2010-12-01,Burera,B,0.8108822126453984
2011-01-01,Burera,off,0.1592669893456613
2011-02-01,Burera,off,0.275138648386585
2011-03-01,Burera,A,0.35492606631898227
2011-04-01,Burera,A,-0.6313385903193401
2011-05-01,Burera,A,-0.09303716521063726
2011-06-01,Burera,off,2.7417655019228118
2011-07-01,Burera,off,0.5980496109426877
2011-08-01,Burera,off,2.4146672198631305
2011-09-01,Burera,off,1.800954036896341
2011-10-01,Burera,B,0.5185311993897477
2011-11-01,Burera,B,0.11294145163599123
2011-12-01,Burera,B,-0.35271517165135174
2012-01-01,Burera,off,-0.7583060607925257
2012-02-01,Burera,off,-0.9104542264878086
2012-03-01,Burera,A,-0.6545453724706183
2012-04-01,Burera,A,0.867296683382757
2012-05-01,Burera,A,1.6808472365483977
2012-06-01,Burera,off,0.27083475595786577
2012-07-01,Burera,off,-0.2559931749514183
2012-08-01,Burera,off,1.0066909278385432
2012-09-01,Burera,off,0.1234141587126681
2012-10-01,Burera,B,0.5520289867288913
2012-11-01,Burera,B,-0.3355185978842102
2012-12-01,Burera,B,0.5198358750890477
2013-01-01,Burera,off,-0.16890390571640382
2013-02-01,Burera,off,-0.35715023045862376
2013-03-01,Burera,A,1.3940559446980132
2013-04-01,Burera,A,-0.032658294920464105
2013-05-01,Burera,A,-0.7752141663600567
2013-06-01,Burera,off,-1.3976342252470382
2013-07-01,Burera,off,-0.8539577272649098
2013-08-01,Burera,off,-1.0841867620009635
2013-09-01,Burera,off,0.22370873297045124
2013-10-01,Burera,B,-0.7916258033413169
2013-11-01,Burera,B,0.6119849147467518
2013-12-01,Burera,B,1.4681599404520482
2014-01-01,Burera,off,-0.7203175894797119
2014-02-01,Burera,off,0.7852768164826212
2014-03-01,Burera,A,0.21556022843372424
2014-04-01,Burera,A,-0.13383262264747012
2014-05-01,Burera,A,-2.0351990160220583
2014-06-01,Burera,off,-0.11694334997233045
2014-07-01,Burera,off,-0.7360842261018641
2014-08-01,Burera,off,-0.31393272562779884
2014-09-01,Burera,off,-0.0666981481085344
2014-10-01,Burera,B,-0.11727109121655793
2014-11-01,Burera,B,-0.023863275939279505
2014-12-01,Burera,B,-0.6633662706644778
2015-01-01,Burera,off,-1.7236616413258934
2015-02-01,Burera,off,-0.5798677945987557
2015-03-01,Burera,A,0.14623275267382346
2015-04-01,Burera,A,0.1276737932619261
2015-05-01,Burera,A,-0.3753126392705414
2015-06-01,Burera,off,0.20901721341491536
2015-07-01,Burera,off,-0.5442484009863048
2015-08-01,Burera,off,-0.765595985761309
2015-09-01,Burera,off,-0.06374945524256437
2015-10-01,Burera,B,0.15453669554194466
2015-11-01,Burera,B,0.3028850311151499
2015-12-01,Burera,B,-0.12729568726368123
2016-01-01,Burera,off,0.8158321070589185
2016-02-01,Burera,off,-1.749978552781886
2016-03-01,Burera,A,1.1009025826749559
2016-04-01,Burera,A,0.8662528380020234
2016-05-01,Burera,A,-1.0571575199750294
2016-06-01,Burera,off,-1.5334137073977596
2016-07-01,Burera,off,-0.23519673514969613
2016-08-01,Burera,off,-1.438524569248076
2016-09-01,Burera,off,0.3975893460308391
2016-10-01,Burera,B,1.3848206064034234
2016-11-01,Burera,B,1.161603498919079
2016-12-01,Burera,B,-0.7919655757406715
2017-01-01,Burera,off,-0.7259462483556449
2017-02-01,Burera,off,-0.6650166236959977
2017-03-01,Burera,A,-0.6527959167295353
2017-04-01,Burera,A,-0.5699591774894432
2017-05-01,Burera,A,-0.6252711262153505
2017-06-01,Burera,off,-1.3867345344548458
2017-07-01,Burera,off,-0.12884562149606346
2017-08-01,Burera,off,0.4706126575428931
2017-09-01,Burera,off,0.9031066654003442
2017-10-01,Burera,B,0.9946717922194097
2017-11-01,Burera,B,0.2886178048619311
2017-12-01,Burera,B,-1.1383795221297581
2018-01-01,Burera,off,0.2514087497468754
2018-02-01,Burera,off,-0.3166848669217156
2018-03-01,Burera,A,2.2134135975214924
2018-04-01,Burera,A,2.7295006535449904
2018-05-01,Burera,A,0.6926991159687059
2018-06-01,Burera,off,-0.9533973557595896
2018-07-01,Burera,off,-0.6413211064405436
2018-08-01,Burera,off,-0.055111493499417546
2018-09-01,Burera,off,0.17818927100751125
2018-10-01,Burera,B,-0.7454900271132464
2018-11-01,Burera,B,0.056587882070134425
2018-12-01,Burera,B,1.7044535275894952
2019-01-01,Burera,off,0.7835688932673704
2019-02-01,Burera,off,-0.6275159208020974
2019-03-01,Burera,A,-1.2085625492869025
2019-04-01,Burera,A,-0.16301836479062484
2019-05-01,Burera,A,0.8555861649451989
2019-06-01,Burera,off,0.46933581772041233
2019-07-01,Burera,off,0.12408110166254105
2019-08-01,Burera,off,-1.0646194100991442
2019-09-01,Burera,off,-0.1656207281029942
2019-10-01,Burera,B,-0.15149110891446999
2019-11-01,Burera,B,0.4479896717621497
2019-12-01,Burera,B,0.3809736918720689
2020-01-01,Burera,off,1.1082878251399295
2020-02-01,Burera,off,-0.25541905708031193
2020-03-01,Burera,A,-0.05306844496215545
2020-04-01,Burera,A,1.034304630103205
2020-05-01,Burera,A,-1.6335138847434116
2020-06-01,Burera,off,-0.14334676228905027
2020-07-01,Burera,off,-0.7341782255823992
2020-08-01,Burera,off,-1.4882828645569273
2020-09-01,Burera,off,-0.12173414895599605
2020-10-01,Burera,B,1.1657640191119627
2020-11-01,Burera,B,0.039356554220805556
2020-12-01,Burera,B,1.2030424309828596
2021-01-01,Burera,off,1.4094923942457576
2021-02-01,Burera,off,0.743190251880587
2021-03-01,Burera,A,-0.4130092298683032
2021-04-01,Burera,A,-0.6923808629290285
2021-05-01,Burera,A,-0.18357329633220945
2021-06-01,Burera,off,-1.4252817964362998
2021-07-01,Burera,off,1.3089146627339003
2021-08-01,Burera,off,0.07695542807943904
2021-09-01,Burera,off,0.14580717822236436
2021-10-01,Burera,B,-0.24918589380497924
2021-11-01,Burera,B,-0.8703497044302412
2021-12-01,Burera,B,0.4657257257863127
2022-01-01,Burera,off,0.4421971888513448
2022-02-01,Burera,off,2.935683147807404
2022-03-01,Burera,A,-0.43263440818368293
2022-04-01,Burera,A,-0.6148204665507314
2022-05-01,Burera,A,2.1384359745204984
2022-06-01,Burera,off,-1.0111798608447418
2022-07-01,Burera,off,-0.3522182138990446
2022-08-01,Burera,off,2.059572509702734
2022-09-01,Burera,off,0.031006839387871153
2022-10-01,Burera,B,-0.537390607623227
2022-11-01,Burera,B,0.718469034974978
2022-12-01,Burera,B,0.6212582798772495
2023-01-01,Burera,off,1.389449794246188
2023-02-01,Burera,off,-1.784364048361745
2023-03-01,Burera,A,0.7485704726442031
2023-04-01,Burera,A,0.9256986823122748
2023-05-01,Burera,A,1.9796246103700452
2023-06-01,Burera,off,-0.8497665526670934
2023-07-01,Burera,off,-0.8200921569474364
2023-08-01,Burera,off,-2.3196464804569943
2023-09-01,Burera,off,0.22890314052118943
2023-10-01,Burera,B,-1.0166816277215331
2023-11-01,Burera,B,0.3477550669310381
2023-12-01,Burera,B,0.33151540675191865
2024-01-01,Burera,off,-0.32930934551059704
2024-02-01,Burera,off,-1.3283317086017914
2024-03-01,Burera,A,-1.1622155232120728
2024-04-01,Burera,A,0.508026614993048
2024-05-01,Burera,A,-1.1969154710255099
2024-06-01,Burera,off,-1.6288447599878366
2024-07-01,Burera,off,-0.33042839434598476
2024-08-01,Burera,off,-1.276228188260245
2024-09-01,Burera,off,0.3812354539354664
2024-10-01,Burera,B,0.07405478995311565
2024-11-01,Burera,B,3.9330850668761466
2024-12-01,Burera,B,-0.15857744763772832
2025-01-01,Burera,off,-0.10571442714418214
2025-02-01,Burera,off,-0.8929769645903951
2025-03-01,Burera,A,-1.3391881314934049
2025-04-01,Burera,A,1.0259635688503872
2025-05-01,Burera,A,0.17650421048104448
2025-06-01,Burera,off,2.2384356049520964
2025-07-01,Burera,off,0.22524522678365072
2025-08-01,Burera,off,1.0043030987734618
2025-09-01,Burera,off,-1.1364282621051378
2025-10-01,Burera,B,0.7684719831827719
2025-11-01,Burera,B,-0.7006228564127142
2025-12-01,Burera,B,1.0111323923915276
2026-01-01,Burera,off,2.1811160605797393
2026-02-01,Burera,off,0.3790209992897715
2026-03-01,Burera,A,0.0869931151414345
2026-04-01,Burera,A,0.1451930419107764
2026-05-01,Burera,A,-1.8500244909315753
2026-06-01,Burera,off,-1.4274616484083409
2026-07-01,Burera,off,0.6784943166191492
2026-08-01,Burera,off,-1.6530861166587822
2026-09-01,Burera,off,-0.5566819534125491
1981-01-01,Gakenke,off,0.23529675478143958
1981-02-01,Gakenke,off,-1.0774170500639415
1981-03-01,Gakenke,A,0.3665460979611313
1981-04-01,Gakenke,A,1.342155572266158
1981-05-01,Gakenke,A,0.24126796607174852
1981-06-01,Gakenke,off,-0.010267603608879218
1981-07-01,Gakenke,off,0.15755147647263057
1981-08-01,Gakenke,off,1.1593074554706313
1981-09-01,Gakenke,off,0.291094827725702
1981-10-01,Gakenke,B,-0.02564735372720526
1981-11-01,Gakenke,B,-0.7573659667873317
1981-12-01,Gakenke,B,-0.0612267977999083
1982-01-01,Gakenke,off,0.5869813166325578
1982-02-01,Gakenke,off,-0.3028733648692151
1982-03-01,Gakenke,A,-1.0327319590482977
1982-04-01,Gakenke,A,1.3980526500037274
1982-05-01,Gakenke,A,0.6221867710447342
1982-06-01,Gakenke,off,1.3689380163381304
1982-07-01,Gakenke,off,-0.5119694512431422
1982-08-01,Gakenke,off,-1.6511493931424548
1982-09-01,Gakenke,off,0.9415322865431839
1982-10-01,Gakenke,B,-0.086579605532284
1982-11-01,Gakenke,B,0.7758992487727119
1982-12-01,Gakenke,B,0.2607121000592164
1983-01-01,Gakenke,off,-1.6551698849607748
1983-02-01,Gakenke,off,0.10566825609680282
1983-03-01,Gakenke,A,0.3217167631730935
1983-04-01,Gakenke,A,0.5788297290352364
1983-05-01,Gakenke,A,-1.2686670938762492
1983-06-01,Gakenke,off,-0.749184902611117
1983-07-01,Gakenke,off,0.14987994078798691
1983-08-01,Gakenke,off,0.9851304175805025
1983-09-01,Gakenke,off,0.05931900738048831
1983-10-01,Gakenke,B,0.896564874910512
1983-11-01,Gakenke,B,0.8749163981982229
1983-12-01,Gakenke,B,-0.5659486478424602
1984-01-01,Gakenke,off,-0.16800130784332198
1984-02-01,Gakenke,off,-0.10318680803913541
1984-03-01,Gakenke,A,-0.32998322382600076
1984-04-01,Gakenke,A,-0.504550737333356
1984-05-01,Gakenke,A,-2.085335559824092
1984-06-01,Gakenke,off,-1.4667142497698034
1984-07-01,Gakenke,off,1.693508088470824
1984-08-01,Gakenke,off,0.5301800270268167
1984-09-01,Gakenke,off,-1.0260243230777555
1984-10-01,Gakenke,B,0.12830125944943518
1984-11-01,Gakenke,B,-0.10300755526348687
1984-12-01,Gakenke,B,-0.7269144344629376
1985-01-01,Gakenke,off,-0.42370554258307247
1985-02-01,Gakenke,off,-0.47376507774609977
1985-03-01,Gakenke,A,-0.6172319953482065
1985-04-01,Gakenke,A,1.0781244934116792
1985-05-01,Gakenke,A,-0.7778619960916773
1985-06-01,Gakenke,off,-0.25958291232155184
1985-07-01,Gakenke,off,-0.07741515014285805
1985-08-01,Gakenke,off,-1.8342796635804315
1985-09-01,Gakenke,off,1.6775078719510903
1985-10-01,Gakenke,B,0.44568130605481293
1985-11-01,Gakenke,B,1.0230166154527314
1985-12-01,Gakenke,B,-0.42831367360070266
1986-01-01,Gakenke,off,-0.2432547354667152
1986-02-01,Gakenke,off,0.5932531044271231
1986-03-01,Gakenke,A,-0.4749407123571535
1986-04-01,Gakenke,A,1.041909455040771
1986-05-01,Gakenke,A,0.038208734260685745
1986-06-01,Gakenke,off,-0.1450547151009601
1986-07-01,Gakenke,off,-0.7037841140262283
1986-08-01,Gakenke,off,-1.6636541861028618
1986-09-01,Gakenke,off,-0.589299986962675
1986-10-01,Gakenke,B,0.53536891789113
1986-11-01,Gakenke,B,0.2642359315601352
1986-12-01,Gakenke,B,0.5427309383657575
1987-01-01,Gakenke,off,0.9974683918055263
1987-02-01,Gakenke,off,0.16590282132381878
1987-03-01,Gakenke,A,0.12281247111081726
1987-04-01,Gakenke,A,-0.31853172876892977
1987-05-01,Gakenke,A,2.1969696811860273
1987-06-01,Gakenke,off,0.6119332184023802
1987-07-01,Gakenke,off,-0.6261103676267724
1987-08-01,Gakenke,off,-0.4750807595018118
1987-09-01,Gakenke,off,1.4233347829629168
1987-10-01,Gakenke,B,-0.33771638426168454
1987-11-01,Gakenke,B,0.8757857791693555
1987-12-01,Gakenke,B,-1.009900322737292
1988-01-01,Gakenke,off,-0.14035222118330112
1988-02-01,Gakenke,off,0.8642696538188347
1988-03-01,Gakenke,A,0.8179015926333633
1988-04-01,Gakenke,A,1.1843714973672559
1988-05-01,Gakenke,A,0.710188407168813
1988-06-01,Gakenke,off,-1.4336358733792396
1988-07-01,Gakenke,off,1.854545507185402
1988-08-01,Gakenke,off,3.0267046982339467
1988-09-01,Gakenke,off,1.549207722826839
1988-10-01,Gakenke,B,0.41388411447207873
1988-11-01,Gakenke,B,-0.02208305872013963
1988-12-01,Gakenke,B,-0.5595920814886604
1989-01-01,Gakenke,off,-0.10867176709409174
1989-02-01,Gakenke,off,-0.8511797430867705
1989-03-01,Gakenke,A,0.32574543674575174
1989-04-01,Gakenke,A,-0.13038774606257775
1989-05-01,Gakenke,A,-0.09243036136178939
1989-06-01,Gakenke,off,-0.07982059704981105
1989-07-01,Gakenke,off,0.5577543090757499
1989-08-01,Gakenke,off,0.04457236920496811
1989-09-01,Gakenke,off,0.5500608997213454
1989-10-01,Gakenke,B,-0.04273614431285487
1989-11-01,Gakenke,B,-0.10492671654017253
1989-12-01,Gakenke,B,1.2322003634802783
1990-01-01,Gakenke,off,0.20678031310850384
1990-02-01,Gakenke,off,2.9891986569500046
1990-03-01,Gakenke,A,-0.19342836360485716
1990-04-01,Gakenke,A,1.7198970402515215
1990-05-01,Gakenke,A,-0.22480878664009818
1990-06-01,Gakenke,off,-1.5108810071677796
1990-07-01,Gakenke,off,-0.5280350661393861
1990-08-01,Gakenke,off,-0.2637895028732316
1990-09-01,Gakenke,off,0.682893340009752
1990-10-01,Gakenke,B,-0.5157587166654013
1990-11-01,Gakenke,B,0.1873372366266979
1990-12-01,Gakenke,B,0.18526296709839
1991-01-01,Gakenke,off,-0.09647245969054544
1991-02-01,Gakenke,off,-0.15518018711010206
1991-03-01,Gakenke,A,-0.8719143456686235
1991-04-01,Gakenke,A,-0.5115499999707578
1991-05-01,Gakenke,A,1.6198484331975191
1991-06-01,Gakenke,off,0.1530038125156307
1991-07-01,Gakenke,off,-0.04977251983319894
1991-08-01,Gakenke,off,-1.195885747148198
1991-09-01,Gakenke,off,-0.952188264728272
1991-10-01,Gakenke,B,0.9307658325227766
1991-11-01,Gakenke,B,-0.688949034982391
1991-12-01,Gakenke,B,0.4423980515263407
1992-01-01,Gakenke,off,-0.883288709602148
1992-02-01,Gakenke,off,-0.8724332024733028
1992-03-01,Gakenke,A,-0.3954005241212082
1992-04-01,Gakenke,A,0.4401156648836121
1992-05-01,Gakenke,A,-0.6429264887260223
1992-06-01,Gakenke,off,1.2446151905378848
1992-07-01,Gakenke,off,-0.2905491382178054
1992-08-01,Gakenke,off,-1.72944166903821
1992-09-01,Gakenke,off,1.0374678199410061
1992-10-01,Gakenke,B,0.5886464984439754
1992-11-01,Gakenke,B,-0.5679942534014896
1992-12-01,Gakenke,B,1.1307795593416212
1993-01-01,Gakenke,off,1.148752647294068
1993-02-01,Gakenke,off,-0.17580627847932212
1993-03-01,Gakenke,A,-0.7966827249251588
1993-04-01,Gakenke,A,-0.9106479617891166
1993-05-01,Gakenke,A,0.3915396431907871
1993-06-01,Gakenke,off,-0.41505171771743443
1993-07-01,Gakenke,off,-0.7002720152723464
1993-08-01,Gakenke,off,1.0545861872902953
1993-09-01,Gakenke,off,-1.8384026332632872
1993-10-01,Gakenke,B,-1.311187793617845
1993-11-01,Gakenke,B,-0.1759532161082461
1993-12-01,Gakenke,B,-0.25242788466585214
1994-01-01,Gakenke,off,0.8417899776556563
1994-02-01,Gakenke,off,-0.8217523771676138
1994-03-01,Gakenke,A,0.4102770183147698
1994-04-01,Gakenke,A,-0.20849284345603333
1994-05-01,Gakenke,A,-0.24365189006707508
1994-06-01,Gakenke,off,-0.8541640018036596
1994-07-01,Gakenke,off,-0.18161618119533274
1994-08-01,Gakenke,off,0.9515934510763945
1994-09-01,Gakenke,off,0.19730250209375882
1994-10-01,Gakenke,B,-0.4532439020702592
1994-11-01,Gakenke,B,0.4430816231867167
1994-12-01,Gakenke,B,0.7144362404413391
1995-01-01,Gakenke,off,-0.22530074940602884
1995-02-01,Gakenke,off,-0.44585895042020973
1995-03-01,Gakenke,A,-0.2364723505432779
1995-04-01,Gakenke,A,0.02220160499341011
1995-05-01,Gakenke,A,0.6918475187468764
1995-06-01,Gakenke,off,4.939214776356016
1995-07-01,Gakenke,off,-0.5332861494683045
1995-08-01,Gakenke,off,-1.9133100005072883
1995-09-01,Gakenke,off,-0.45888621796782586
1995-10-01,Gakenke,B,0.12910596560056525
1995-11-01,Gakenke,B,0.33723599272251203
1995-12-01,Gakenke,B,-1.184533802334723
1996-01-01,Gakenke,off,-0.8160524884354412
1996-02-01,Gakenke,off,0.0863950929458982
1996-03-01,Gakenke,A,-0.43042974243178406
1996-04-01,Gakenke,A,-0.4455900322960019
1996-05-01,Gakenke,A,-0.8057761604606045
1996-06-01,Gakenke,off,0.8085762850668192
1996-07-01,Gakenke,off,1.7272917320853063
1996-08-01,Gakenke,off,1.8462892710540257
1996-09-01,Gakenke,off,0.21206975606388215
1996-10-01,Gakenke,B,-1.1219190478886352
1996-11-01,Gakenke,B,-0.36539570445202
1996-12-01,Gakenke,B,-0.6384096705394571
1997-01-01,Gakenke,off,1.5344777821091526
1997-02-01,Gakenke,off,-1.63332896448115
1997-03-01,Gakenke,A,-0.6040236605678566
1997-04-01,Gakenke,A,-0.02169278347240709
1997-05-01,Gakenke,A,-0.9576606116367451
1997-06-01,Gakenke,off,-0.1615262785920216
1997-07-01,Gakenke,off,-0.09267762844900851
1997-08-01,Gakenke,off,-0.019189422672725005
1997-09-01,Gakenke,off,1.0092876984637258
1997-10-01,Gakenke,B,0.7419678326564134
1997-11-01,Gakenke,B,0.35103861229038846
1997-12-01,Gakenke,B,1.246788487122778
1998-01-01,Gakenke,off,1.8771801914154564
1998-02-01,Gakenke,off,1.8770522888884615
1998-03-01,Gakenke,A,-0.142205794845621
1998-04-01,Gakenke,A,-0.2145917235089274
1998-05-01,Gakenke,A,0.6582607604235128
1998-06-01,Gakenke,off,1.5067337314406202
1998-07-01,Gakenke,off,0.3750737679670273
1998-08-01,Gakenke,off,-0.89413499973427
1998-09-01,Gakenke,off,-0.4398470529909833
1998-10-01,Gakenke,B,0.15391578313587362
1998-11-01,Gakenke,B,-0.6916384833837936
1998-12-01,Gakenke,B,-1.0620504909373027
1999-01-01,Gakenke,off,0.3736429516737433
1999-02-01,Gakenke,off,-1.9119525973702727
1999-03-01,Gakenke,A,1.3283169975057496
1999-04-01,Gakenke,A,-0.3539030668588501
1999-05-01,Gakenke,A,-1.635477726934667
1999-06-01,Gakenke,off,-0.7297168244691179
1999-07-01,Gakenke,off,-0.5516712082320268
1999-08-01,Gakenke,off,2.7973559424377603
1999-09-01,Gakenke,off,0.15561507228782456
1999-10-01,Gakenke,B,-1.2353754130276975
1999-11-01,Gakenke,B,0.5917707041207761
1999-12-01,Gakenke,B,-0.37255816804227376
2000-01-01,Gakenke,off,-0.9673488551467305
2000-02-01,Gakenke,off,-1.2628015107041881
2000-03-01,Gakenke,A,-1.127177322256061
2000-04-01,Gakenke,A,-1.132922338650935
2000-05-01,Gakenke,A,-0.9412346210739276
2000-06-01,Gakenke,off,-0.9979735512404836
2000-07-01,Gakenke,off,-0.060800177752294626
2000-08-01,Gakenke,off,-1.2868383472582492
2000-09-01,Gakenke,off,-1.7422913980825157
2000-10-01,Gakenke,B,0.1648041285984556
2000-11-01,Gakenke,B,0.41601181586545066
2000-12-01,Gakenke,B,-0.3563544763013965
2001-01-01,Gakenke,off,-0.30621056331812313
2001-02-01,Gakenke,off,-0.5101350573940521
2001-03-01,Gakenke,A,0.8861893529045128
2001-04-01,Gakenke,A,-0.24235948456758138
2001-05-01,Gakenke,A,-0.9948187892158499
2001-06-01,Gakenke,off,-0.724859689828655
2001-07-01,Gakenke,off,1.3289250632618073
2001-08-01,Gakenke,off,0.40730019553243624
2001-09-01,Gakenke,off,-0.10899666622859147
2001-10-01,Gakenke,B,0.09593785707161041
2001-11-01,Gakenke,B,1.1350706946881255
2001-12-01,Gakenke,B,-0.35538368610302856
2002-01-01,Gakenke,off,0.31021906068438215
2002-02-01,Gakenke,off,-0.710630650582658
2002-03-01,Gakenke,A,-0.6137185162711435
2002-04-01,Gakenke,A,-0.7723499314968403
2002-05-01,Gakenke,A,1.6269330532393587
2002-06-01,Gakenke,off,-1.5391251355667497
2002-07-01,Gakenke,off,-0.09545836741819971
2002-08-01,Gakenke,off,-1.0814610073763353
2002-09-01,Gakenke,off,-1.2346638007698023
2002-10-01,Gakenke,B,-0.22144057544617568
2002-11-01,Gakenke,B,-0.43888455586333974
2002-12-01,Gakenke,B,0.3484463319619312
2003-01-01,Gakenke,off,-0.5034441077497035
2003-02-01,Gakenke,off,-1.1458473064402328
2003-03-01,Gakenke,A,-1.0636839030522853
2003-04-01,Gakenke,A,0.4113764902548311
2003-05-01,Gakenke,A,0.7713811281844363
2003-06-01,Gakenke,off,-0.026155457369040458
2003-07-01,Gakenke,off,0.03487643373274263
2003-08-01,Gakenke,off,0.5313939210795835
2003-09-01,Gakenke,off,0.56860839135486
2003-10-01,Gakenke,B,0.30408234419203956
2003-11-01,Gakenke,B,-0.5186467534986223
2003-12-01,Gakenke,B,-1.2307542579929585
2004-01-01,Gakenke,off,0.5522746486807466
2004-02-01,Gakenke,off,0.5819945095345691
2004-03-01,Gakenke,A,-0.3806296857634699
2004-04-01,Gakenke,A,0.3999070064698553
2004-05-01,Gakenke,A,-1.228080805756159
2004-06-01,Gakenke,off,-1.590660614685763
2004-07-01,Gakenke,off,-0.02794464563395967
2004-08-01,Gakenke,off,-1.1138161389467143
2004-09-01,Gakenke,off,0.09307674767205407
2004-10-01,Gakenke,B,-0.6759891806378624
2004-11-01,Gakenke,B,0.5270480625979442
2004-12-01,Gakenke,B,0.20492607154786954
2005-01-01,Gakenke,off,-0.4947571439960879
2005-02-01,Gakenke,off,-0.4095380946931998
2005-03-01,Gakenke,A,0.1357871194029855
2005-04-01,Gakenke,A,-0.7758636777332285
2005-05-01,Gakenke,A,-0.6015165038794281
2005-06-01,Gakenke,off,-1.0940982223089906
2005-07-01,Gakenke,off,-0.5831217049319705
2005-08-01,Gakenke,off,0.8342622961360567
2005-09-01,Gakenke,off,0.0244480809701623
2005-10-01,Gakenke,B,0.5867433778584483
2005-11-01,Gakenke,B,-1.480551232705899
2005-12-01,Gakenke,B,-1.5877503702336246
2006-01-01,Gakenke,off,-0.4638342313054508
2006-02-01,Gakenke,off,0.38957480880111106
2006-03-01,Gakenke,A,-0.1930536726511017
2006-04-01,Gakenke,A,0.5213593611625195
2006-05-01,Gakenke,A,0.9310116191020678
2006-06-01,Gakenke,off,-1.2420141330239467
2006-07-01,Gakenke,off,0.6405285054712004
2006-08-01,Gakenke,off,2.4513478038247416
2006-09-01,Gakenke,off,-1.263847328146415
2006-10-01,Gakenke,B,-1.2298113525491714
2006-11-01,Gakenke,B,0.7247020601493797
2006-12-01,Gakenke,B,1.588817098347358
2007-01-01,Gakenke,off,0.11130656460448994
2007-02-01,Gakenke,off,0.8975411196117719
2007-03-01,Gakenke,A,-0.7360951643079306
2007-04-01,Gakenke,A,-0.18386596326873492
2007-05-01,Gakenke,A,3.316923724871741
2007-06-01,Gakenke,off,0.8598342524366608
2007-07-01,Gakenke,off,1.8975582587460365
2007-08-01,Gakenke,off,-0.4659888378692092
2007-09-01,Gakenke,off,0.2327454611461415
2007-10-01,Gakenke,B,-0.7102683936691683
2007-11-01,Gakenke,B,-0.3194823818331509
2007-12-01,Gakenke,B,-1.1230770722474948
2008-01-01,Gakenke,off,-0.7796627278657775
2008-02-01,Gakenke,off,-0.5922273073483563
2008-03-01,Gakenke,A,-0.39313886458946773
2008-04-01,Gakenke,A,-0.9861437697104034
2008-05-01,Gakenke,A,-0.027608503544519537
2008-06-01,Gakenke,off,2.610474988836755
2008-07-01,Gakenke,off,-0.38993210668114486
2008-08-01,Gakenke,off,0.5249518637416833
2008-09-01,Gakenke,off,-0.8824717920435247
2008-10-01,Gakenke,B,-0.3665002301559851
2008-11-01,Gakenke,B,-1.010196313006465
2008-12-01,Gakenke,B,-0.639653686806153
2009-01-01,Gakenke,off,-0.4986302417883037
2009-02-01,Gakenke,off,1.769096767652573
2009-03-01,Gakenke,A,0.02531117256551162
2009-04-01,Gakenke,A,-0.09276751643033915
2009-05-01,Gakenke,A,0.8088836852655115
2009-06-01,Gakenke,off,-0.9850595926417163
2009-07-01,Gakenke,off,-0.5848867931994176
2009-08-01,Gakenke,off,-1.004826677726937
2009-09-01,Gakenke,off,-1.2210429385962493
2009-10-01,Gakenke,B,0.25402721715788024
2009-11-01,Gakenke,B,-0.2764544133226116
2009-12-01,Gakenke,B,-0.709663878905809
2010-01-01,Gakenke,off,0.8839745464394497
2010-02-01,Gakenke,off,4.857613520715087
2010-03-01,Gakenke,A,0.37740729335727774
2010-04-01,Gakenke,A,-0.19385604115813393
2010-05-01,Gakenke,A,-0.5910868375834979
2010-06-01,Gakenke,off,0.6140345823389308
2010-07-01,Gakenke,off,-0.4213702583939306
2010-08-01,Gakenke,off,-1.9478355900947277
2010-09-01,Gakenke,off,0.4606062730799812
2010-10-01,Gakenke,B,0.5101221390159898
2010-11-01,Gakenke,B,-0.7156763551802403
2010-12-01,Gakenke,B,0.5676193897958174
2011-01-01,Gakenke,off,0.23237606885233722
2011-02-01,Gakenke,off,0.2869552719013994
2011-03-01,Gakenke,A,0.12151112690556447
2011-04-01,Gakenke,A,-0.7569060074822458
2011-05-01,Gakenke,A,-0.09455141716694371
2011-06-01,Gakenke,off,2.9543979823105966
2011-07-01,Gakenke,off,0.6329119600810177
2011-08-01,Gakenke,off,1.9917737313543653
2011-09-01,Gakenke,off,1.503390510775253
2011-10-01,Gakenke,B,0.3482762405248123
2011-11-01,Gakenke,B,0.3756464907706736
2011-12-01,Gakenke,B,-0.2170494779854493
2012-01-01,Gakenke,off,-0.876790025618919
2012-02-01,Gakenke,off,-0.8285623462913907
2012-03-01,Gakenke,A,-0.6264038421456319
2012-04-01,Gakenke,A,0.7162081190083045
2012-05-01,Gakenke,A,1.1713696767453745
2012-06-01,Gakenke,off,-0.09329166076333176
2012-07-01,Gakenke,off,-0.19531022276074536
2012-08-01,Gakenke,off,0.9794909068558514
2012-09-01,Gakenke,off,-0.0985037054358384
2012-10-01,Gakenke,B,0.6056492971217888
2012-11-01,Gakenke,B,-0.3869634545215096
2012-12-01,Gakenke,B,0.24556516816126442
2013-01-01,Gakenke,off,-0.33759437037148415
2013-02-01,Gakenke,off,-0.41986748718902744
2013-03-01,Gakenke,A,1.2373823638603254
2013-04-01,Gakenke,A,-0.19793272548787924
2013-05-01,Gakenke,A,-0.8824840591092119
2013-06-01,Gakenke,off,-1.396110674545343
2013-07-01,Gakenke,off,-0.8002774315687562
2013-08-01,Gakenke,off,-0.8500711988612868
2013-09-01,Gakenke,off,0.555149783944882
2013-10-01,Gakenke,B,-0.7283590539880305
2013-11-01,Gakenke,B,0.09724704908204487
2013-12-01,Gakenke,B,1.3373674092581813
2014-01-01,Gakenke,off,-0.8048161345567195
2014-02-01,Gakenke,off,0.8081945255225813
2014-03-01,Gakenke,A,0.03977857358788224
2014-04-01,Gakenke,A,-0.25940776712052993
2014-05-01,Gakenke,A,-1.9331572667850192
2014-06-01,Gakenke,off,-0.4331089051991623
2014-07-01,Gakenke,off,-0.5771260930899496
2014-08-01,Gakenke,off,-0.21697477355910763
2014-09-01,Gakenke,off,0.1282019652335264
2014-10-01,Gakenke,B,-0.0361715276344656
2014-11-01,Gakenke,B,-0.1796556770130543
2014-12-01,Gakenke,B,-0.6083600794200016
2015-01-01,Gakenke,off,-1.715799890515812
2015-02-01,Gakenke,off,-0.24810103902286457
2015-03-01,Gakenke,A,-0.035015351127606585
2015-04-01,Gakenke,A,0.08667171416398599
2015-05-01,Gakenke,A,-0.39392970071895694
2015-06-01,Gakenke,off,0.20127594047590697
2015-07-01,Gakenke,off,-0.5439309346793066
2015-08-01,Gakenke,off,-1.1708175642820318
2015-09-01,Gakenke,off,-0.13968743972880546
2015-10-01,Gakenke,B,0.11092354718509503
2015-11-01,Gakenke,B,0.5114884363322105
2015-12-01,Gakenke,B,-0.1209386101487501
2016-01-01,Gakenke,off,0.7054956868298045
2016-02-01,Gakenke,off,-1.5781907194122249
2016-03-01,Gakenke,A,1.077077818833283
2016-04-01,Gakenke,A,0.716784170171879
2016-05-01,Gakenke,A,-1.087398923935726
2016-06-01,Gakenke,off,-1.1148597634561461
2016-07-01,Gakenke,off,-0.3124342735657707
2016-08-01,Gakenke,off,-1.564703681797378
2016-09-01,Gakenke,off,0.7886182589854678
2016-10-01,Gakenke,B,1.8489417846787042
2016-11-01,Gakenke,B,0.8915972698890308
2016-12-01,Gakenke,B,-0.8117852638485531
2017-01-01,Gakenke,off,-0.7697359889997548
2017-02-01,Gakenke,off,-0.7046533168911445
2017-03-01,Gakenke,A,-0.5174073568619274
2017-04-01,Gakenke,A,-0.40768309618114457
2017-05-01,Gakenke,A,-0.22911673076081956
2017-06-01,Gakenke,off,-1.3021187475024731
2017-07-01,Gakenke,off,-0.3219765256361089
2017-08-01,Gakenke,off,0.6643694251866972
2017-09-01,Gakenke,off,0.8930758854382703
2017-10-01,Gakenke,B,0.6158878443153714
2017-11-01,Gakenke,B,0.08547907040922124
2017-12-01,Gakenke,B,-0.9012197310924953
2018-01-01,Gakenke,off,0.5318011164179202
2018-02-01,Gakenke,off,-0.603908470372091
2018-03-01,Gakenke,A,2.0537594369057195
2018-04-01,Gakenke,A,2.4260579121134787
2018-05-01,Gakenke,A,0.2813785992763908
2018-06-01,Gakenke,off,-0.9399040785807451
2018-07-01,Gakenke,off,-0.6908081744639887
2018-08-01,Gakenke,off,0.30146095462876127
2018-09-01,Gakenke,off,-0.05012655046579636
2018-10-01,Gakenke,B,-0.6793748128461231
2018-11-01,Gakenke,B,-0.09172425926497953
2018-12-01,Gakenke,B,1.5890238462702366
2019-01-01,Gakenke,off,0.7466012770201174
2019-02-01,Gakenke,off,-0.8124677446083509
2019-03-01,Gakenke,A,-1.1990847685677255
2019-04-01,Gakenke,A,0.0686767525417799
2019-05-01,Gakenke,A,1.144572883991305
2019-06-01,Gakenke,off,0.32264536446133785
2019-07-01,Gakenke,off,-0.0072211635590228845
2019-08-01,Gakenke,off,-0.7995533184807645
2019-09-01,Gakenke,off,-0.009932763921149501
2019-10-01,Gakenke,B,0.1334947254171956
2019-11-01,Gakenke,B,0.48083034532279345
2019-12-01,Gakenke,B,0.434416755735631
2020-01-01,Gakenke,off,1.084018929790874
2020-02-01,Gakenke,off,0.513190463867245
2020-03-01,Gakenke,A,-0.16428350754058513
2020-04-01,Gakenke,A,0.9961998636707329
2020-05-01,Gakenke,A,-1.7042686706634111
2020-06-01,Gakenke,off,-0.3413971829978646
2020-07-01,Gakenke,off,-0.6622749462801107
2020-08-01,Gakenke,off,-1.4313440471070153
2020-09-01,Gakenke,off,-0.5922041980667164
2020-10-01,Gakenke,B,1.6990271103397578
2020-11-01,Gakenke,B,-0.043565451385190426
2020-12-01,Gakenke,B,1.2008181593828693
2021-01-01,Gakenke,off,1.373569946798991
2021-02-01,Gakenke,off,1.0583625734067474
2021-03-01,Gakenke,A,-0.45579128850042494
2021-04-01,Gakenke,A,-0.641424274103047
2021-05-01,Gakenke,A,0.640267913812632
2021-06-01,Gakenke,off,-1.3965221666961618
2021-07-01,Gakenke,off,0.9932236753917961
2021-08-01,Gakenke,off,-0.03244610215931844
2021-09-01,Gakenke,off,0.21292570114727893
2021-10-01,Gakenke,B,0.1488812101768462
2021-11-01,Gakenke,B,-0.773680763412625
2021-12-01,Gakenke,B,0.4625824951358986
2022-01-01,Gakenke,off,0.4053356283020854
2022-02-01,Gakenke,off,2.573753271673747
2022-03-01,Gakenke,A,-0.43243855792539027
2022-04-01,Gakenke,A,-0.6640399454944502
2022-05-01,Gakenke,A,1.4178653414121078
2022-06-01,Gakenke,off,-0.5257940335338874
2022-07-01,Gakenke,off,-0.30844657555463295
2022-08-01,Gakenke,off,2.3045921437963552
2022-09-01,Gakenke,off,-0.0036703712295240247
2022-10-01,Gakenke,B,-0.5160733079025995
2022-11-01,Gakenke,B,0.40303766849701733
2022-12-01,Gakenke,B,1.138138952749549
2023-01-01,Gakenke,off,1.2312418737425148
2023-02-01,Gakenke,off,-1.8287722520105103
2023-03-01,Gakenke,A,0.6482684896013183
2023-04-01,Gakenke,A,0.9843065650110593
2023-05-01,Gakenke,A,1.869463483541557
2023-06-01,Gakenke,off,-1.23765215592968
2023-07-01,Gakenke,off,-0.5954621837756691
2023-08-01,Gakenke,off,-2.195414285271376
2023-09-01,Gakenke,off,0.5870691007342007
2023-10-01,Gakenke,B,-0.9729272197807997
2023-11-01,Gakenke,B,0.2600068662302134
2023-12-01,Gakenke,B,0.18147331206878148
2024-01-01,Gakenke,off,-0.2671474729596831
2024-02-01,Gakenke,off,-1.507127863912631
2024-03-01,Gakenke,A,-1.1044905308259307
2024-04-01,Gakenke,A,0.9629792917292691
2024-05-01,Gakenke,A,-1.1308513974825547
2024-06-01,Gakenke,off,-1.4487723192736717
2024-07-01,Gakenke,off,-0.45773721023619607
2024-08-01,Gakenke,off,-1.4550995537598796
2024-09-01,Gakenke,off,0.12283698297891509
2024-10-01,Gakenke,B,0.2466286292506006
2024-11-01,Gakenke,B,4.05781998431298
2024-12-01,Gakenke,B,-0.4319052411222281
2025-01-01,Gakenke,off,0.044436752452454924
2025-02-01,Gakenke,off,-0.8980682417695972
2025-03-01,Gakenke,A,-1.4004127634241854
2025-04-01,Gakenke,A,1.356220564554773
2025-05-01,Gakenke,A,0.5971698382424735
2025-06-01,Gakenke,off,2.9925488905476607
2025-07-01,Gakenke,off,0.0831366397081272
2025-08-01,Gakenke,off,0.8504656427961395
2025-09-01,Gakenke,off,-1.0359031402397993
2025-10-01,Gakenke,B,0.5710580086035987
2025-11-01,Gakenke,B,-0.5436705099953167
2025-12-01,Gakenke,B,0.8842495647015857
2026-01-01,Gakenke,off,2.3072862229593976
2026-02-01,Gakenke,off,-0.23783914878323278
2026-03-01,Gakenke,A,0.14307249854616233
2026-04-01,Gakenke,A,0.032023906826511066
2026-05-01,Gakenke,A,-1.9456334625659792
2026-06-01,Gakenke,off,-1.2402874711727905
2026-07-01,Gakenke,off,0.5390241027269964
2026-08-01,Gakenke,off,-1.9298477081946421
2026-09-01,Gakenke,off,-0.2886037619323242
1981-01-01,Gasabo,off,-0.23013520417517258
1981-02-01,Gasabo,off,-0.38677928869915634
1981-03-01,Gasabo,A,0.27826122153817817
1981-04-01,Gasabo,A,1.4175541601908888
1981-05-01,Gasabo,A,0.0003658149448707589
1981-06-01,Gasabo,off,-0.21398567077179578
1981-07-01,Gasabo,off,-0.17026102765600196
1981-08-01,Gasabo,off,0.7478570692669947
1981-09-01,Gasabo,off,0.9305140028102828
1981-10-01,Gasabo,B,0.13956725121113184
1981-11-01,Gasabo,B,-1.1501888886783522
1981-12-01,Gasabo,B,-0.23018758570784126
1982-01-01,Gasabo,off,0.7221223714772221
1982-02-01,Gasabo,off,-0.29312574326002333
1982-03-01,Gasabo,A,-0.6707482863857909
1982-04-01,Gasabo,A,1.3407171185068543
1982-05-01,Gasabo,A,0.8396053555042529
1982-06-01,Gasabo,off,0.5972681417696887
1982-07-01,Gasabo,off,-0.36034425510867263
1982-08-01,Gasabo,off,-1.4796919675153193
1982-09-01,Gasabo,off,0.9133141826394567
1982-10-01,Gasabo,B,0.9933167620371138
1982-11-01,Gasabo,B,0.7681659926638217
1982-12-01,Gasabo,B,0.6511645060343562
1983-01-01,Gasabo,off,-1.2210983091400962
1983-02-01,Gasabo,off,0.08653171129757076
1983-03-01,Gasabo,A,-0.7613300305994595
1983-04-01,Gasabo,A,0.5835424870701156
1983-05-01,Gasabo,A,-0.7387154308664861
1983-06-01,Gasabo,off,-0.5775667461755747
1983-07-01,Gasabo,off,-0.3621802119555087
1983-08-01,Gasabo,off,1.0162210369368077
1983-09-01,Gasabo,off,0.46379803883693715
1983-10-01,Gasabo,B,0.8260806025011862
1983-11-01,Gasabo,B,0.2880149168921037
1983-12-01,Gasabo,B,-1.0055240056441375
1984-01-01,Gasabo,off,-0.1362038461345958
1984-02-01,Gasabo,off,0.5159444895360067
1984-03-01,Gasabo,A,-0.6496064437088968
1984-04-01,Gasabo,A,0.11375004457081164
1984-05-01,Gasabo,A,-1.8719024076968938
1984-06-01,Gasabo,off,-0.8973831991846878
1984-07-01,Gasabo,off,1.8176545713761731
1984-08-01,Gasabo,off,0.5847081719413518
1984-09-01,Gasabo,off,-1.1220406085951375
1984-10-01,Gasabo,B,0.21110622362065537
1984-11-01,Gasabo,B,0.4433507223725873
1984-12-01,Gasabo,B,-0.6308428601828098
1985-01-01,Gasabo,off,0.2055507335049937
1985-02-01,Gasabo,off,0.5584354364451174
1985-03-01,Gasabo,A,-0.7675192102748745
1985-04-01,Gasabo,A,2.3846179951064865
1985-05-01,Gasabo,A,-1.497420417880984
1985-06-01,Gasabo,off,0.23544804883719822
1985-07-01,Gasabo,off,-0.00638961438975344
1985-08-01,Gasabo,off,-1.2760555423000248
1985-09-01,Gasabo,off,-0.023070635162478505
1985-10-01,Gasabo,B,0.4987486376631106
1985-11-01,Gasabo,B,0.8058649499788924
1985-12-01,Gasabo,B,-0.6479047740639922
1986-01-01,Gasabo,off,-0.3523523887962619
1986-02-01,Gasabo,off,0.4149088728996179
1986-03-01,Gasabo,A,-1.0449595959544022
1986-04-01,Gasabo,A,1.2215410363584485
1986-05-01,Gasabo,A,-0.3086752276879599
1986-06-01,Gasabo,off,-0.36058134768229616
1986-07-01,Gasabo,off,-0.391655935315691
1986-08-01,Gasabo,off,-1.5845532984909978
1986-09-01,Gasabo,off,-0.8208056524388542
1986-10-01,Gasabo,B,-0.3232349233731476
1986-11-01,Gasabo,B,-0.10496772232015375
1986-12-01,Gasabo,B,0.5281653021679751
1987-01-01,Gasabo,off,0.8818551039741483
1987-02-01,Gasabo,off,0.24621943800491225
1987-03-01,Gasabo,A,-0.3102621870673843
1987-04-01,Gasabo,A,-0.2836711940772095
1987-05-01,Gasabo,A,0.6287082149334471
1987-06-01,Gasabo,off,0.2878473594803307
1987-07-01,Gasabo,off,-0.4592224086910483
1987-08-01,Gasabo,off,-0.8261481560680468
1987-09-01,Gasabo,off,0.986327457095721
1987-10-01,Gasabo,B,-0.47151644964747386
1987-11-01,Gasabo,B,1.0256790253111594
1987-12-01,Gasabo,B,-1.891374729233176
1988-01-01,Gasabo,off,0.0092880830987507
1988-02-01,Gasabo,off,0.4483914660450994
1988-03-01,Gasabo,A,0.39586236560435417
1988-04-01,Gasabo,A,0.6717100246448
1988-05-01,Gasabo,A,-1.2012213587826746
1988-06-01,Gasabo,off,-0.9885560081472845
1988-07-01,Gasabo,off,0.526341747574935
1988-08-01,Gasabo,off,2.786113395290562
1988-09-01,Gasabo,off,0.6920377630648773
1988-10-01,Gasabo,B,0.422932718402276
1988-11-01,Gasabo,B,-0.15729877823890007
1988-12-01,Gasabo,B,-1.1841493072230478
1989-01-01,Gasabo,off,0.46408004196099356
1989-02-01,Gasabo,off,-0.7509371641435738
1989-03-01,Gasabo,A,-0.18557629784908003
1989-04-01,Gasabo,A,0.1266711824213657
1989-05-01,Gasabo,A,-0.43631209139637345
1989-06-01,Gasabo,off,-0.3154508583045769
1989-07-01,Gasabo,off,-0.32767141696547797
1989-08-01,Gasabo,off,0.6069339208057535
1989-09-01,Gasabo,off,-0.015621822485113408
1989-10-01,Gasabo,B,-0.38730011986579826
1989-11-01,Gasabo,B,-0.14829757799367205
1989-12-01,Gasabo,B,2.161386739061232
1990-01-01,Gasabo,off,0.19069828325389246
1990-02-01,Gasabo,off,2.061114940410299
1990-03-01,Gasabo,A,-0.11674349298486826
1990-04-01,Gasabo,A,0.5642150348635767
1990-05-01,Gasabo,A,-0.895460003276171
1990-06-01,Gasabo,off,-1.0250250894038124
1990-07-01,Gasabo,off,-0.24459712099937925
1990-08-01,Gasabo,off,-0.9567361212521043
1990-09-01,Gasabo,off,0.8205473348539303
1990-10-01,Gasabo,B,-0.5484910378288059
1990-11-01,Gasabo,B,-0.23049457323566105
1990-12-01,Gasabo,B,0.3331933221445538
1991-01-01,Gasabo,off,-0.03059837993119168
1991-02-01,Gasabo,off,0.20634966299052893
1991-03-01,Gasabo,A,-1.010836392537578
1991-04-01,Gasabo,A,-0.34465345694593663
1991-05-01,Gasabo,A,2.2189671018095334
1991-06-01,Gasabo,off,0.34133862931023556
1991-07-01,Gasabo,off,0.30626248411970347
1991-08-01,Gasabo,off,-0.8080503259489842
1991-09-01,Gasabo,off,-0.7310223826792245
1991-10-01,Gasabo,B,0.5993704401914202
1991-11-01,Gasabo,B,-0.9167808743913854
1991-12-01,Gasabo,B,-0.3991721667293446
1992-01-01,Gasabo,off,-0.9441998977185777
1992-02-01,Gasabo,off,-0.5651797200620666
1992-03-01,Gasabo,A,-0.8605972361108355
1992-04-01,Gasabo,A,-0.11929049474576284
1992-05-01,Gasabo,A,-1.0118278215101373
1992-06-01,Gasabo,off,1.3139040172360386
1992-07-01,Gasabo,off,-0.21109706734300837
1992-08-01,Gasabo,off,-1.6531898789591954
1992-09-01,Gasabo,off,-0.5155075189951845
1992-10-01,Gasabo,B,-0.16161648744654225
1992-11-01,Gasabo,B,-1.0296918395151993
1992-12-01,Gasabo,B,0.13263389397947925
1993-01-01,Gasabo,off,1.838781260446041
1993-02-01,Gasabo,off,0.48947530741907447
1993-03-01,Gasabo,A,-0.9304783488845956
1993-04-01,Gasabo,A,-1.0550644803840177
1993-05-01,Gasabo,A,0.23605874343321753
1993-06-01,Gasabo,off,-0.6518996648806084
1993-07-01,Gasabo,off,-0.3825866919886326
1993-08-01,Gasabo,off,2.221794921496169
1993-09-01,Gasabo,off,-1.759530506745941
1993-10-01,Gasabo,B,-1.5712479553259815
1993-11-01,Gasabo,B,-0.021717826525145402
1993-12-01,Gasabo,B,-1.4028147137456002
1994-01-01,Gasabo,off,0.9074189850567822
1994-02-01,Gasabo,off,-0.36349445931909513
1994-03-01,Gasabo,A,0.9195034575540225
1994-04-01,Gasabo,A,-0.5642365138459454
1994-05-01,Gasabo,A,2.043867130289846
1994-06-01,Gasabo,off,-0.8546546729240745
1994-07-01,Gasabo,off,0.15785400405801905
1994-08-01,Gasabo,off,0.6586667584571706
1994-09-01,Gasabo,off,-0.9422738234712965
1994-10-01,Gasabo,B,-0.986281390356266
1994-11-01,Gasabo,B,0.9467017482771889
1994-12-01,Gasabo,B,0.5572809263008501
1995-01-01,Gasabo,off,0.0668627949908008
1995-02-01,Gasabo,off,-0.7307089506355671
1995-03-01,Gasabo,A,-0.31305051425302627
1995-04-01,Gasabo,A,0.288717210386461
1995-05-01,Gasabo,A,-0.0771499538348847
1995-06-01,Gasabo,off,2.1474496534479797
1995-07-01,Gasabo,off,-0.3081161738756621
1995-08-01,Gasabo,off,-1.5278301092597082
1995-09-01,Gasabo,off,0.1868648016327902
1995-10-01,Gasabo,B,-0.5908567029267523
1995-11-01,Gasabo,B,0.331292285211676
1995-12-01,Gasabo,B,-1.2125795692660635
1996-01-01,Gasabo,off,-0.9031472736216472
1996-02-01,Gasabo,off,0.39054902631941063
1996-03-01,Gasabo,A,0.1341965567934482
1996-04-01,Gasabo,A,-0.6908586149899741
1996-05-01,Gasabo,A,-1.3687739768508134
1996-06-01,Gasabo,off,1.2025164869783946
1996-07-01,Gasabo,off,2.267413310458779
1996-08-01,Gasabo,off,2.299417686170231
1996-09-01,Gasabo,off,0.18550699823113043
1996-10-01,Gasabo,B,-1.2396029691628838
1996-11-01,Gasabo,B,-0.896425379050058
1996-12-01,Gasabo,B,-0.31774061912049434
1997-01-01,Gasabo,off,1.4800672759973827
1997-02-01,Gasabo,off,-1.088277652555411
1997-03-01,Gasabo,A,-0.6039191756763597
1997-04-01,Gasabo,A,0.9265007837482964
1997-05-01,Gasabo,A,-0.8874255544814459
1997-06-01,Gasabo,off,0.0031727455112063267
1997-07-01,Gasabo,off,-0.1198033364059063
1997-08-01,Gasabo,off,0.15398980251987926
1997-09-01,Gasabo,off,0.2827419695890171
1997-10-01,Gasabo,B,0.9368113741604461
1997-11-01,Gasabo,B,0.8205408374274528
1997-12-01,Gasabo,B,0.7272755079292235
1998-01-01,Gasabo,off,2.1780710508757064
1998-02-01,Gasabo,off,1.8653346339718448
1998-03-01,Gasabo,A,0.1934563667182484
1998-04-01,Gasabo,A,0.05863127522983608
1998-05-01,Gasabo,A,1.098793380252281
1998-06-01,Gasabo,off,0.777708923778119
1998-07-01,Gasabo,off,0.11172555653488038
1998-08-01,Gasabo,off,-1.0090481822514288
1998-09-01,Gasabo,off,0.36997774022774543
1998-10-01,Gasabo,B,0.0842036220147191
1998-11-01,Gasabo,B,-1.1986768544039432
1998-12-01,Gasabo,B,-1.424571642601555
1999-01-01,Gasabo,off,-0.21166832234867325
1999-02-01,Gasabo,off,-1.9161116593558285
1999-03-01,Gasabo,A,0.5586453858609037
1999-04-01,Gasabo,A,-0.7189553495286173
1999-05-01,Gasabo,A,-1.5531471939575145
1999-06-01,Gasabo,off,-0.6340297314660998
1999-07-01,Gasabo,off,-0.4592224086910483
1999-08-01,Gasabo,off,1.4076876593544903
1999-09-01,Gasabo,off,0.29116301525909116
1999-10-01,Gasabo,B,-1.1179121395791538
1999-11-01,Gasabo,B,-0.3684506412082626
1999-12-01,Gasabo,B,0.04464019960048721
2000-01-01,Gasabo,off,-0.765471759021592
2000-02-01,Gasabo,off,-1.2203320149367327
2000-03-01,Gasabo,A,-0.7626295158947486
2000-04-01,Gasabo,A,-1.0385161594940528
2000-05-01,Gasabo,A,-0.5760448457179372
2000-06-01,Gasabo,off,-0.9050988931254663
2000-07-01,Gasabo,off,-0.33035843085944994
2000-08-01,Gasabo,off,-1.3981851069028324
2000-09-01,Gasabo,off,-1.7818860242436982
2000-10-01,Gasabo,B,-0.0981942716218648
2000-11-01,Gasabo,B,0.5827938650201969
2000-12-01,Gasabo,B,-0.18142646351704364
2001-01-01,Gasabo,off,0.3013970863050327
2001-02-01,Gasabo,off,-0.6864216769482756
2001-03-01,Gasabo,A,1.8600044585215532
2001-04-01,Gasabo,A,-1.0079355667511682
2001-05-01,Gasabo,A,-0.771881946436357
2001-06-01,Gasabo,off,-0.954364433602668
2001-07-01,Gasabo,off,1.376547504857173
2001-08-01,Gasabo,off,-0.47276536295395005
2001-09-01,Gasabo,off,0.3371060004101995
2001-10-01,Gasabo,B,2.409711394786607
2001-11-01,Gasabo,B,1.2944306798154859
2001-12-01,Gasabo,B,0.1326214388150448
2002-01-01,Gasabo,off,-0.08657758208454469
2002-02-01,Gasabo,off,-0.5284415247131573
2002-03-01,Gasabo,A,0.06695824578366305
2002-04-01,Gasabo,A,0.2460982197308279
2002-05-01,Gasabo,A,1.0406883979355819
2002-06-01,Gasabo,off,-1.0304158687000826
2002-07-01,Gasabo,off,-0.3674403866303256
2002-08-01,Gasabo,off,-1.4598143504838457
2002-09-01,Gasabo,off,-1.590199424531367
2002-10-01,Gasabo,B,-0.33412543555363894
2002-11-01,Gasabo,B,-0.43924929853820005
2002-12-01,Gasabo,B,1.0552465486301092
2003-01-01,Gasabo,off,-0.6778803759777484
2003-02-01,Gasabo,off,-0.9592108470800442
2003-03-01,Gasabo,A,-0.9187587058257941
2003-04-01,Gasabo,A,0.08931124473500102
2003-05-01,Gasabo,A,0.0703490558341425
2003-06-01,Gasabo,off,-0.07714615485100032
2003-07-01,Gasabo,off,0.1323808118107329
2003-08-01,Gasabo,off,0.61177941363801
2003-09-01,Gasabo,off,0.7936970903144938
2003-10-01,Gasabo,B,-0.0836743224087381
2003-11-01,Gasabo,B,-0.4592944623993184
2003-12-01,Gasabo,B,-1.166538784089718
2004-01-01,Gasabo,off,0.3130254479293303
2004-02-01,Gasabo,off,0.3986871058917967
2004-03-01,Gasabo,A,0.0408302949601492
2004-04-01,Gasabo,A,0.5684827435173087
2004-05-01,Gasabo,A,-1.3558645110872363
2004-06-01,Gasabo,off,-0.8335621641270391
2004-07-01,Gasabo,off,-0.24847404225514955
2004-08-01,Gasabo,off,-0.8020747147770666
2004-09-01,Gasabo,off,0.7997803323083855
2004-10-01,Gasabo,B,-0.017384646246642044
2004-11-01,Gasabo,B,1.9176874255811172
2004-12-01,Gasabo,B,1.1246317617303523
2005-01-01,Gasabo,off,-0.42280655553741425
2005-02-01,Gasabo,off,-0.21082557227186866
2005-03-01,Gasabo,A,0.42133038319114086
2005-04-01,Gasabo,A,-0.7138481712577033
2005-05-01,Gasabo,A,0.0903570235160024
2005-06-01,Gasabo,off,-0.43441693812655796
2005-07-01,Gasabo,off,-0.48271207631916274
2005-08-01,Gasabo,off,1.995097838696378
2005-09-01,Gasabo,off,1.7116230263785557
2005-10-01,Gasabo,B,2.301036116797767
2005-11-01,Gasabo,B,-1.1718585149798604
2005-12-01,Gasabo,B,-1.6828976578001626
2006-01-01,Gasabo,off,-0.6504062515110404
2006-02-01,Gasabo,off,0.3184963339331362
2006-03-01,Gasabo,A,-0.005275781944794778
2006-04-01,Gasabo,A,1.2514398331885466
2006-05-01,Gasabo,A,0.3040782906108367
2006-06-01,Gasabo,off,-0.8406172793212939
2006-07-01,Gasabo,off,0.48173157083959434
2006-08-01,Gasabo,off,1.7686478909095036
2006-09-01,Gasabo,off,-1.173372976201646
2006-10-01,Gasabo,B,-1.100293013175913
2006-11-01,Gasabo,B,1.7915756581329405
2006-12-01,Gasabo,B,2.797588146747543
2007-01-01,Gasabo,off,-0.10502849548017683
2007-02-01,Gasabo,off,0.6771352276028423
2007-03-01,Gasabo,A,-0.4320241073857543
2007-04-01,Gasabo,A,-0.049097145708788266
2007-05-01,Gasabo,A,5.08999928832163
2007-06-01,Gasabo,off,1.1793878180584518
2007-07-01,Gasabo,off,1.813221654543043
2007-08-01,Gasabo,off,-0.06188903345024797
2007-09-01,Gasabo,off,0.5960033658536219
2007-10-01,Gasabo,B,-0.2089829063559999
2007-11-01,Gasabo,B,-0.3360388535760571
2007-12-01,Gasabo,B,-1.0006556765800638
2008-01-01,Gasabo,off,-0.7993342293912614
2008-02-01,Gasabo,off,-0.5856257031783125
2008-03-01,Gasabo,A,-0.09321474555874444
2008-04-01,Gasabo,A,-0.9821649108910921
2008-05-01,Gasabo,A,-0.8342183407083932
2008-06-01,Gasabo,off,1.2116217201221404
2008-07-01,Gasabo,off,-0.25955960421546787
2008-08-01,Gasabo,off,0.3444446002264051
2008-09-01,Gasabo,off,-0.2718677299840111
2008-10-01,Gasabo,B,-0.5069061644493255
2008-11-01,Gasabo,B,-0.819090913866102
2008-12-01,Gasabo,B,-1.050738686430727
2009-01-01,Gasabo,off,-0.305412122755913
2009-02-01,Gasabo,off,3.1342977816098796
2009-03-01,Gasabo,A,-0.48820134347897776
2009-04-01,Gasabo,A,0.02275670849590346
2009-05-01,Gasabo,A,1.4276632245609904
2009-06-01,Gasabo,off,-0.5404339856090747
2009-07-01,Gasabo,off,-0.44006346628778403
2009-08-01,Gasabo,off,-1.0626902791490351
2009-09-01,Gasabo,off,-1.8258242570272447
2009-10-01,Gasabo,B,0.3442464604652569
2009-11-01,Gasabo,B,-0.48699163695604425
2009-12-01,Gasabo,B,-0.703876536981494
2010-01-01,Gasabo,off,0.6768672246338803
2010-02-01,Gasabo,off,3.675478708079094
2010-03-01,Gasabo,A,0.1754323046121612
2010-04-01,Gasabo,A,-0.2868066256372071
2010-05-01,Gasabo,A,-0.7329946373322764
2010-06-01,Gasabo,off,0.9326183118362986
2010-07-01,Gasabo,off,0.06764882486253336
2010-08-01,Gasabo,off,-1.7026307547121113
2010-09-01,Gasabo,off,-0.038921339858577805
2010-10-01,Gasabo,B,-0.29225447434876667
2010-11-01,Gasabo,B,-0.7109927957102451
2010-12-01,Gasabo,B,1.1898200500297975
2011-01-01,Gasabo,off,0.15190098572898025
2011-02-01,Gasabo,off,0.8225144254286095
2011-03-01,Gasabo,A,-0.13390048728443982
2011-04-01,Gasabo,A,-0.29824579998048445
2011-05-01,Gasabo,A,0.018943026035936335
2011-06-01,Gasabo,off,2.3617606731078933
2011-07-01,Gasabo,off,-0.0719511343371204
2011-08-01,Gasabo,off,1.4110361197294663
2011-09-01,Gasabo,off,3.343782165789298
2011-10-01,Gasabo,B,1.3321640078816888
2011-11-01,Gasabo,B,0.7493867581707011
2011-12-01,Gasabo,B,-0.19806733569685
2012-01-01,Gasabo,off,-1.031621755074876
2012-02-01,Gasabo,off,-0.6851591232790503
2012-03-01,Gasabo,A,-0.530771550525398
2012-04-01,Gasabo,A,1.3282614249659754
2012-05-01,Gasabo,A,1.5998122639190797
2012-06-01,Gasabo,off,0.233717299505067
2012-07-01,Gasabo,off,-0.3464341010107008
2012-08-01,Gasabo,off,1.342215939343735
2012-09-01,Gasabo,off,0.8871890889904523
2012-10-01,Gasabo,B,1.3574530711050505
2012-11-01,Gasabo,B,0.39532484642215426
2012-12-01,Gasabo,B,1.074992058377981
2013-01-01,Gasabo,off,0.1077546871483981
2013-02-01,Gasabo,off,-0.6222947972326108
2013-03-01,Gasabo,A,1.323781333007061
2013-04-01,Gasabo,A,-0.24830309856247748
2013-05-01,Gasabo,A,-1.3503040579536316
2013-06-01,Gasabo,off,-1.0681514295952539
2013-07-01,Gasabo,off,-0.47096729012468075
2013-08-01,Gasabo,off,-0.4522577283610727
2013-09-01,Gasabo,off,1.1551183428497576
2013-10-01,Gasabo,B,-0.5128527805910389
2013-11-01,Gasabo,B,0.20953861895299827
2013-12-01,Gasabo,B,0.6130762534013448
2014-01-01,Gasabo,off,-0.8169210908868042
2014-02-01,Gasabo,off,0.21928252583869792
2014-03-01,Gasabo,A,-0.10303480143617826
2014-04-01,Gasabo,A,-0.5190073778727647
2014-05-01,Gasabo,A,-1.8171369226929146
2014-06-01,Gasabo,off,-0.42372301013442676
2014-07-01,Gasabo,off,-0.3825866919886326
2014-08-01,Gasabo,off,0.17844345966313757
2014-09-01,Gasabo,off,-0.5509842612161604
2014-10-01,Gasabo,B,-0.09201981168623653
2014-11-01,Gasabo,B,-0.19742579419826056
2014-12-01,Gasabo,B,-0.8758433097701525
2015-01-01,Gasabo,off,-1.7771597496633693
2015-02-01,Gasabo,off,-0.35126302223080363
2015-03-01,Gasabo,A,-0.28164691768383504
2015-04-01,Gasabo,A,0.7079399498127805
2015-05-01,Gasabo,A,-1.2267166676770873
2015-06-01,Gasabo,off,0.7584542237002866
2015-07-01,Gasabo,off,-0.2373172837389132
2015-08-01,Gasabo,off,-0.8937206189277457
2015-09-01,Gasabo,off,-0.24058569031699298
2015-10-01,Gasabo,B,-0.1540648905617415
2015-11-01,Gasabo,B,-0.031270831825119874
2015-12-01,Gasabo,B,-0.6339323864723593
2016-01-01,Gasabo,off,0.5955164821530018
2016-02-01,Gasabo,off,-1.020114474157002
2016-03-01,Gasabo,A,0.9573745649243351
2016-04-01,Gasabo,A,0.3112521266970115
2016-05-01,Gasabo,A,-1.7041863698289572
2016-06-01,Gasabo,off,-1.0136631328471775
2016-07-01,Gasabo,off,-0.10191378372643475
2016-08-01,Gasabo,off,-1.62161409000625
2016-09-01,Gasabo,off,0.1241260113685825
2016-10-01,Gasabo,B,0.8579946280053804
2016-11-01,Gasabo,B,0.4608546199860853
2016-12-01,Gasabo,B,-1.0872214080500038
2017-01-01,Gasabo,off,-0.9126232198668958
2017-02-01,Gasabo,off,-0.6820605810166046
2017-03-01,Gasabo,A,-0.718649504870601
2017-04-01,Gasabo,A,-0.6150038487379422
2017-05-01,Gasabo,A,0.40530014211458587
2017-06-01,Gasabo,off,-0.9907713554404297
2017-07-01,Gasabo,off,-0.40988551292601133
2017-08-01,Gasabo,off,0.42579735331156865
2017-09-01,Gasabo,off,0.6424671610071166
2017-10-01,Gasabo,B,0.5600943966221731
2017-11-01,Gasabo,B,0.20529982067244784
2017-12-01,Gasabo,B,-0.6061211683242064
2018-01-01,Gasabo,off,1.1250951531072313
2018-02-01,Gasabo,off,-1.3355781382047758
2018-03-01,Gasabo,A,1.7944752246461402
2018-04-01,Gasabo,A,2.718391639771694
2018-05-01,Gasabo,A,0.911250773537434
2018-06-01,Gasabo,off,0.08645676866840722
2018-07-01,Gasabo,off,-0.5553468492278536
2018-08-01,Gasabo,off,0.4132265262200974
2018-09-01,Gasabo,off,-1.133417485951987
2018-10-01,Gasabo,B,-0.8223437858805549
2018-11-01,Gasabo,B,-0.28599683888853705
2018-12-01,Gasabo,B,1.9564905538584538
2019-01-01,Gasabo,off,1.3157041429981033
2019-02-01,Gasabo,off,-0.5803544913441872
2019-03-01,Gasabo,A,-1.1449810532076923
2019-04-01,Gasabo,A,-0.06968887647138601
2019-05-01,Gasabo,A,1.2226288261868614
2019-06-01,Gasabo,off,0.1049032058239747
2019-07-01,Gasabo,off,-0.35026614346242074
2019-08-01,Gasabo,off,0.9745760253249725
2019-09-01,Gasabo,off,-0.06554306334791808
2019-10-01,Gasabo,B,-0.05211107327725023
2019-11-01,Gasabo,B,0.2337279239613901
2019-12-01,Gasabo,B,-0.028031028738515335
2020-01-01,Gasabo,off,1.9409706464777519
2020-02-01,Gasabo,off,2.119234843527212
2020-03-01,Gasabo,A,-0.13607577064168916
2020-04-01,Gasabo,A,1.0610285597737097
2020-05-01,Gasabo,A,-1.6901321718072109
2020-06-01,Gasabo,off,-0.8973831991846878
2020-07-01,Gasabo,off,-0.38208789281209626
2020-08-01,Gasabo,off,-1.5238386787988865
2020-09-01,Gasabo,off,-1.0070795043575775
2020-10-01,Gasabo,B,2.228564626121212
2020-11-01,Gasabo,B,-0.04731651222615241
2020-12-01,Gasabo,B,0.9592719404409911
2021-01-01,Gasabo,off,-0.20495889352364582
2021-02-01,Gasabo,off,0.5847381616915706
2021-03-01,Gasabo,A,-0.32581646519922003
2021-04-01,Gasabo,A,-0.3021487003600326
2021-05-01,Gasabo,A,2.2292965495734434
2021-06-01,Gasabo,off,-0.9894244939589268
2021-07-01,Gasabo,off,-0.3710687442859244
2021-08-01,Gasabo,off,-0.230051711186737
2021-09-01,Gasabo,off,0.5565678496182521
2021-10-01,Gasabo,B,0.988712266583643
2021-11-01,Gasabo,B,-0.637755180144372
2021-12-01,Gasabo,B,0.356555316400619
2022-01-01,Gasabo,off,0.32065460122886325
2022-02-01,Gasabo,off,1.691526401629888
2022-03-01,Gasabo,A,-0.3625108928674999
2022-04-01,Gasabo,A,0.3531272890066258
2022-05-01,Gasabo,A,0.3030314218706708
2022-06-01,Gasabo,off,-0.5727746613423842
2022-07-01,Gasabo,off,0.06673088876762619
2022-08-01,Gasabo,off,1.2661860706228
2022-09-01,Gasabo,off,-0.6977145533745555
2022-10-01,Gasabo,B,-1.1410509779239237
2022-11-01,Gasabo,B,0.3209402128585039
2022-12-01,Gasabo,B,0.3962751214996535
2023-01-01,Gasabo,off,1.2601759722963446
2023-02-01,Gasabo,off,-1.7344797424587735
2023-03-01,Gasabo,A,0.45001781210423897
2023-04-01,Gasabo,A,0.5823718920915736
2023-05-01,Gasabo,A,-0.38289946794036644
2023-06-01,Gasabo,off,-0.9554154505369361
2023-07-01,Gasabo,off,-0.47169295953937485
2023-08-01,Gasabo,off,-1.9195853592134575
2023-09-01,Gasabo,off,0.15765823469350088
2023-10-01,Gasabo,B,-0.8820754211381001
2023-11-01,Gasabo,B,0.6580523072057788
2023-12-01,Gasabo,B,0.15240374262131895
2024-01-01,Gasabo,off,-0.41156424051781887
2024-02-01,Gasabo,off,-1.5383135269832795
2024-03-01,Gasabo,A,-1.18780646943055
2024-04-01,Gasabo,A,0.7677632580435596
2024-05-01,Gasabo,A,-1.286692474951762
2024-06-01,Gasabo,off,-1.0519790705421872
2024-07-01,Gasabo,off,-0.3627251809556881
2024-08-01,Gasabo,off,-0.5780705718628223
2024-09-01,Gasabo,off,-0.32074541431265513
2024-10-01,Gasabo,B,0.028273743159095782
2024-11-01,Gasabo,B,2.8659116867108105
2024-12-01,Gasabo,B,-0.40051844619381827
2025-01-01,Gasabo,off,-0.06435569569679499
2025-02-01,Gasabo,off,-1.1971729435635863
2025-03-01,Gasabo,A,-1.3169385560523879
2025-04-01,Gasabo,A,1.7173875770112663
2025-05-01,Gasabo,A,0.32368274059497654
2025-06-01,Gasabo,off,1.7981750963214909
2025-07-01,Gasabo,off,-0.2138969290479662
2025-08-01,Gasabo,off,0.9846454490442903
2025-09-01,Gasabo,off,-1.2130853843933398
2025-10-01,Gasabo,B,0.5508763050853144
2025-11-01,Gasabo,B,-0.8263541266037758
2025-12-01,Gasabo,B,0.9953751975390651
2026-01-01,Gasabo,off,1.856315370034442
2026-02-01,Gasabo,off,-0.08727489139670329
2026-03-01,Gasabo,A,0.13661282694735585
2026-04-01,Gasabo,A,-0.14865697880054413
2026-05-01,Gasabo,A,-1.5691674455054148
2026-06-01,Gasabo,off,-0.9333816191425298
2026-07-01,Gasabo,off,-0.23045987443856591
2026-08-01,Gasabo,off,-1.7781576019875112
2026-09-01,Gasabo,off,-1.196874485230782
1981-01-01,Gatsibo,off,-1.1271934688315375
1981-02-01,Gatsibo,off,-0.3091700970329733
1981-03-01,Gatsibo,A,1.3148407148855452
1981-04-01,Gatsibo,A,0.3195778060130144
1981-05-01,Gatsibo,A,1.0780722964296958
1981-06-01,Gatsibo,off,-0.37753651591784926
1981-07-01,Gatsibo,off,-0.18054108525858623
1981-08-01,Gatsibo,off,0.6778221554863074
1981-09-01,Gatsibo,off,0.2737821685175697
1981-10-01,Gatsibo,B,0.22308267539377905
1981-11-01,Gatsibo,B,-0.784998548561147
1981-12-01,Gatsibo,B,-0.48969654093156173
1982-01-01,Gatsibo,off,0.05771768364913308
1982-02-01,Gatsibo,off,-1.2443340350977659
1982-03-01,Gatsibo,A,-0.9302573633337133
1982-04-01,Gatsibo,A,0.9076813109911542
1982-05-01,Gatsibo,A,1.4160964018596252
1982-06-01,Gatsibo,off,1.4275878656066339
1982-07-01,Gatsibo,off,-0.41634731152570137
1982-08-01,Gatsibo,off,-1.7432843537151201
1982-09-01,Gatsibo,off,0.5671610214225502
1982-10-01,Gatsibo,B,0.5989502197007889
1982-11-01,Gatsibo,B,-0.011574116089143592
1982-12-01,Gatsibo,B,-0.4692112060876806
1983-01-01,Gatsibo,off,-1.8862121602648603
1983-02-01,Gatsibo,off,-0.8151066884067093
1983-03-01,Gatsibo,A,-0.9607368248087251
1983-04-01,Gatsibo,A,0.40221756585892326
1983-05-01,Gatsibo,A,-1.6738720479960065
1983-06-01,Gatsibo,off,-0.8246178632855108
1983-07-01,Gatsibo,off,-0.16217487827011196
1983-08-01,Gatsibo,off,0.6231069291057422
1983-09-01,Gatsibo,off,0.27732938167519416
1983-10-01,Gatsibo,B,0.37139209124617006
1983-11-01,Gatsibo,B,0.24913606845073696
1983-12-01,Gatsibo,B,0.7130676620394087
1984-01-01,Gatsibo,off,-0.5854554895587742
1984-02-01,Gatsibo,off,0.43801448229298434
1984-03-01,Gatsibo,A,-0.4050651905897419
1984-04-01,Gatsibo,A,-0.22638505929031494
1984-05-01,Gatsibo,A,-1.816915229520535
1984-06-01,Gatsibo,off,-0.8850607121064686
1984-07-01,Gatsibo,off,1.5946427357486024
1984-08-01,Gatsibo,off,-0.10156086177025167
1984-09-01,Gatsibo,off,-0.8263648646477744
1984-10-01,Gatsibo,B,-0.6999387312676106
1984-11-01,Gatsibo,B,0.3200894422131002
1984-12-01,Gatsibo,B,-0.49083560191703196
1985-01-01,Gatsibo,off,0.7033475244240788
1985-02-01,Gatsibo,off,0.42536153316369935
1985-03-01,Gatsibo,A,-0.7514070480776764
1985-04-01,Gatsibo,A,1.685401647536047
1985-05-01,Gatsibo,A,-1.3165528669815287
1985-06-01,Gatsibo,off,-0.32278485827647213
1985-07-01,Gatsibo,off,-0.005289282041997575
1985-08-01,Gatsibo,off,-1.5785630964243222
1985-09-01,Gatsibo,off,-0.20034833361901783
1985-10-01,Gatsibo,B,0.09021041104647938
1985-11-01,Gatsibo,B,0.09675252200911319
1985-12-01,Gatsibo,B,-0.24762505445519087
1986-01-01,Gatsibo,off,-0.047954189805423986
1986-02-01,Gatsibo,off,0.20544206420402047
1986-03-01,Gatsibo,A,-0.9297464425680222
1986-04-01,Gatsibo,A,1.1990562768715682
1986-05-01,Gatsibo,A,-0.8793808784479018
1986-06-01,Gatsibo,off,-0.46870453321370675
1986-07-01,Gatsibo,off,-0.2923485017237335
1986-08-01,Gatsibo,off,-1.6065707208873987
1986-09-01,Gatsibo,off,-0.9835109125315035
1986-10-01,Gatsibo,B,-0.3423774874971922
1986-11-01,Gatsibo,B,-0.36676813277050935
1986-12-01,Gatsibo,B,0.7462668361867525
1987-01-01,Gatsibo,off,0.43291640858383473
1987-02-01,Gatsibo,off,-0.1440087022668976
1987-03-01,Gatsibo,A,-0.21678067672429388
1987-04-01,Gatsibo,A,-0.7819971559532739
1987-05-01,Gatsibo,A,0.9370731892211177
1987-06-01,Gatsibo,off,0.6403964073303746
1987-07-01,Gatsibo,off,-0.36769682250798663
1987-08-01,Gatsibo,off,-0.20672918119764844
1987-09-01,Gatsibo,off,0.8754691344844455
1987-10-01,Gatsibo,B,-0.34271195307665825
1987-11-01,Gatsibo,B,0.7789302170445299
1987-12-01,Gatsibo,B,-1.824677927453634
1988-01-01,Gatsibo,off,-0.1778312098091805
1988-02-01,Gatsibo,off,0.5350348870804524
1988-03-01,Gatsibo,A,-0.030800174611941095
1988-04-01,Gatsibo,A,0.7723178146526285
1988-05-01,Gatsibo,A,-1.0707171224380778
1988-06-01,Gatsibo,off,-1.0826464543918957
1988-07-01,Gatsibo,off,1.4713446604001386
1988-08-01,Gatsibo,off,3.679365809445471
1988-09-01,Gatsibo,off,1.5884668154093688
1988-10-01,Gatsibo,B,0.28874523294962773
1988-11-01,Gatsibo,B,-0.20211600432808824
1988-12-01,Gatsibo,B,-0.9364718388796173
1989-01-01,Gatsibo,off,-0.09509630836745463
1989-02-01,Gatsibo,off,-1.2243964770695592
1989-03-01,Gatsibo,A,0.22609545905865314
1989-04-01,Gatsibo,A,-0.2679872339752429
1989-05-01,Gatsibo,A,-0.44349597874744856
1989-06-01,Gatsibo,off,0.20775701986761838
1989-07-01,Gatsibo,off,0.37616189235483305
1989-08-01,Gatsibo,off,0.658035554115357
1989-09-01,Gatsibo,off,0.17048597322085057
1989-10-01,Gatsibo,B,-0.8871679235077408
1989-11-01,Gatsibo,B,-0.5452719542063226
1989-12-01,Gatsibo,B,1.8606022971934246
1990-01-01,Gatsibo,off,-0.16289021205672985
1990-02-01,Gatsibo,off,2.2312750500040663
1990-03-01,Gatsibo,A,-0.11584149121917964
1990-04-01,Gatsibo,A,0.06144818215571997
1990-05-01,Gatsibo,A,-1.0794133392908163
1990-06-01,Gatsibo,off,-1.1156525842179892
1990-07-01,Gatsibo,off,-0.25903597593949945
1990-08-01,Gatsibo,off,-0.904382426443554
1990-09-01,Gatsibo,off,-0.36421744147389756
1990-10-01,Gatsibo,B,-0.6489985168273685
1990-11-01,Gatsibo,B,-0.9417090198638631
1990-12-01,Gatsibo,B,-0.21752137489593273
1991-01-01,Gatsibo,off,-0.3808859226440353
1991-02-01,Gatsibo,off,0.012716424262244822
1991-03-01,Gatsibo,A,-0.587703619178454
1991-04-01,Gatsibo,A,-0.3022752992711361
1991-05-01,Gatsibo,A,2.3946736703152096
1991-06-01,Gatsibo,off,0.6626391396925655
1991-07-01,Gatsibo,off,0.2377846957011152
1991-08-01,Gatsibo,off,-1.2100511902372206
1991-09-01,Gatsibo,off,-0.748864595455264
1991-10-01,Gatsibo,B,0.9886989351339782
1991-11-01,Gatsibo,B,-0.9270816842001243
1991-12-01,Gatsibo,B,-0.5633432010083069
1992-01-01,Gatsibo,off,-0.9379328565213104
1992-02-01,Gatsibo,off,-0.23530057914231703
1992-03-01,Gatsibo,A,-1.0789352949712885
1992-04-01,Gatsibo,A,-0.18951285613986268
1992-05-01,Gatsibo,A,-0.6007133576760492
1992-06-01,Gatsibo,off,0.6114947581619704
1992-07-01,Gatsibo,off,-0.4916656176013683
1992-08-01,Gatsibo,off,-1.652623758263618
1992-09-01,Gatsibo,off,0.20264267002599243
1992-10-01,Gatsibo,B,-0.11287561322180079
1992-11-01,Gatsibo,B,-0.7344814576719868
1992-12-01,Gatsibo,B,-0.3220922171745565
1993-01-01,Gatsibo,off,1.2342504398281962
1993-02-01,Gatsibo,off,0.10213169436335723
1993-03-01,Gatsibo,A,-0.5055481078097134
1993-04-01,Gatsibo,A,-0.859298668528041
1993-05-01,Gatsibo,A,0.1685498288905201
1993-06-01,Gatsibo,off,-0.6513792589192807
1993-07-01,Gatsibo,off,-0.4698608540539457
1993-08-01,Gatsibo,off,2.8288933405689676
1993-09-01,Gatsibo,off,-1.5930301188903637
1993-10-01,Gatsibo,B,-1.6968132120072437
1993-11-01,Gatsibo,B,-0.11783812329184008
1993-12-01,Gatsibo,B,-1.1824389103491237
1994-01-01,Gatsibo,off,1.0785617206275624
1994-02-01,Gatsibo,off,-0.14011260305529116
1994-03-01,Gatsibo,A,0.6657337399876572
1994-04-01,Gatsibo,A,-0.7511844473730002
1994-05-01,Gatsibo,A,2.645288952582288
1994-06-01,Gatsibo,off,-0.7923658907406033
1994-07-01,Gatsibo,off,0.26296456571961635
1994-08-01,Gatsibo,off,-0.234770990010392
1994-09-01,Gatsibo,off,-0.49423905747599606
1994-10-01,Gatsibo,B,-0.21538050454212812
1994-11-01,Gatsibo,B,1.023823030234588
1994-12-01,Gatsibo,B,1.4171292208374993
1995-01-01,Gatsibo,off,0.11582984842847498
1995-02-01,Gatsibo,off,-0.575355143277374
1995-03-01,Gatsibo,A,-0.17612540181791697
1995-04-01,Gatsibo,A,0.6521911034740626
1995-05-01,Gatsibo,A,-0.1133598505203064
1995-06-01,Gatsibo,off,3.3371178128859333
1995-07-01,Gatsibo,off,-0.5086381695678642
1995-08-01,Gatsibo,off,-1.645718083663251
1995-09-01,Gatsibo,off,0.019749066110325793
1995-10-01,Gatsibo,B,-0.11290548260777439
1995-11-01,Gatsibo,B,0.30368648781131397
1995-12-01,Gatsibo,B,-0.9179652278912066
1996-01-01,Gatsibo,off,-0.7515566632954427
1996-02-01,Gatsibo,off,0.42470959357163857
1996-03-01,Gatsibo,A,-0.21369569007888028
1996-04-01,Gatsibo,A,-0.6258572547588971
1996-05-01,Gatsibo,A,-1.1647106137313783
1996-06-01,Gatsibo,off,0.3950410434468956
1996-07-01,Gatsibo,off,1.8324660063259466
1996-08-01,Gatsibo,off,1.3560664481136384
1996-09-01,Gatsibo,off,0.27882055934808364
1996-10-01,Gatsibo,B,-1.193021604735082
1996-11-01,Gatsibo,B,-0.529161467149308
1996-12-01,Gatsibo,B,-0.21746169201729737
1997-01-01,Gatsibo,off,1.3543904312577109
1997-02-01,Gatsibo,off,-1.6849442336518061
1997-03-01,Gatsibo,A,-0.49301130498292256
1997-04-01,Gatsibo,A,1.0004018768165612
1997-05-01,Gatsibo,A,-0.5534016029118665
1997-06-01,Gatsibo,off,1.1527036289852934
1997-07-01,Gatsibo,off,-0.49432513317659404
1997-08-01,Gatsibo,off,-0.13162888139640438
1997-09-01,Gatsibo,off,-0.5637740378364554
1997-10-01,Gatsibo,B,1.3695992250469828
1997-11-01,Gatsibo,B,1.229379673040599
1997-12-01,Gatsibo,B,1.5021006931619671
1998-01-01,Gatsibo,off,2.497672926802193
1998-02-01,Gatsibo,off,1.522708624396558
1998-03-01,Gatsibo,A,-0.1447242037334511
1998-04-01,Gatsibo,A,-0.4741513364755646
1998-05-01,Gatsibo,A,1.0672686557810995
1998-06-01,Gatsibo,off,0.15739693329208093
1998-07-01,Gatsibo,off,-0.159287496840213
1998-08-01,Gatsibo,off,-0.9513266826808333
1998-09-01,Gatsibo,off,-0.8994951934862189
1998-10-01,Gatsibo,B,-0.06404897084174534
1998-11-01,Gatsibo,B,-0.802314721431627
1998-12-01,Gatsibo,B,-0.8746242346249024
1999-01-01,Gatsibo,off,0.46769971098205115
1999-02-01,Gatsibo,off,-1.895797617355412
1999-03-01,Gatsibo,A,0.753072629438439
1999-04-01,Gatsibo,A,-0.9670986798399126
1999-05-01,Gatsibo,A,-1.1633007049342485
1999-06-01,Gatsibo,off,-0.5755304135253838
1999-07-01,Gatsibo,off,-0.396512284189168
1999-08-01,Gatsibo,off,1.0603363871428455
1999-09-01,Gatsibo,off,-0.5723121772239788
1999-10-01,Gatsibo,B,-0.9863934647792393
1999-11-01,Gatsibo,B,-0.4718381023259778
1999-12-01,Gatsibo,B,-0.4235896203660429
2000-01-01,Gatsibo,off,-0.7933714561395102
2000-02-01,Gatsibo,off,-1.1614653586029162
2000-03-01,Gatsibo,A,-0.6714594678585697
2000-04-01,Gatsibo,A,-1.3035795150300955
2000-05-01,Gatsibo,A,-0.30631161244541744
2000-06-01,Gatsibo,off,-0.5324155310637536
2000-07-01,Gatsibo,off,-0.10097337834567753
2000-08-01,Gatsibo,off,-1.464091726454971
2000-09-01,Gatsibo,off,-1.600769688170925
2000-10-01,Gatsibo,B,0.2881550778247364
2000-11-01,Gatsibo,B,0.6939817056926632
2000-12-01,Gatsibo,B,-0.00422473802018839
2001-01-01,Gatsibo,off,0.5622045254728906
2001-02-01,Gatsibo,off,-0.7670299218801347
2001-03-01,Gatsibo,A,1.3658269854149379
2001-04-01,Gatsibo,A,-0.9592005412329899
2001-05-01,Gatsibo,A,-0.9434448537423744
2001-06-01,Gatsibo,off,-0.9098608317840595
2001-07-01,Gatsibo,off,1.674823324007094
2001-08-01,Gatsibo,off,-0.372619592433139
2001-09-01,Gatsibo,off,0.8244051946085912
2001-10-01,Gatsibo,B,2.363175061366458
2001-11-01,Gatsibo,B,0.7920692814876069
2001-12-01,Gatsibo,B,-0.3439132121398065
2002-01-01,Gatsibo,off,0.8487528802822467
2002-02-01,Gatsibo,off,-0.6557387136880023
2002-03-01,Gatsibo,A,0.10958041720519766
2002-04-01,Gatsibo,A,0.3691722659997266
2002-05-01,Gatsibo,A,0.5385270006110324
2002-06-01,Gatsibo,off,-1.2500677722664992
2002-07-01,Gatsibo,off,-0.5435444931459606
2002-08-01,Gatsibo,off,-1.508116373178608
2002-09-01,Gatsibo,off,-1.48371813759351
2002-10-01,Gatsibo,B,0.2670071724808381
2002-11-01,Gatsibo,B,-0.4319164494979295
2002-12-01,Gatsibo,B,0.5847454486550103
2003-01-01,Gatsibo,off,-0.5559642106626134
2003-02-01,Gatsibo,off,-1.08014466974335
2003-03-01,Gatsibo,A,-1.1054906658640054
2003-04-01,Gatsibo,A,-0.0038481624194039448
2003-05-01,Gatsibo,A,0.13854433152325396
2003-06-01,Gatsibo,off,0.14767837186815083
2003-07-01,Gatsibo,off,0.03161292463837796
2003-08-01,Gatsibo,off,0.6336245413191176
2003-09-01,Gatsibo,off,0.43731700083024416
2003-10-01,Gatsibo,B,-0.22891618792770058
2003-11-01,Gatsibo,B,-0.4181863579942926
2003-12-01,Gatsibo,B,-1.1046006878344736
2004-01-01,Gatsibo,off,0.2533166087275006
2004-02-01,Gatsibo,off,0.6173452229236451
2004-03-01,Gatsibo,A,-0.12199698814218052
2004-04-01,Gatsibo,A,0.4450182049413967
2004-05-01,Gatsibo,A,-1.1101232600701816
2004-06-01,Gatsibo,off,-1.0204564029927508
2004-07-01,Gatsibo,off,-0.3127254817928238
2004-08-01,Gatsibo,off,-1.1282306251304297
2004-09-01,Gatsibo,off,1.1320383400338496
2004-10-01,Gatsibo,B,-0.2030108450757712
2004-11-01,Gatsibo,B,1.342841531543211
2004-12-01,Gatsibo,B,0.5953420381183511
2005-01-01,Gatsibo,off,-0.4740935316122148
2005-02-01,Gatsibo,off,-0.6287151804133321
2005-03-01,Gatsibo,A,0.8475774886439272
2005-04-01,Gatsibo,A,-0.5702075257363993
2005-05-01,Gatsibo,A,0.19554549375978816
2005-06-01,Gatsibo,off,-0.5994040009473441
2005-07-01,Gatsibo,off,-0.6077551324913218
2005-08-01,Gatsibo,off,1.8907537208198584
2005-09-01,Gatsibo,off,1.9518989920723453
2005-10-01,Gatsibo,B,1.2623927224587266
2005-11-01,Gatsibo,B,-1.2010723097266485
2005-12-01,Gatsibo,B,-1.6510349237958681
2006-01-01,Gatsibo,off,-0.5189436554832476
2006-02-01,Gatsibo,off,0.4005847880692194
2006-03-01,Gatsibo,A,-0.14774427588622024
2006-04-01,Gatsibo,A,0.809502740884148
2006-05-01,Gatsibo,A,0.6505296077006124
2006-06-01,Gatsibo,off,-0.8620164696490997
2006-07-01,Gatsibo,off,0.5200019895442858
2006-08-01,Gatsibo,off,1.8736334092935572
2006-09-01,Gatsibo,off,-1.0091094681721071
2006-10-01,Gatsibo,B,-1.0726131800849876
2006-11-01,Gatsibo,B,1.6179864210360906
2006-12-01,Gatsibo,B,2.3773583246657495
2007-01-01,Gatsibo,off,-0.37394167047967236
2007-02-01,Gatsibo,off,1.2273244759555453
2007-03-01,Gatsibo,A,-0.358206462298602
2007-04-01,Gatsibo,A,-0.043659425956100915
2007-05-01,Gatsibo,A,2.720538118630916
2007-06-01,Gatsibo,off,0.9273214830631263
2007-07-01,Gatsibo,off,1.764284750805319
2007-08-01,Gatsibo,off,0.6154427263671846
2007-09-01,Gatsibo,off,0.35120798781839474
2007-10-01,Gatsibo,B,-0.21355664987575854
2007-11-01,Gatsibo,B,-0.09319041349762004
2007-12-01,Gatsibo,B,-0.911040415420785
2008-01-01,Gatsibo,off,-0.4411494545411889
2008-02-01,Gatsibo,off,-0.4645368483987203
2008-03-01,Gatsibo,A,0.44495705765798477
2008-04-01,Gatsibo,A,-1.2152394645733993
2008-05-01,Gatsibo,A,-0.8570960696003789
2008-06-01,Gatsibo,off,1.319432741725816
2008-07-01,Gatsibo,off,-0.27388202213339347
2008-08-01,Gatsibo,off,1.560789006202193
2008-09-01,Gatsibo,off,0.21371450914325713
2008-10-01,Gatsibo,B,0.14197584552488096
2008-11-01,Gatsibo,B,-0.6277669503739538
2008-12-01,Gatsibo,B,-1.0483629276329431
2009-01-01,Gatsibo,off,-0.07280270191261151
2009-02-01,Gatsibo,off,2.5168429355116384
2009-03-01,Gatsibo,A,-0.8002223552940416
2009-04-01,Gatsibo,A,-0.11449531197647893
2009-05-01,Gatsibo,A,1.366315202317265
2009-06-01,Gatsibo,off,-0.778461523889912
2009-07-01,Gatsibo,off,-0.45595392728956124
2009-08-01,Gatsibo,off,-1.056317820308948
2009-09-01,Gatsibo,off,-1.63442502999545
2009-10-01,Gatsibo,B,-0.492497444229016
2009-11-01,Gatsibo,B,-0.20618236574694138
2009-12-01,Gatsibo,B,-0.024712319775214812
2010-01-01,Gatsibo,off,0.3448465911123666
2010-02-01,Gatsibo,off,3.9301644664908086
2010-03-01,Gatsibo,A,-0.06701573195345546
2010-04-01,Gatsibo,A,-0.46064993804761883
2010-05-01,Gatsibo,A,-0.35764557291191384
2010-06-01,Gatsibo,off,0.5891789173475833
2010-07-01,Gatsibo,off,0.1658903133152943
2010-08-01,Gatsibo,off,-1.668517412805763
2010-09-01,Gatsibo,off,-0.36101159113044884
2010-10-01,Gatsibo,B,-0.07099180331598098
2010-11-01,Gatsibo,B,-0.4714468044267929
2010-12-01,Gatsibo,B,0.5800618126762455
2011-01-01,Gatsibo,off,-0.33721220766960175
2011-02-01,Gatsibo,off,0.8243174644659559
2011-03-01,Gatsibo,A,0.06541732274754754
2011-04-01,Gatsibo,A,0.31877683249363303
2011-05-01,Gatsibo,A,-0.4544787239252625
2011-06-01,Gatsibo,off,1.6528875130001763
2011-07-01,Gatsibo,off,0.29305524449448617
2011-08-01,Gatsibo,off,1.7991887045069836
2011-09-01,Gatsibo,off,3.0880757708525364
2011-10-01,Gatsibo,B,1.6579242046740033
2011-11-01,Gatsibo,B,0.4614171909180256
2011-12-01,Gatsibo,B,-0.3175170924718577
2012-01-01,Gatsibo,off,-1.3673429743428582
2012-02-01,Gatsibo,off,-0.4965682435768485
2012-03-01,Gatsibo,A,-0.7806535813389163
2012-04-01,Gatsibo,A,1.8556979944185816
2012-05-01,Gatsibo,A,1.0758453727326174
2012-06-01,Gatsibo,off,1.08357962096987
2012-07-01,Gatsibo,off,-0.4424285282734103
2012-08-01,Gatsibo,off,1.8557021864169871
2012-09-01,Gatsibo,off,0.5343807676492206
2012-10-01,Gatsibo,B,0.9632772706474343
2012-11-01,Gatsibo,B,0.33377936878267866
2012-12-01,Gatsibo,B,1.4858149470356057
2013-01-01,Gatsibo,off,0.2467666391651887
2013-02-01,Gatsibo,off,-0.4185933283781841
2013-03-01,Gatsibo,A,1.1679177102818874
2013-04-01,Gatsibo,A,0.1587220407561289
2013-05-01,Gatsibo,A,-0.9014149387187868
2013-06-01,Gatsibo,off,-1.2819747936465953
2013-07-01,Gatsibo,off,-0.28838298301852844
2013-08-01,Gatsibo,off,-0.5319733031786038
2013-09-01,Gatsibo,off,1.7669910602614147
2013-10-01,Gatsibo,B,-0.8655250717067423
2013-11-01,Gatsibo,B,0.6312648933631834
2013-12-01,Gatsibo,B,0.4657342785561923
2014-01-01,Gatsibo,off,-0.504119709504948
2014-02-01,Gatsibo,off,0.41242330456957466
2014-03-01,Gatsibo,A,0.04417657861228889
2014-04-01,Gatsibo,A,-0.4698980119278147
2014-05-01,Gatsibo,A,-1.8407925617944045
2014-06-01,Gatsibo,off,0.10764823012136272
2014-07-01,Gatsibo,off,-0.0891314858892716
2014-08-01,Gatsibo,off,0.013024385233124495
2014-09-01,Gatsibo,off,0.41188364346281375
2014-10-01,Gatsibo,B,-0.00021524245704120746
2014-11-01,Gatsibo,B,0.0069746608138974145
2014-12-01,Gatsibo,B,-0.7523859523667226
2015-01-01,Gatsibo,off,-1.693013774689543
2015-02-01,Gatsibo,off,-0.6950921774628052
2015-03-01,Gatsibo,A,-0.38605798791971185
2015-04-01,Gatsibo,A,0.9964507338712222
2015-05-01,Gatsibo,A,-1.3202857577218718
2015-06-01,Gatsibo,off,0.42717896009917994
2015-07-01,Gatsibo,off,-0.3414189171950791
2015-08-01,Gatsibo,off,-0.6361960754456032
2015-09-01,Gatsibo,off,-0.3011859497974276
2015-10-01,Gatsibo,B,-0.13045202535330871
2015-11-01,Gatsibo,B,0.09221622080098187
2015-12-01,Gatsibo,B,-0.46049671212189264
2016-01-01,Gatsibo,off,0.6765630692024833
2016-02-01,Gatsibo,off,-0.8190382016208474
2016-03-01,Gatsibo,A,0.3994619137869265
2016-04-01,Gatsibo,A,0.6474812199959462
2016-05-01,Gatsibo,A,-1.7709684117945859
2016-06-01,Gatsibo,off,-1.218273420624888
2016-07-01,Gatsibo,off,-0.27373077483091507
2016-08-01,Gatsibo,off,-1.6913874134520648
2016-09-01,Gatsibo,off,-0.019133977192716558
2016-10-01,Gatsibo,B,0.36484725268990764
2016-11-01,Gatsibo,B,0.3691251479376465
2016-12-01,Gatsibo,B,-0.5977677242363036
2017-01-01,Gatsibo,off,-1.1260544302033924
2017-02-01,Gatsibo,off,-0.31398775399543505
2017-03-01,Gatsibo,A,-0.5149379606653215
2017-04-01,Gatsibo,A,-0.7156738835553688
2017-05-01,Gatsibo,A,0.6345648680441689
2017-06-01,Gatsibo,off,-1.118013182360229
2017-07-01,Gatsibo,off,-0.11884280557641536
2017-08-01,Gatsibo,off,0.42640891793870095
2017-09-01,Gatsibo,off,1.0648834198668957
2017-10-01,Gatsibo,B,0.37551945462582514
2017-11-01,Gatsibo,B,0.036775465693676075
2017-12-01,Gatsibo,B,-1.0163915954079723
2018-01-01,Gatsibo,off,0.887137992425325
2018-02-01,Gatsibo,off,-0.9841049913669025
2018-03-01,Gatsibo,A,2.161171880590362
2018-04-01,Gatsibo,A,2.9605750773690382
2018-05-01,Gatsibo,A,1.3663884896280585
2018-06-01,Gatsibo,off,-0.09156563963020467
2018-07-01,Gatsibo,off,-0.5493297415911041
2018-08-01,Gatsibo,off,0.19767141824194412
2018-09-01,Gatsibo,off,-0.8215890270614086
2018-10-01,Gatsibo,B,-0.8655679530557672
2018-11-01,Gatsibo,B,-0.434245054308337
2018-12-01,Gatsibo,B,2.064215216535987
2019-01-01,Gatsibo,off,1.4428216995997156
2019-02-01,Gatsibo,off,-0.18828010678469012
2019-03-01,Gatsibo,A,-1.1228282346943486
2019-04-01,Gatsibo,A,0.14801886274665868
2019-05-01,Gatsibo,A,2.4908010676556303
2019-06-01,Gatsibo,off,0.08849372621668533
2019-07-01,Gatsibo,off,-0.2519570879650067
2019-08-01,Gatsibo,off,0.4628042617078415
2019-09-01,Gatsibo,off,0.47895310275560427
2019-10-01,Gatsibo,B,0.10604259412400233
2019-11-01,Gatsibo,B,1.012502667094506
2019-12-01,Gatsibo,B,0.20155992714177065
2020-01-01,Gatsibo,off,1.6903607704713748
2020-02-01,Gatsibo,off,1.2926942308067497
2020-03-01,Gatsibo,A,0.2386712754172737
2020-04-01,Gatsibo,A,2.059528416995758
2020-05-01,Gatsibo,A,-1.318622417469124
2020-06-01,Gatsibo,off,-1.0196215022329382
2020-07-01,Gatsibo,off,-0.08058450417977768
2020-08-01,Gatsibo,off,-1.3857382905682614
2020-09-01,Gatsibo,off,-0.7899906709079244
2020-10-01,Gatsibo,B,2.0518158888995783
2020-11-01,Gatsibo,B,-0.2094918087549927
2020-12-01,Gatsibo,B,1.8649144662201285
2021-01-01,Gatsibo,off,0.14268714381436665
2021-02-01,Gatsibo,off,0.0692299620655613
2021-03-01,Gatsibo,A,-0.1385530231470818
2021-04-01,Gatsibo,A,-0.35188648253682286
2021-05-01,Gatsibo,A,2.6922122264702124
2021-06-01,Gatsibo,off,-1.04631064817878
2021-07-01,Gatsibo,off,-0.42345326304190056
2021-08-01,Gatsibo,off,0.051405875489579166
2021-09-01,Gatsibo,off,0.14745204866889092
2021-10-01,Gatsibo,B,0.556156354887739
2021-11-01,Gatsibo,B,-0.7945557683504368
2021-12-01,Gatsibo,B,0.3218824437712034
2022-01-01,Gatsibo,off,0.4062642975465758
2022-02-01,Gatsibo,off,1.850452183506951
2022-03-01,Gatsibo,A,-0.48853579334100605
2022-04-01,Gatsibo,A,1.1870782730215932
2022-05-01,Gatsibo,A,0.30118276925417037
2022-06-01,Gatsibo,off,-0.8858734008640614
2022-07-01,Gatsibo,off,0.1797011482975571
2022-08-01,Gatsibo,off,0.9857144558423404
2022-09-01,Gatsibo,off,-0.3572914999585713
2022-10-01,Gatsibo,B,-0.884688429112052
2022-11-01,Gatsibo,B,-0.002607632715189597
2022-12-01,Gatsibo,B,0.27612393061363993
2023-01-01,Gatsibo,off,1.9583939067222618
2023-02-01,Gatsibo,off,-1.767987520853583
2023-03-01,Gatsibo,A,0.5069526115097663
2023-04-01,Gatsibo,A,0.5529549536519315
2023-05-01,Gatsibo,A,-0.3773628106825771
2023-06-01,Gatsibo,off,-0.8047032103365932
2023-07-01,Gatsibo,off,-0.5361636694996311
2023-08-01,Gatsibo,off,-1.9608297095296994
2023-09-01,Gatsibo,off,1.112897507633307
2023-10-01,Gatsibo,B,-0.6545917717455295
2023-11-01,Gatsibo,B,0.700464167312649
2023-12-01,Gatsibo,B,0.5972327970792755
2024-01-01,Gatsibo,off,-0.20124748933039305
2024-02-01,Gatsibo,off,-0.8304815188688349
2024-03-01,Gatsibo,A,-1.188568204487423
2024-04-01,Gatsibo,A,0.6130396493077657
2024-05-01,Gatsibo,A,-1.4730170611725735
2024-06-01,Gatsibo,off,-1.2471257271773903
2024-07-01,Gatsibo,off,-0.09263722620933589
2024-08-01,Gatsibo,off,-1.1098924095126432
2024-09-01,Gatsibo,off,-0.1316732383288688
2024-10-01,Gatsibo,B,-0.11528307231688563
2024-11-01,Gatsibo,B,2.559250924076774
2024-12-01,Gatsibo,B,-0.3050437732689237
2025-01-01,Gatsibo,off,-0.5003835769525046
2025-02-01,Gatsibo,off,-1.5310361747659698
2025-03-01,Gatsibo,A,-1.3130869674143129
2025-04-01,Gatsibo,A,1.3487838849099387
2025-05-01,Gatsibo,A,0.5631762195246787
2025-06-01,Gatsibo,off,2.239161886983287
2025-07-01,Gatsibo,off,-0.2957277554785687
2025-08-01,Gatsibo,off,0.48815621605556375
2025-09-01,Gatsibo,off,-1.470575585407759
2025-10-01,Gatsibo,B,0.8640075513020714
2025-11-01,Gatsibo,B,-0.9365739447821189
2025-12-01,Gatsibo,B,1.3686682660410363
2026-01-01,Gatsibo,off,1.1987557832471818
2026-02-01,Gatsibo,off,0.770598044512008
2026-03-01,Gatsibo,A,0.32171410429389147
2026-04-01,Gatsibo,A,0.07287829740339465
2026-05-01,Gatsibo,A,-1.4645131732066903
2026-06-01,Gatsibo,off,-0.8582693596501646
2026-07-01,Gatsibo,off,0.3256259542408408
2026-08-01,Gatsibo,off,-1.8773324792045616
2026-09-01,Gatsibo,off,-0.7884044857831668
1981-01-01,Gicumbi,off,-0.4062348332224665
1981-02-01,Gicumbi,off,-1.0410327005800741
1981-03-01,Gicumbi,A,0.8780973999632448
1981-04-01,Gicumbi,A,1.2864947762660905
1981-05-01,Gicumbi,A,0.4908768536837976
1981-06-01,Gicumbi,off,-0.15225349787817785
1981-07-01,Gicumbi,off,0.07349261069508757
1981-08-01,Gicumbi,off,0.9588311136478994
1981-09-01,Gicumbi,off,0.1742317788365403
1981-10-01,Gicumbi,B,0.13194555889076118
1981-11-01,Gicumbi,B,-1.0347493367427096
1981-12-01,Gicumbi,B,-0.4126313749317089
1982-01-01,Gicumbi,off,0.25726071202967377
1982-02-01,Gicumbi,off,-0.6943365236177944
1982-03-01,Gicumbi,A,-0.672977490867169
1982-04-01,Gicumbi,A,1.0502169296589707
1982-05-01,Gicumbi,A,0.7581114895066828
1982-06-01,Gicumbi,off,1.5732752767842502
1982-07-01,Gicumbi,off,-0.4379885007467489
1982-08-01,Gicumbi,off,-1.7041702674369952
1982-09-01,Gicumbi,off,0.6476602754991315
1982-10-01,Gicumbi,B,0.353528726933368
1982-11-01,Gicumbi,B,0.8597831314991855
1982-12-01,Gicumbi,B,-0.09281354487509914
1983-01-01,Gicumbi,off,-1.761847335319051
1983-02-01,Gicumbi,off,-0.1088803895811242
1983-03-01,Gicumbi,A,-0.6207167721295299
1983-04-01,Gicumbi,A,0.4565617389284972
1983-05-01,Gicumbi,A,-1.4072560443375608
1983-06-01,Gicumbi,off,-0.8383036189511069
1983-07-01,Gicumbi,off,-0.3672201405008296
1983-08-01,Gicumbi,off,1.0814343449309214
1983-09-01,Gicumbi,off,0.03522196013232931
1983-10-01,Gicumbi,B,0.315048932819739
1983-11-01,Gicumbi,B,0.5796733241844649
1983-12-01,Gicumbi,B,0.03455404120757997
1984-01-01,Gicumbi,off,-0.1376389814702934
1984-02-01,Gicumbi,off,0.0962303246883699
1984-03-01,Gicumbi,A,-0.06140738976430141
1984-04-01,Gicumbi,A,-0.17115345412553812
1984-05-01,Gicumbi,A,-1.9007989143015604
1984-06-01,Gicumbi,off,-1.0250054087009182
1984-07-01,Gicumbi,off,1.937688379879808
1984-08-01,Gicumbi,off,0.32573948744918363
1984-09-01,Gicumbi,off,-0.8546503598857854
1984-10-01,Gicumbi,B,-0.0008813958133056639
1984-11-01,Gicumbi,B,0.06967120673345334
1984-12-01,Gicumbi,B,-0.5352853623743087
1985-01-01,Gicumbi,off,-0.09316274109006265
1985-02-01,Gicumbi,off,0.35369455386583204
1985-03-01,Gicumbi,A,-0.6757612329089658
1985-04-01,Gicumbi,A,1.8044846388280662
1985-05-01,Gicumbi,A,-1.2829554421178104
1985-06-01,Gicumbi,off,0.13493887368773003
1985-07-01,Gicumbi,off,-0.06272527806994323
1985-08-01,Gicumbi,off,-1.7111568770144272
1985-09-01,Gicumbi,off,0.25494697070494005
1985-10-01,Gicumbi,B,0.5478496523386142
1985-11-01,Gicumbi,B,0.9605568120683118
1985-12-01,Gicumbi,B,-0.28793246011794194
1986-01-01,Gicumbi,off,-0.3510121756225868
1986-02-01,Gicumbi,off,0.1394317622713602
1986-03-01,Gicumbi,A,-0.6342270999513491
1986-04-01,Gicumbi,A,1.140923139182094
1986-05-01,Gicumbi,A,0.0006107384321891235
1986-06-01,Gicumbi,off,-0.11102627900952593
1986-07-01,Gicumbi,off,-0.43783656242516794
1986-08-01,Gicumbi,off,-1.6873122121202369
1986-09-01,Gicumbi,off,-0.27413222130051107
1986-10-01,Gicumbi,B,-0.6538402616795433
1986-11-01,Gicumbi,B,-0.05769453046917127
1986-12-01,Gicumbi,B,0.4153821727421914
1987-01-01,Gicumbi,off,0.7783550312913875
1987-02-01,Gicumbi,off,0.10844189130891352
1987-03-01,Gicumbi,A,-0.25013393428326114
1987-04-01,Gicumbi,A,-0.8005883257345727
1987-05-01,Gicumbi,A,0.6371525839112191
1987-06-01,Gicumbi,off,0.606251393159935
1987-07-01,Gicumbi,off,-0.5968231449296242
1987-08-01,Gicumbi,off,-0.3711062112434006
1987-09-01,Gicumbi,off,0.8913194785804525
1987-10-01,Gicumbi,B,-0.5722302338754796
1987-11-01,Gicumbi,B,1.216366920896025
1987-12-01,Gicumbi,B,-1.5003866748681747
1988-01-01,Gicumbi,off,-0.15771616807109143
1988-02-01,Gicumbi,off,0.5331066387669754
1988-03-01,Gicumbi,A,0.12694964286957908
1988-04-01,Gicumbi,A,0.5899915055668413
1988-05-01,Gicumbi,A,-0.8468306317497292
1988-06-01,Gicumbi,off,-1.28030698747187
1988-07-01,Gicumbi,off,1.7112242785469958
1988-08-01,Gicumbi,off,4.131239184764508
1988-09-01,Gicumbi,off,1.5222698375509023
1988-10-01,Gicumbi,B,0.3702491837542027
1988-11-01,Gicumbi,B,-0.1808990329530919
1988-12-01,Gicumbi,B,-0.9680301118569817
1989-01-01,Gicumbi,off,-0.19378319572471336
1989-02-01,Gicumbi,off,-0.9989744651533367
1989-03-01,Gicumbi,A,0.26908250612121315
1989-04-01,Gicumbi,A,-0.0013539167299663093
1989-05-01,Gicumbi,A,0.17245941820524133
1989-06-01,Gicumbi,off,0.24679076840953107
1989-07-01,Gicumbi,off,-0.015284787727403574
1989-08-01,Gicumbi,off,-0.18285726105601094
1989-09-01,Gicumbi,off,-0.3538134490091814
1989-10-01,Gicumbi,B,-0.5646552732470506
1989-11-01,Gicumbi,B,-0.45686419044340004
1989-12-01,Gicumbi,B,1.3625671661931458
1990-01-01,Gicumbi,off,-0.036139648495681694
1990-02-01,Gicumbi,off,2.3968444249549834
1990-03-01,Gicumbi,A,-0.1351119586250435
1990-04-01,Gicumbi,A,1.1778775082040187
1990-05-01,Gicumbi,A,-0.5502217379849292
1990-06-01,Gicumbi,off,-1.201821379870032
1990-07-01,Gicumbi,off,-0.3183773516739911
1990-08-01,Gicumbi,off,-0.5677033391051408
1990-09-01,Gicumbi,off,0.483356302954101
1990-10-01,Gicumbi,B,-0.5277603215073378
1990-11-01,Gicumbi,B,-0.21173519375057215
1990-12-01,Gicumbi,B,-0.198710229958646
1991-01-01,Gicumbi,off,-0.4492969224766246
1991-02-01,Gicumbi,off,0.1149714203191834
1991-03-01,Gicumbi,A,-0.8832290491425562
1991-04-01,Gicumbi,A,-0.4801011240617419
1991-05-01,Gicumbi,A,2.376373393886965
1991-06-01,Gicumbi,off,0.23644205849578706
1991-07-01,Gicumbi,off,-0.09337892799352042
1991-08-01,Gicumbi,off,-1.4970964497439623
1991-09-01,Gicumbi,off,-0.8568617634984821
1991-10-01,Gicumbi,B,0.6307692704985544
1991-11-01,Gicumbi,B,-0.833765080638523
1991-12-01,Gicumbi,B,0.4318490358541874
1992-01-01,Gicumbi,off,-1.1971366479703198
1992-02-01,Gicumbi,off,-0.675327362389625
1992-03-01,Gicumbi,A,-0.5959871870194882
1992-04-01,Gicumbi,A,0.14375445484287633
1992-05-01,Gicumbi,A,-0.8843942177546885
1992-06-01,Gicumbi,off,0.8894068451802932
1992-07-01,Gicumbi,off,-0.3206768962411674
1992-08-01,Gicumbi,off,-1.7833931049551315
1992-09-01,Gicumbi,off,0.01910801300588087
1992-10-01,Gicumbi,B,0.2139425418827965
1992-11-01,Gicumbi,B,-0.9618843245050651
1992-12-01,Gicumbi,B,0.6573440048867839
1993-01-01,Gicumbi,off,1.195777220342159
1993-02-01,Gicumbi,off,0.15215828600790052
1993-03-01,Gicumbi,A,-0.8407042356279025
1993-04-01,Gicumbi,A,-0.9471891947257775
1993-05-01,Gicumbi,A,-0.13902751240133226
1993-06-01,Gicumbi,off,-0.7085622469628929
1993-07-01,Gicumbi,off,-0.5372940935163232
1993-08-01,Gicumbi,off,1.498843679863223
1993-09-01,Gicumbi,off,-1.5390989106224038
1993-10-01,Gicumbi,B,-1.6848006626402008
1993-11-01,Gicumbi,B,-0.20921192369162092
1993-12-01,Gicumbi,B,-1.1584519253121326
1994-01-01,Gicumbi,off,0.8387568861530427
1994-02-01,Gicumbi,off,-0.5172850183360862
1994-03-01,Gicumbi,A,0.6059106379628377
1994-04-01,Gicumbi,A,-0.6612170509798033
1994-05-01,Gicumbi,A,1.492925866025108
1994-06-01,Gicumbi,off,-1.0344231744917525
1994-07-01,Gicumbi,off,-0.06868345912257016
1994-08-01,Gicumbi,off,0.4979929619016807
1994-09-01,Gicumbi,off,-0.5250169907010067
1994-10-01,Gicumbi,B,-0.5718922299879864
1994-11-01,Gicumbi,B,0.8413738658171116
1994-12-01,Gicumbi,B,1.3199535624149465
1995-01-01,Gicumbi,off,-0.0710105718119807
1995-02-01,Gicumbi,off,-0.8291116476368682
1995-03-01,Gicumbi,A,-0.29174412444357717
1995-04-01,Gicumbi,A,0.4970840722765578
1995-05-01,Gicumbi,A,0.12386694352619074
1995-06-01,Gicumbi,off,3.265219915632256
1995-07-01,Gicumbi,off,-0.5703731549188484
1995-08-01,Gicumbi,off,-1.7650399659889835
1995-09-01,Gicumbi,off,0.03344355762513959
1995-10-01,Gicumbi,B,-0.36065329272708857
1995-11-01,Gicumbi,B,0.07098743324809455
1995-12-01,Gicumbi,B,-1.3903308020402683
1996-01-01,Gicumbi,off,-0.8968609518331638
1996-02-01,Gicumbi,off,0.20893116350163804
1996-03-01,Gicumbi,A,-0.06962781863111071
1996-04-01,Gicumbi,A,-0.4310220637713345
1996-05-01,Gicumbi,A,-1.1242581763260917
1996-06-01,Gicumbi,off,0.6518839099196593
1996-07-01,Gicumbi,off,2.059306939465969
1996-08-01,Gicumbi,off,1.7076211194684032
1996-09-01,Gicumbi,off,-0.03835854667574009
1996-10-01,Gicumbi,B,-1.012532588725599
1996-11-01,Gicumbi,B,-0.36119954874114174
1996-12-01,Gicumbi,B,-0.6497777659599141
1997-01-01,Gicumbi,off,1.3254763762358073
1997-02-01,Gicumbi,off,-1.8138878392359707
1997-03-01,Gicumbi,A,-0.46550646110396143
1997-04-01,Gicumbi,A,0.6506323501859544
1997-05-01,Gicumbi,A,-0.708937679666241
1997-06-01,Gicumbi,off,0.40294499873410333
1997-07-01,Gicumbi,off,-0.2921349204597549
1997-08-01,Gicumbi,off,-0.0058055356695345724
1997-09-01,Gicumbi,off,0.3994084543636474
1997-10-01,Gicumbi,B,0.8481224540980665
1997-11-01,Gicumbi,B,1.1372757940712588
1997-12-01,Gicumbi,B,1.2370561638313695
1998-01-01,Gicumbi,off,2.525216349095573
1998-02-01,Gicumbi,off,2.0443716203582363
1998-03-01,Gicumbi,A,-0.1383712700345426
1998-04-01,Gicumbi,A,-0.09163074587102181
1998-05-01,Gicumbi,A,0.8923579548879321
1998-06-01,Gicumbi,off,0.7536828715154048
1998-07-01,Gicumbi,off,0.12645812691141053
1998-08-01,Gicumbi,off,-1.1879374902353956
1998-09-01,Gicumbi,off,-0.3727284384122194
1998-10-01,Gicumbi,B,0.33397693041458504
1998-11-01,Gicumbi,B,-0.8144694420491276
1998-12-01,Gicumbi,B,-1.183223836569125
1999-01-01,Gicumbi,off,0.14651071680434744
1999-02-01,Gicumbi,off,-1.7775364142111838
1999-03-01,Gicumbi,A,0.8333545796928444
1999-04-01,Gicumbi,A,-0.8412053921749238
1999-05-01,Gicumbi,A,-1.6446341616658688
1999-06-01,Gicumbi,off,-0.22748887339221055
1999-07-01,Gicumbi,off,-0.5922439752768053
1999-08-01,Gicumbi,off,1.6183725977945307
1999-09-01,Gicumbi,off,-0.501551115107882
1999-10-01,Gicumbi,B,-1.0823659108999173
1999-11-01,Gicumbi,B,-0.2297531571754995
1999-12-01,Gicumbi,B,-0.16219846961536588
2000-01-01,Gicumbi,off,-0.7394337015599749
2000-02-01,Gicumbi,off,-1.1325281507762528
2000-03-01,Gicumbi,A,-0.8467177180035739
2000-04-01,Gicumbi,A,-1.1556219392585085
2000-05-01,Gicumbi,A,-0.5390349351447972
2000-06-01,Gicumbi,off,-0.7537437800575372
2000-07-01,Gicumbi,off,0.049565461538964094
2000-08-01,Gicumbi,off,-1.3117539610119555
2000-09-01,Gicumbi,off,-1.712600247048497
2000-10-01,Gicumbi,B,0.6399004818914935
2000-11-01,Gicumbi,B,0.8057156387497175
2000-12-01,Gicumbi,B,-0.07398985492996664
2001-01-01,Gicumbi,off,0.14378021810601044
2001-02-01,Gicumbi,off,-0.6208298509542624
2001-03-01,Gicumbi,A,1.1440521045477867
2001-04-01,Gicumbi,A,-0.6468541363326018
2001-05-01,Gicumbi,A,-1.045427125295591
2001-06-01,Gicumbi,off,-0.9711386955211259
2001-07-01,Gicumbi,off,1.3402172437859545
2001-08-01,Gicumbi,off,0.40850299630218234
2001-09-01,Gicumbi,off,0.6694952187798504
2001-10-01,Gicumbi,B,1.6910602165941357
2001-11-01,Gicumbi,B,1.1808059691309958
2001-12-01,Gicumbi,B,-0.03750297743074629
2002-01-01,Gicumbi,off,0.6943799337306146
2002-02-01,Gicumbi,off,-0.6033614010939585
2002-03-01,Gicumbi,A,-0.23690269930769187
2002-04-01,Gicumbi,A,-0.48407425724542785
2002-05-01,Gicumbi,A,1.6617710951766116
2002-06-01,Gicumbi,off,-1.3398707053861836
2002-07-01,Gicumbi,off,-0.3325521537809357
2002-08-01,Gicumbi,off,-1.2784607596803177
2002-09-01,Gicumbi,off,-1.2192926580766086
2002-10-01,Gicumbi,B,0.21772027705839336
2002-11-01,Gicumbi,B,-0.3910368520894419
2002-12-01,Gicumbi,B,0.7750661157905469
2003-01-01,Gicumbi,off,-0.3812724432989573
2003-02-01,Gicumbi,off,-0.9512354577187428
2003-03-01,Gicumbi,A,-0.8832306228916496
2003-04-01,Gicumbi,A,0.32560403497475066
2003-05-01,Gicumbi,A,0.3331229679344003
2003-06-01,Gicumbi,off,0.31133298105261376
2003-07-01,Gicumbi,off,-0.046270641777828254
2003-08-01,Gicumbi,off,1.0492902335580898
2003-09-01,Gicumbi,off,1.0798314759764789
2003-10-01,Gicumbi,B,0.1522500476858197
2003-11-01,Gicumbi,B,-0.40545603652066736
2003-12-01,Gicumbi,B,-1.077317565922917
2004-01-01,Gicumbi,off,0.6426014975561117
2004-02-01,Gicumbi,off,0.778729099345173
2004-03-01,Gicumbi,A,-0.15898555629103112
2004-04-01,Gicumbi,A,0.579162901226698
2004-05-01,Gicumbi,A,-1.1966719297676964
2004-06-01,Gicumbi,off,-1.276004731628094
2004-07-01,Gicumbi,off,-0.29459871821030154
2004-08-01,Gicumbi,off,-1.0597544600069906
2004-09-01,Gicumbi,off,0.6746436894159666
2004-10-01,Gicumbi,B,-0.46510965622760764
2004-11-01,Gicumbi,B,1.0867370980044027
2004-12-01,Gicumbi,B,0.7651124719254866
2005-01-01,Gicumbi,off,-0.3379235245159437
2005-02-01,Gicumbi,off,-0.42800867541949567
2005-03-01,Gicumbi,A,0.7475137750685213
2005-04-01,Gicumbi,A,-0.6560111880253437
2005-05-01,Gicumbi,A,0.3049169050451818
2005-06-01,Gicumbi,off,-0.8297859275894238
2005-07-01,Gicumbi,off,-0.6348920694722032
2005-08-01,Gicumbi,off,1.920648418977259
2005-09-01,Gicumbi,off,1.2337861333196516
2005-10-01,Gicumbi,B,1.3613726025892003
2005-11-01,Gicumbi,B,-1.3050862392228864
2005-12-01,Gicumbi,B,-1.558352707295339
2006-01-01,Gicumbi,off,-0.5080044988735465
2006-02-01,Gicumbi,off,0.3291444201734129
2006-03-01,Gicumbi,A,-0.11624534825008559
2006-04-01,Gicumbi,A,0.7213975189127334
2006-05-01,Gicumbi,A,0.7176932106878525
2006-06-01,Gicumbi,off,-0.9150815987340127
2006-07-01,Gicumbi,off,0.6086212832110711
2006-08-01,Gicumbi,off,3.118965172394496
2006-09-01,Gicumbi,off,-1.1115140442080849
2006-10-01,Gicumbi,B,-0.9772227214750484
2006-11-01,Gicumbi,B,1.2830638931896732
2006-12-01,Gicumbi,B,2.402201995121016
2007-01-01,Gicumbi,off,0.17598610188207517
2007-02-01,Gicumbi,off,0.9691194818394049
2007-03-01,Gicumbi,A,-0.4633526038829454
2007-04-01,Gicumbi,A,-0.2891929561052408
2007-05-01,Gicumbi,A,2.9532052288174073
2007-06-01,Gicumbi,off,0.870959094179477
2007-07-01,Gicumbi,off,2.3394615711167592
2007-08-01,Gicumbi,off,0.2940024488401484
2007-09-01,Gicumbi,off,0.7865046964751771
2007-10-01,Gicumbi,B,-0.7012397134880283
2007-11-01,Gicumbi,B,-0.21123530280596828
2007-12-01,Gicumbi,B,-0.9810824456768497
2008-01-01,Gicumbi,off,-0.5526756530313769
2008-02-01,Gicumbi,off,-0.5593786796252868
2008-03-01,Gicumbi,A,0.15318665950651417
2008-04-01,Gicumbi,A,-1.2015202215207579
2008-05-01,Gicumbi,A,-0.2824811033101203
2008-06-01,Gicumbi,off,1.8030250910935233
2008-07-01,Gicumbi,off,-0.3534883542663514
2008-08-01,Gicumbi,off,0.6454012302093292
2008-09-01,Gicumbi,off,-0.4944004064204173
2008-10-01,Gicumbi,B,-0.3724974274526139
2008-11-01,Gicumbi,B,-0.7975024018563291
2008-12-01,Gicumbi,B,-1.0160843973617386
2009-01-01,Gicumbi,off,-0.36477522773940674
2009-02-01,Gicumbi,off,2.77428426368585
2009-03-01,Gicumbi,A,-0.64347528602342
2009-04-01,Gicumbi,A,-0.352994879375745
2009-05-01,Gicumbi,A,0.6402664060688498
2009-06-01,Gicumbi,off,-0.6542130421204339
2009-07-01,Gicumbi,off,-0.5830855809449768
2009-08-01,Gicumbi,off,-1.0335253011102854
2009-09-01,Gicumbi,off,-1.5667685011545218
2009-10-01,Gicumbi,B,-0.32730491113002974
2009-11-01,Gicumbi,B,-0.32177549416611806
2009-12-01,Gicumbi,B,-0.410326393776754
2010-01-01,Gicumbi,off,0.641728562044897
2010-02-01,Gicumbi,off,4.637743617341913
2010-03-01,Gicumbi,A,0.06302195173444798
2010-04-01,Gicumbi,A,-0.3729797870524194
2010-05-01,Gicumbi,A,-0.5850740074221119
2010-06-01,Gicumbi,off,1.0532554759858308
2010-07-01,Gicumbi,off,-0.07479934524170909
2010-08-01,Gicumbi,off,-1.926019222992604
2010-09-01,Gicumbi,off,-0.27800443644791556
2010-10-01,Gicumbi,B,0.18179620745180539
2010-11-01,Gicumbi,B,-0.5995850195626874
2010-12-01,Gicumbi,B,0.7688781343545399
2011-01-01,Gicumbi,off,0.08351657803363075
2011-02-01,Gicumbi,off,0.760506801658561
2011-03-01,Gicumbi,A,0.1570747552129539
2011-04-01,Gicumbi,A,-0.289277289247228
2011-05-01,Gicumbi,A,-0.1718343482263811
2011-06-01,Gicumbi,off,2.087715685831108
2011-07-01,Gicumbi,off,0.5014212367365922
2011-08-01,Gicumbi,off,2.225796002098642
2011-09-01,Gicumbi,off,3.103894455838522
2011-10-01,Gicumbi,B,1.35574732999868
2011-11-01,Gicumbi,B,0.25734859986366937
2011-12-01,Gicumbi,B,-0.4049490692077622
2012-01-01,Gicumbi,off,-0.9869626105943407
2012-02-01,Gicumbi,off,-0.628496826381094
2012-03-01,Gicumbi,A,-0.6621102471349434
2012-04-01,Gicumbi,A,1.4569520527408755
2012-05-01,Gicumbi,A,1.5248670297962963
2012-06-01,Gicumbi,off,0.4754040277265541
2012-07-01,Gicumbi,off,-0.27801216212528407
2012-08-01,Gicumbi,off,1.5647402191563458
2012-09-01,Gicumbi,off,0.6577114697975184
2012-10-01,Gicumbi,B,0.8719440630177745
2012-11-01,Gicumbi,B,0.24733662823500108
2012-12-01,Gicumbi,B,0.6986353292692127
2013-01-01,Gicumbi,off,-0.10133791641650088
2013-02-01,Gicumbi,off,-0.31737868131386526
2013-03-01,Gicumbi,A,1.384524817882211
2013-04-01,Gicumbi,A,-0.10562721909466133
2013-05-01,Gicumbi,A,-0.8895500729057825
2013-06-01,Gicumbi,off,-1.290665833210196
2013-07-01,Gicumbi,off,-0.5180180992775014
2013-08-01,Gicumbi,off,-0.6141627234480677
2013-09-01,Gicumbi,off,0.9534140161472695
2013-10-01,Gicumbi,B,-0.8755237094546038
2013-11-01,Gicumbi,B,0.29059410449200995
2013-12-01,Gicumbi,B,1.0293062063004892
2014-01-01,Gicumbi,off,-0.71290529922548
2014-02-01,Gicumbi,off,0.4715416292518177
2014-03-01,Gicumbi,A,-0.06089335708833234
2014-04-01,Gicumbi,A,-0.424845384715182
2014-05-01,Gicumbi,A,-1.982404837151695
2014-06-01,Gicumbi,off,-0.15154504666033922
2014-07-01,Gicumbi,off,-0.3423700370248871
2014-08-01,Gicumbi,off,-0.07902607213423193
2014-09-01,Gicumbi,off,-0.029683205273736805
2014-10-01,Gicumbi,B,-0.13423831877856904
2014-11-01,Gicumbi,B,-0.1469435803944888
2014-12-01,Gicumbi,B,-0.7655227197506812
2015-01-01,Gicumbi,off,-1.731617563158333
2015-02-01,Gicumbi,off,-0.7280880160928204
2015-03-01,Gicumbi,A,-0.15580935644205468
2015-04-01,Gicumbi,A,0.6241632660865256
2015-05-01,Gicumbi,A,-0.928932956883889
2015-06-01,Gicumbi,off,0.8094477352016003
2015-07-01,Gicumbi,off,-0.3904704674943247
2015-08-01,Gicumbi,off,-0.7851854490727058
2015-09-01,Gicumbi,off,-0.23724872601399044
2015-10-01,Gicumbi,B,-0.08796221567623477
2015-11-01,Gicumbi,B,0.234423037455853
2015-12-01,Gicumbi,B,-0.5413084853388328
2016-01-01,Gicumbi,off,0.8013031544379584
2016-02-01,Gicumbi,off,-1.3248951071058461
2016-03-01,Gicumbi,A,0.8906447143974074
2016-04-01,Gicumbi,A,0.6278038539809732
2016-05-01,Gicumbi,A,-1.6010595914743584
2016-06-01,Gicumbi,off,-1.2450245892964076
2016-07-01,Gicumbi,off,-0.05033035317213761
2016-08-01,Gicumbi,off,-1.8073417913628371
2016-09-01,Gicumbi,off,0.47039295749207116
2016-10-01,Gicumbi,B,1.053200757940423
2016-11-01,Gicumbi,B,0.8174829899268089
2016-12-01,Gicumbi,B,-1.0544520480959014
2017-01-01,Gicumbi,off,-1.0509236476018744
2017-02-01,Gicumbi,off,-0.7580437248012463
2017-03-01,Gicumbi,A,-0.6515491691354715
2017-04-01,Gicumbi,A,-0.5645257966170776
2017-05-01,Gicumbi,A,-0.05267412779251074
2017-06-01,Gicumbi,off,-1.0862952652451812
2017-07-01,Gicumbi,off,-0.02263831195364995
2017-08-01,Gicumbi,off,0.21228236865191763
2017-09-01,Gicumbi,off,0.9098538077918942
2017-10-01,Gicumbi,B,0.7457467739883304
2017-11-01,Gicumbi,B,-0.0630546648557564
2017-12-01,Gicumbi,B,-1.0224751613208123
2018-01-01,Gicumbi,off,0.953921247585897
2018-02-01,Gicumbi,off,-1.1170862165232447
2018-03-01,Gicumbi,A,1.9080798864434283
2018-04-01,Gicumbi,A,3.049705542293603
2018-05-01,Gicumbi,A,0.9896887346602927
2018-06-01,Gicumbi,off,-0.314953093751102
2018-07-01,Gicumbi,off,-0.43818224796907596
2018-08-01,Gicumbi,off,-0.02050299855936608
2018-09-01,Gicumbi,off,-0.7810093792926152
2018-10-01,Gicumbi,B,-0.694897592682756
2018-11-01,Gicumbi,B,-0.07569439027690364
2018-12-01,Gicumbi,B,2.094980089636656
2019-01-01,Gicumbi,off,1.2177800485349255
2019-02-01,Gicumbi,off,-0.5559243663962814
2019-03-01,Gicumbi,A,-1.1456993631814987
2019-04-01,Gicumbi,A,0.007184629558516777
2019-05-01,Gicumbi,A,1.5268995872794835
2019-06-01,Gicumbi,off,0.3168981650413797
2019-07-01,Gicumbi,off,-0.14807331213891925
2019-08-01,Gicumbi,off,-0.07115281451851779
2019-09-01,Gicumbi,off,-0.16930369365245376
2019-10-01,Gicumbi,B,-0.17269308698003874
2019-11-01,Gicumbi,B,0.47644429788789605
2019-12-01,Gicumbi,B,0.21240217167732178
2020-01-01,Gicumbi,off,1.6534747411699646
2020-02-01,Gicumbi,off,1.0351045362651135
2020-03-01,Gicumbi,A,-0.2042573213354548
2020-04-01,Gicumbi,A,1.285784938388211
2020-05-01,Gicumbi,A,-1.8665337303129563
2020-06-01,Gicumbi,off,-0.8777327029200869
2020-07-01,Gicumbi,off,-0.4626293946403898
2020-08-01,Gicumbi,off,-1.4728366122305008
2020-09-01,Gicumbi,off,-0.7037240250029828
2020-10-01,Gicumbi,B,1.7696058137505841
2020-11-01,Gicumbi,B,-0.10257409082689876
2020-12-01,Gicumbi,B,1.4326017521676289
2021-01-01,Gicumbi,off,0.8490803500498592
2021-02-01,Gicumbi,off,0.5026360499792225
2021-03-01,Gicumbi,A,-0.2645783097052241
2021-04-01,Gicumbi,A,-0.3806430757243811
2021-05-01,Gicumbi,A,1.3251069854083495
2021-06-01,Gicumbi,off,-1.008909334081658
2021-07-01,Gicumbi,off,0.260983960269869
2021-08-01,Gicumbi,off,0.19903426264585464
2021-09-01,Gicumbi,off,0.34412908677020704
2021-10-01,Gicumbi,B,0.6003679596866348
2021-11-01,Gicumbi,B,-0.9890404326231349
2021-12-01,Gicumbi,B,0.4111756184516856
2022-01-01,Gicumbi,off,0.2235230091183842
2022-02-01,Gicumbi,off,2.194233253450412
2022-03-01,Gicumbi,A,-0.3669110033537035
2022-04-01,Gicumbi,A,-0.3302903021553361
2022-05-01,Gicumbi,A,1.041311622795012
2022-06-01,Gicumbi,off,-0.8335295135102131
2022-07-01,Gicumbi,off,0.027377855393180953
2022-08-01,Gicumbi,off,1.263431428273295
2022-09-01,Gicumbi,off,-0.19237414002402695
2022-10-01,Gicumbi,B,-0.9984126147164469
2022-11-01,Gicumbi,B,0.38819939893143746
2022-12-01,Gicumbi,B,0.2273057846931759
2023-01-01,Gicumbi,off,1.8081141334421889
2023-02-01,Gicumbi,off,-1.812751207207052
2023-03-01,Gicumbi,A,0.6239511071003284
2023-04-01,Gicumbi,A,1.1263402738398962
2023-05-01,Gicumbi,A,0.713966969022808
2023-06-01,Gicumbi,off,-1.1250247902289627
2023-07-01,Gicumbi,off,-0.569893436576263
2023-08-01,Gicumbi,off,-2.1921190206404315
2023-09-01,Gicumbi,off,0.2419094609412195
2023-10-01,Gicumbi,B,-0.928544141810626
2023-11-01,Gicumbi,B,0.3894618648564125
2023-12-01,Gicumbi,B,0.20051320161048683
2024-01-01,Gicumbi,off,-0.44823223169123616
2024-02-01,Gicumbi,off,-1.360682073452239
2024-03-01,Gicumbi,A,-1.2058852622497018
2024-04-01,Gicumbi,A,0.5771340855245727
2024-05-01,Gicumbi,A,-1.2971008932538972
2024-06-01,Gicumbi,off,-1.2799569988797415
2024-07-01,Gicumbi,off,-0.1755120788004852
2024-08-01,Gicumbi,off,-1.1917266598537073
2024-09-01,Gicumbi,off,0.25215250956092494
2024-10-01,Gicumbi,B,-0.03919932488030152
2024-11-01,Gicumbi,B,3.0189949842821737
2024-12-01,Gicumbi,B,-0.42005915150155265
2025-01-01,Gicumbi,off,-0.31274265859938577
2025-02-01,Gicumbi,off,-1.248456044645222
2025-03-01,Gicumbi,A,-1.3917178472641216
2025-04-01,Gicumbi,A,1.2800569318970696
2025-05-01,Gicumbi,A,-0.006944775939957948
2025-06-01,Gicumbi,off,2.3064444251855667
2025-07-01,Gicumbi,off,-0.18921580167700044
2025-08-01,Gicumbi,off,1.2853824768193098
2025-09-01,Gicumbi,off,-1.255557185738857
2025-10-01,Gicumbi,B,0.7454034105497288
2025-11-01,Gicumbi,B,-0.996825406216271
2025-12-01,Gicumbi,B,1.0901804720264212
2026-01-01,Gicumbi,off,1.71312693019591
2026-02-01,Gicumbi,off,0.26949475134706535
2026-03-01,Gicumbi,A,0.045830228594132605
2026-04-01,Gicumbi,A,0.14662341044573485
2026-05-01,Gicumbi,A,-1.4390839532002027
2026-06-01,Gicumbi,off,-1.1465277054666492
2026-07-01,Gicumbi,off,0.07569305309032147
2026-08-01,Gicumbi,off,-1.9897935781408747
2026-09-01,Gicumbi,off,-0.759508048809261
1981-01-01,Gisagara,off,-0.916934227945058
1981-02-01,Gisagara,off,-1.0265064800683046
1981-03-01,Gisagara,A,0.8452556967263285
1981-04-01,Gisagara,A,0.8119094154935028
1981-05-01,Gisagara,A,1.3679572949058783
1981-06-01,Gisagara,off,0.16686861336627232
1981-07-01,Gisagara,off,-0.1984170506826713
1981-08-01,Gisagara,off,2.2488250034096637
1981-09-01,Gisagara,off,0.6941713270528083
1981-10-01,Gisagara,B,0.014214931657672566
1981-11-01,Gisagara,B,-0.8003697455389808
1981-12-01,Gisagara,B,-0.721087284992325
1982-01-01,Gisagara,off,0.010199886524100112
1982-02-01,Gisagara,off,-0.6284856828333826
1982-03-01,Gisagara,A,-1.2830022885601438
1982-04-01,Gisagara,A,1.1082515442146155
1982-05-01,Gisagara,A,-0.17076115305314019
1982-06-01,Gisagara,off,0.17734083503215384
1982-07-01,Gisagara,off,-0.2546047524766085
1982-08-01,Gisagara,off,-1.408862154016032
1982-09-01,Gisagara,off,1.1617585075939016
1982-10-01,Gisagara,B,-0.25876062183342763
1982-11-01,Gisagara,B,1.1256413671547894
1982-12-01,Gisagara,B,1.3796477859203897
1983-01-01,Gisagara,off,-1.850624532133517
1983-02-01,Gisagara,off,0.49612996463525577
1983-03-01,Gisagara,A,-0.46141551555525034
1983-04-01,Gisagara,A,1.774005654506875
1983-05-01,Gisagara,A,-0.8117619777836039
1983-06-01,Gisagara,off,-0.11316410167183263
1983-07-01,Gisagara,off,-0.23610023701919988
1983-08-01,Gisagara,off,1.199071960435638
1983-09-01,Gisagara,off,0.7731454172253003
1983-10-01,Gisagara,B,-0.4516889799630011
1983-11-01,Gisagara,B,-0.18164109384226315
1983-12-01,Gisagara,B,-0.269191133131677
1984-01-01,Gisagara,off,0.569340775933371
1984-02-01,Gisagara,off,-0.698984727409042
1984-03-01,Gisagara,A,-0.8607825655194535
1984-04-01,Gisagara,A,-1.0191288119849256
1984-05-01,Gisagara,A,-2.189347347315439
1984-06-01,Gisagara,off,-1.015544404865257
1984-07-01,Gisagara,off,1.8504162740293333
1984-08-01,Gisagara,off,1.794787350225592
1984-09-01,Gisagara,off,-1.4034479939387972
1984-10-01,Gisagara,B,0.6974300823507433
1984-11-01,Gisagara,B,0.21338364846860777
1984-12-01,Gisagara,B,-0.5147401792371196
1985-01-01,Gisagara,off,-1.739517687465974
1985-02-01,Gisagara,off,0.8273087847918051
1985-03-01,Gisagara,A,-0.5831725975767599
1985-04-01,Gisagara,A,1.4514971547120075
1985-05-01,Gisagara,A,-0.8554712887786312
1985-06-01,Gisagara,off,0.37877204567031475
1985-07-01,Gisagara,off,-0.4673880285773679
1985-08-01,Gisagara,off,-1.6139873216104377
1985-09-01,Gisagara,off,1.7594812969112106
1985-10-01,Gisagara,B,-0.21100857064710335
1985-11-01,Gisagara,B,0.03161210340759022
1985-12-01,Gisagara,B,0.0734650961130247
1986-01-01,Gisagara,off,-0.09559454049151815
1986-02-01,Gisagara,off,-0.052290487831081214
1986-03-01,Gisagara,A,-0.40172371783488653
1986-04-01,Gisagara,A,3.719648782461675
1986-05-01,Gisagara,A,-0.9189673986408282
1986-06-01,Gisagara,off,-0.29900135055642174
1986-07-01,Gisagara,off,-0.4578382782788783
1986-08-01,Gisagara,off,-1.4838520707671183
1986-09-01,Gisagara,off,-0.8085205039332405
1986-10-01,Gisagara,B,0.11949422612543996
1986-11-01,Gisagara,B,-0.30738111889085395
1986-12-01,Gisagara,B,-0.3949464374407089
1987-01-01,Gisagara,off,-0.00845228743776275
1987-02-01,Gisagara,off,0.2958812747978689
1987-03-01,Gisagara,A,0.5338005673934562
1987-04-01,Gisagara,A,-0.5776821866075571
1987-05-01,Gisagara,A,1.6542202793918774
1987-06-01,Gisagara,off,-0.654290910801815
1987-07-01,Gisagara,off,-0.03254016456295927
1987-08-01,Gisagara,off,-0.8874760263368219
1987-09-01,Gisagara,off,1.6910941906389552
1987-10-01,Gisagara,B,-0.0684870855398491
1987-11-01,Gisagara,B,1.513706898492363
1987-12-01,Gisagara,B,-1.3513172154271085
1988-01-01,Gisagara,off,0.6899656155404058
1988-02-01,Gisagara,off,0.3771805194249598
1988-03-01,Gisagara,A,0.31717029565317356
1988-04-01,Gisagara,A,1.8881935184193417
1988-05-01,Gisagara,A,-1.315139204025095
1988-06-01,Gisagara,off,-0.7064774709180576
1988-07-01,Gisagara,off,0.23966668329521942
1988-08-01,Gisagara,off,4.537988410616904
1988-09-01,Gisagara,off,0.13666921103098958
1988-10-01,Gisagara,B,0.19421278500075287
1988-11-01,Gisagara,B,0.33482069374066903
1988-12-01,Gisagara,B,-0.44484286459901645
1989-01-01,Gisagara,off,0.17205521760571865
1989-02-01,Gisagara,off,0.07630225120264648
1989-03-01,Gisagara,A,0.17397682509238122
1989-04-01,Gisagara,A,-0.4620813602225647
1989-05-01,Gisagara,A,-0.5636914957724469
1989-06-01,Gisagara,off,0.03962001302066609
1989-07-01,Gisagara,off,0.13529665023395004
1989-08-01,Gisagara,off,1.0246606118585773
1989-09-01,Gisagara,off,-0.7814487527878152
1989-10-01,Gisagara,B,-0.33315050882820685
1989-11-01,Gisagara,B,-0.7223574546106821
1989-12-01,Gisagara,B,0.970765089951318
1990-01-01,Gisagara,off,-0.9469276734556661
1990-02-01,Gisagara,off,2.6265138923496343
1990-03-01,Gisagara,A,-0.5444967738400808
1990-04-01,Gisagara,A,-0.004841706475171231
1990-05-01,Gisagara,A,-0.8289393451799837
1990-06-01,Gisagara,off,-1.1378300866597806
1990-07-01,Gisagara,off,-0.259546295722637
1990-08-01,Gisagara,off,-1.3346591191776742
1990-09-01,Gisagara,off,0.11347822425661912
1990-10-01,Gisagara,B,-0.9306890186317736
1990-11-01,Gisagara,B,-0.017256765522530193
1990-12-01,Gisagara,B,-0.11386889391224964
1991-01-01,Gisagara,off,-1.0095825850883673
1991-02-01,Gisagara,off,-0.42227603449513446
1991-03-01,Gisagara,A,-0.5636449644961393
1991-04-01,Gisagara,A,0.05914043151637898
1991-05-01,Gisagara,A,1.772042839995714
1991-06-01,Gisagara,off,0.7223611151509517
1991-07-01,Gisagara,off,-0.08389475440714783
1991-08-01,Gisagara,off,-1.525294134138663
1991-09-01,Gisagara,off,-1.2998022716461064
1991-10-01,Gisagara,B,0.6721037574099796
1991-11-01,Gisagara,B,-0.9006947901429588
1991-12-01,Gisagara,B,-0.17416917755355618
1992-01-01,Gisagara,off,-1.0854267422487986
1992-02-01,Gisagara,off,-0.3852248681673736
1992-03-01,Gisagara,A,-0.8836877205066224
1992-04-01,Gisagara,A,0.5756942414094511
1992-05-01,Gisagara,A,-0.2588751715451257
1992-06-01,Gisagara,off,0.5682182648194699
1992-07-01,Gisagara,off,-0.4193133344427057
1992-08-01,Gisagara,off,-1.6577695278765452
1992-09-01,Gisagara,off,-0.4116768249494638
1992-10-01,Gisagara,B,0.5710605987506615
1992-11-01,Gisagara,B,0.5719304204263274
1992-12-01,Gisagara,B,-0.4819006750561353
1993-01-01,Gisagara,off,1.2705878028818378
1993-02-01,Gisagara,off,0.008190473624215079
1993-03-01,Gisagara,A,-0.7488569493553467
1993-04-01,Gisagara,A,-0.5431961687402729
1993-05-01,Gisagara,A,-0.09409175923323553
1993-06-01,Gisagara,off,-0.7441353670584978
1993-07-01,Gisagara,off,-0.40394408743457033
1993-08-01,Gisagara,off,3.005501071011002
1993-09-01,Gisagara,off,-1.6409506190887768
1993-10-01,Gisagara,B,-1.8152858062570933
1993-11-01,Gisagara,B,-0.6391121959476742
1993-12-01,Gisagara,B,-1.7019331451981359
1994-01-01,Gisagara,off,0.1098817145309491
1994-02-01,Gisagara,off,-0.41487211427101217
1994-03-01,Gisagara,A,-0.17401297340124056
1994-04-01,Gisagara,A,-0.5802565742108775
1994-05-01,Gisagara,A,0.2483332453615083
1994-06-01,Gisagara,off,-0.8915235538805848
1994-07-01,Gisagara,off,-0.18132800322805162
1994-08-01,Gisagara,off,-0.5078361234858109
1994-09-01,Gisagara,off,-1.0465766499340252
1994-10-01,Gisagara,B,-0.3078898422028105
1994-11-01,Gisagara,B,0.5416251370666403
1994-12-01,Gisagara,B,0.2116055273310983
1995-01-01,Gisagara,off,-0.20808303968870606
1995-02-01,Gisagara,off,-0.09645112983548483
1995-03-01,Gisagara,A,-0.5121529060495907
1995-04-01,Gisagara,A,0.0374663531642272
1995-05-01,Gisagara,A,0.46183825958816743
1995-06-01,Gisagara,off,2.394399555439848
1995-07-01,Gisagara,off,-0.35933418372033793
1995-08-01,Gisagara,off,-1.5383687181006647
1995-09-01,Gisagara,off,-0.5927705793328076
1995-10-01,Gisagara,B,1.0707686325180585
1995-11-01,Gisagara,B,-0.6205557914059421
1995-12-01,Gisagara,B,-0.9476255754878598
1996-01-01,Gisagara,off,-0.5924082170185638
1996-02-01,Gisagara,off,0.10122349677526772
1996-03-01,Gisagara,A,-0.007346722209342911
1996-04-01,Gisagara,A,-0.5354528162779713
1996-05-01,Gisagara,A,-1.249257930021427
1996-06-01,Gisagara,off,-0.3379126829523927
1996-07-01,Gisagara,off,0.5367027767866854
1996-08-01,Gisagara,off,2.001351430427387
1996-09-01,Gisagara,off,0.7501734406408578
1996-10-01,Gisagara,B,-0.7147773754753667
1996-11-01,Gisagara,B,-0.4746979131188185
1996-12-01,Gisagara,B,-0.27066067137236727
1997-01-01,Gisagara,off,0.8681456507508767
1997-02-01,Gisagara,off,-0.8285042218194946
1997-03-01,Gisagara,A,-0.3350161669292698
1997-04-01,Gisagara,A,1.3985239811327064
1997-05-01,Gisagara,A,0.8579139935464231
1997-06-01,Gisagara,off,1.059363816695107
1997-07-01,Gisagara,off,0.026150539592616675
1997-08-01,Gisagara,off,-0.19323118467981948
1997-09-01,Gisagara,off,-1.4474135737010068
1997-10-01,Gisagara,B,0.2440065749015124
1997-11-01,Gisagara,B,0.8546429343052342
1997-12-01,Gisagara,B,0.7522571246163885
1998-01-01,Gisagara,off,1.8397254895896418
1998-02-01,Gisagara,off,1.6248163158025863
1998-03-01,Gisagara,A,0.7724165316269114
1998-04-01,Gisagara,A,-0.2776640758727541
1998-05-01,Gisagara,A,-0.032011072632215684
1998-06-01,Gisagara,off,0.37258036586262794
1998-07-01,Gisagara,off,-0.08584297196744756
1998-08-01,Gisagara,off,-1.4230287688688736
1998-09-01,Gisagara,off,0.8822322899725652
1998-10-01,Gisagara,B,-0.8880811007098623
1998-11-01,Gisagara,B,-1.257900544139982
1998-12-01,Gisagara,B,-0.942346993679885
1999-01-01,Gisagara,off,0.004948664211762719
1999-02-01,Gisagara,off,-1.69856829635314
1999-03-01,Gisagara,A,1.5522609691178395
1999-04-01,Gisagara,A,-1.040052193202919
1999-05-01,Gisagara,A,-0.6875785022253175
1999-06-01,Gisagara,off,-0.6214401429200513
1999-07-01,Gisagara,off,-0.4198286571424077
1999-08-01,Gisagara,off,2.195221979789769
1999-09-01,Gisagara,off,0.727474186551349
1999-10-01,Gisagara,B,-1.350276838727131
1999-11-01,Gisagara,B,-0.18429140796086624
1999-12-01,Gisagara,B,-0.344082014324969
2000-01-01,Gisagara,off,-0.7592105945644658
2000-02-01,Gisagara,off,-0.9245921686703686
2000-03-01,Gisagara,A,0.13030196513846512
2000-04-01,Gisagara,A,-1.3109811423292959
2000-05-01,Gisagara,A,-1.498416226026509
2000-06-01,Gisagara,off,-1.1425713440804341
2000-07-01,Gisagara,off,-0.5134343617395339
2000-08-01,Gisagara,off,-1.481743879573706
2000-09-01,Gisagara,off,-1.582227298298173
2000-10-01,Gisagara,B,-0.5421536108867182
2000-11-01,Gisagara,B,0.8224984351370772
2000-12-01,Gisagara,B,0.8283301686775592
2001-01-01,Gisagara,off,1.4638203368594656
2001-02-01,Gisagara,off,-0.7026832703804992
2001-03-01,Gisagara,A,0.08486538184777818
2001-04-01,Gisagara,A,-0.4430390058492994
2001-05-01,Gisagara,A,-0.3945403290154941
2001-06-01,Gisagara,off,-0.7054873837897822
2001-07-01,Gisagara,off,1.9468284074141537
2001-08-01,Gisagara,off,0.0566233355470125
2001-09-01,Gisagara,off,2.3130923020642373
2001-10-01,Gisagara,B,0.9409398840866082
2001-11-01,Gisagara,B,0.672540547395509
2001-12-01,Gisagara,B,-0.402890534329907
2002-01-01,Gisagara,off,0.8614163669207938
2002-02-01,Gisagara,off,-0.6371587548041932
2002-03-01,Gisagara,A,0.48780102277186715
2002-04-01,Gisagara,A,0.89029305061462
2002-05-01,Gisagara,A,0.8734308319465969
2002-06-01,Gisagara,off,-1.1864181013070152
2002-07-01,Gisagara,off,-0.3307616311329532
2002-08-01,Gisagara,off,-1.3011914651373457
2002-09-01,Gisagara,off,-1.4151052083795077
2002-10-01,Gisagara,B,-0.6371305452179314
2002-11-01,Gisagara,B,-0.550827846139437
2002-12-01,Gisagara,B,0.5638686530980064
2003-01-01,Gisagara,off,-0.9181844092483289
2003-02-01,Gisagara,off,-0.39940046489879044
2003-03-01,Gisagara,A,-1.0909998580874767
2003-04-01,Gisagara,A,-0.20499250166586405
2003-05-01,Gisagara,A,-0.22230551444392327
2003-06-01,Gisagara,off,-0.8051130275175693
2003-07-01,Gisagara,off,-0.2819331079513044
2003-08-01,Gisagara,off,0.239368312671301
2003-09-01,Gisagara,off,0.20717711444579165
2003-10-01,Gisagara,B,0.5676079333070383
2003-11-01,Gisagara,B,-0.5027427383946198
2003-12-01,Gisagara,B,-0.8173884591797974
2004-01-01,Gisagara,off,0.27748967598332686
2004-02-01,Gisagara,off,0.28928317337368387
2004-03-01,Gisagara,A,0.23851570533078806
2004-04-01,Gisagara,A,0.4416847920266137
2004-05-01,Gisagara,A,-1.5524102354068188
2004-06-01,Gisagara,off,-1.1811052586097792
2004-07-01,Gisagara,off,-0.31010638639468113
2004-08-01,Gisagara,off,-0.9745431022972926
2004-09-01,Gisagara,off,-0.07670286468150729
2004-10-01,Gisagara,B,-0.22686182122665774
2004-11-01,Gisagara,B,0.08310605218723806
2004-12-01,Gisagara,B,1.0574268516501828
2005-01-01,Gisagara,off,0.010196172970319094
2005-02-01,Gisagara,off,-0.7710265298731577
2005-03-01,Gisagara,A,0.6688637935890154
2005-04-01,Gisagara,A,-1.2439177501993604
2005-05-01,Gisagara,A,0.5811117906637816
2005-06-01,Gisagara,off,-0.7869673509724738
2005-07-01,Gisagara,off,-0.40224217244741717
2005-08-01,Gisagara,off,0.8990883566689618
2005-09-01,Gisagara,off,0.3599906355626698
2005-10-01,Gisagara,B,0.23345424337964132
2005-11-01,Gisagara,B,-1.3453775651188826
2005-12-01,Gisagara,B,-1.4211500797733643
2006-01-01,Gisagara,off,-0.31177267587341173
2006-02-01,Gisagara,off,0.42329531843863455
2006-03-01,Gisagara,A,0.19830491993151358
2006-04-01,Gisagara,A,0.7477274838343073
2006-05-01,Gisagara,A,1.3321602024016173
2006-06-01,Gisagara,off,-1.047421796610765
2006-07-01,Gisagara,off,0.37416209369499265
2006-08-01,Gisagara,off,1.6004391282298678
2006-09-01,Gisagara,off,-0.9730916732239929
2006-10-01,Gisagara,B,-0.8840044016351837
2006-11-01,Gisagara,B,1.6505899450076607
2006-12-01,Gisagara,B,2.363783094169853
2007-01-01,Gisagara,off,-0.1530176253006116
2007-02-01,Gisagara,off,0.6101520608758766
2007-03-01,Gisagara,A,-1.1550827877450864
2007-04-01,Gisagara,A,0.49012736287917924
2007-05-01,Gisagara,A,1.8722129332125075
2007-06-01,Gisagara,off,0.7492271108089558
2007-07-01,Gisagara,off,0.9458715841780335
2007-08-01,Gisagara,off,0.29019411259062516
2007-09-01,Gisagara,off,0.10526187465941017
2007-10-01,Gisagara,B,-0.13213492539317878
2007-11-01,Gisagara,B,-0.17932486533922543
2007-12-01,Gisagara,B,-0.4517273682659543
2008-01-01,Gisagara,off,-0.8137470288758458
2008-02-01,Gisagara,off,0.30967142254333585
2008-03-01,Gisagara,A,-0.3129267298236575
2008-04-01,Gisagara,A,-0.7207825498741234
2008-05-01,Gisagara,A,-1.0179397253526148
2008-06-01,Gisagara,off,2.7011999464439502
2008-07-01,Gisagara,off,0.18486570301846686
2008-08-01,Gisagara,off,-0.622941749711023
2008-09-01,Gisagara,off,-0.9237356464388201
2008-10-01,Gisagara,B,-0.5123039649165455
2008-11-01,Gisagara,B,-1.1241938836152316
2008-12-01,Gisagara,B,-0.7420830245820571
2009-01-01,Gisagara,off,-0.3268871865145702
2009-02-01,Gisagara,off,1.287946429733161
2009-03-01,Gisagara,A,-0.39501198390204595
2009-04-01,Gisagara,A,-0.6512332131220598
2009-05-01,Gisagara,A,0.28564968470583346
2009-06-01,Gisagara,off,-0.33642637779266765
2009-07-01,Gisagara,off,-0.226815681439453
2009-08-01,Gisagara,off,-0.9234750824769017
2009-09-01,Gisagara,off,-0.5178768011201499
2009-10-01,Gisagara,B,1.0326044850397156
2009-11-01,Gisagara,B,0.21697116513029943
2009-12-01,Gisagara,B,-0.0024960156207410045
2010-01-01,Gisagara,off,0.8863525450063642
2010-02-01,Gisagara,off,3.327433634407536
2010-03-01,Gisagara,A,-0.47885848034488027
2010-04-01,Gisagara,A,0.06994717502854193
2010-05-01,Gisagara,A,0.7413162793081562
2010-06-01,Gisagara,off,0.3929433919486092
2010-07-01,Gisagara,off,-0.5228896624954423
2010-08-01,Gisagara,off,-1.6584895881919997
2010-09-01,Gisagara,off,0.3814784657701584
2010-10-01,Gisagara,B,-0.5519967654902134
2010-11-01,Gisagara,B,-0.6333151707125727
2010-12-01,Gisagara,B,0.11136548060420219
2011-01-01,Gisagara,off,-0.13591431645722005
2011-02-01,Gisagara,off,-0.8365936282785269
2011-03-01,Gisagara,A,-0.9397097217411318
2011-04-01,Gisagara,A,-0.7313151056035638
2011-05-01,Gisagara,A,-0.37435685101780375
2011-06-01,Gisagara,off,2.5743950598483076
2011-07-01,Gisagara,off,1.8877141679755545
2011-08-01,Gisagara,off,-0.170757965213297
2011-09-01,Gisagara,off,0.572722682517879
2011-10-01,Gisagara,B,0.6552683837090555
2011-11-01,Gisagara,B,1.7345631273244035
2011-12-01,Gisagara,B,0.025545923821097445
2012-01-01,Gisagara,off,-1.0385695904115737
2012-02-01,Gisagara,off,-0.876296059484142
2012-03-01,Gisagara,A,-0.9988500902810434
2012-04-01,Gisagara,A,-0.7715537650270103
2012-05-01,Gisagara,A,1.2538282662129736
2012-06-01,Gisagara,off,1.0978777540947686
2012-07-01,Gisagara,off,-0.45311059993741587
2012-08-01,Gisagara,off,0.27485294094391577
2012-09-01,Gisagara,off,0.7093097073438802
2012-10-01,Gisagara,B,0.5279447852366129
2012-11-01,Gisagara,B,-0.23677716642084642
2012-12-01,Gisagara,B,0.34433515409282534
2013-01-01,Gisagara,off,-0.11633270262192148
2013-02-01,Gisagara,off,-1.5185628704922567
2013-03-01,Gisagara,A,1.4336537524964625
2013-04-01,Gisagara,A,0.7869246480174795
2013-05-01,Gisagara,A,-1.0356056040378052
2013-06-01,Gisagara,off,-1.0064499116525818
2013-07-01,Gisagara,off,-0.4498960157957651
2013-08-01,Gisagara,off,0.6976572578848308
2013-09-01,Gisagara,off,3.3579701200463767
2013-10-01,Gisagara,B,0.3326334888607575
2013-11-01,Gisagara,B,-0.2829848042790768
2013-12-01,Gisagara,B,1.7279021080085768
2014-01-01,Gisagara,off,-0.29511356175230935
2014-02-01,Gisagara,off,0.8462991829683281
2014-03-01,Gisagara,A,-0.1883368326488733
2014-04-01,Gisagara,A,-0.8982167647861261
2014-05-01,Gisagara,A,-1.5606942566919262
2014-06-01,Gisagara,off,-0.26072540497550856
2014-07-01,Gisagara,off,-0.45902482582471726
2014-08-01,Gisagara,off,-0.22612660469019358
2014-09-01,Gisagara,off,0.012334777274375179
2014-10-01,Gisagara,B,0.42238717557243183
2014-11-01,Gisagara,B,-0.11024661301816296
2014-12-01,Gisagara,B,-0.9333040204332363
2015-01-01,Gisagara,off,-1.6140632257549137
2015-02-01,Gisagara,off,-0.3684072233301392
2015-03-01,Gisagara,A,0.09458781239714172
2015-04-01,Gisagara,A,0.2626929538256227
2015-05-01,Gisagara,A,-0.19957447143920673
2015-06-01,Gisagara,off,0.3028341212768835
2015-07-01,Gisagara,off,-0.4231377914952671
2015-08-01,Gisagara,off,-0.05906450208759448
2015-09-01,Gisagara,off,0.14080678106856886
2015-10-01,Gisagara,B,1.0871521159394582
2015-11-01,Gisagara,B,0.11095009947993427
2015-12-01,Gisagara,B,-0.8799054995356324
2016-01-01,Gisagara,off,0.7754272394288378
2016-02-01,Gisagara,off,-0.726256563042589
2016-03-01,Gisagara,A,0.8932811862733758
2016-04-01,Gisagara,A,0.7579782345216105
2016-05-01,Gisagara,A,-1.3975250210663825
2016-06-01,Gisagara,off,-0.9631183764570755
2016-07-01,Gisagara,off,-0.26224221272910125
2016-08-01,Gisagara,off,-0.827567668029778
2016-09-01,Gisagara,off,0.6196601567337497
2016-10-01,Gisagara,B,0.006636150029098795
2016-11-01,Gisagara,B,0.5385193980811775
2016-12-01,Gisagara,B,-1.3634506819549865
2017-01-01,Gisagara,off,-0.8702890954209117
2017-02-01,Gisagara,off,-0.17253566130549391
2017-03-01,Gisagara,A,-0.28151642932029397
2017-04-01,Gisagara,A,-0.3499112199643822
2017-05-01,Gisagara,A,1.1979118663677952
2017-06-01,Gisagara,off,-0.9856979355495247
2017-07-01,Gisagara,off,-0.2555263066409576
2017-08-01,Gisagara,off,1.6309480977774307
2017-09-01,Gisagara,off,0.7307902111124314
2017-10-01,Gisagara,B,0.49138615694272747
2017-11-01,Gisagara,B,0.4877913585837101
2017-12-01,Gisagara,B,-0.756181084100166
2018-01-01,Gisagara,off,1.108767303145033
2018-02-01,Gisagara,off,-1.2984294423993956
2018-03-01,Gisagara,A,1.3349640473612294
2018-04-01,Gisagara,A,2.704575812910861
2018-05-01,Gisagara,A,-0.05665270550167919
2018-06-01,Gisagara,off,-0.3813911831573705
2018-07-01,Gisagara,off,-0.48015225116348015
2018-08-01,Gisagara,off,0.9634703616308752
2018-09-01,Gisagara,off,-0.8212886973374026
2018-10-01,Gisagara,B,-0.5759295346325843
2018-11-01,Gisagara,B,-0.04978581884440051
2018-12-01,Gisagara,B,2.243262580816214
2019-01-01,Gisagara,off,1.3545748550982495
2019-02-01,Gisagara,off,-0.6821763888270694
2019-03-01,Gisagara,A,-0.9665798448128268
2019-04-01,Gisagara,A,0.3872063428441714
2019-05-01,Gisagara,A,2.485213439385542
2019-06-01,Gisagara,off,-0.54989666134314
2019-07-01,Gisagara,off,-0.0055418455879565846
2019-08-01,Gisagara,off,0.600671369255252
2019-09-01,Gisagara,off,0.21431463192765207
2019-10-01,Gisagara,B,0.16724579633943631
2019-11-01,Gisagara,B,0.39881076218291656
2019-12-01,Gisagara,B,0.2917103498886674
2020-01-01,Gisagara,off,1.109900093644254
2020-02-01,Gisagara,off,1.5437252091537477
2020-03-01,Gisagara,A,0.41692277066510786
2020-04-01,Gisagara,A,0.7492197284430026
2020-05-01,Gisagara,A,-0.723482605479683
2020-06-01,Gisagara,off,-0.8149135321795836
2020-07-01,Gisagara,off,0.0798284494853194
2020-08-01,Gisagara,off,-1.3147800295506942
2020-09-01,Gisagara,off,-0.058238963422241066
2020-10-01,Gisagara,B,1.5798902566737318
2020-11-01,Gisagara,B,0.05911582362987053
2020-12-01,Gisagara,B,2.1808980646151213
2021-01-01,Gisagara,off,-0.6177910953566854
2021-02-01,Gisagara,off,0.11883580856568988
2021-03-01,Gisagara,A,-0.28618537311082065
2021-04-01,Gisagara,A,-0.33696421670852506
2021-05-01,Gisagara,A,2.6722630069843873
2021-06-01,Gisagara,off,-0.9327132074489675
2021-07-01,Gisagara,off,-0.2647708296635156
2021-08-01,Gisagara,off,-0.4005800774947962
2021-09-01,Gisagara,off,0.46387768292418985
2021-10-01,Gisagara,B,1.4808488824694825
2021-11-01,Gisagara,B,-0.5283515730579061
2021-12-01,Gisagara,B,0.20589247091600593
2022-01-01,Gisagara,off,0.8249948716671807
2022-02-01,Gisagara,off,1.0253784910204555
2022-03-01,Gisagara,A,-0.07867050010134245
2022-04-01,Gisagara,A,0.34637036053193293
2022-05-01,Gisagara,A,0.7019717586264068
2022-06-01,Gisagara,off,-0.3165902289276453
2022-07-01,Gisagara,off,0.6089877275403127
2022-08-01,Gisagara,off,1.7621087480661664
2022-09-01,Gisagara,off,-0.8377335438794327
2022-10-01,Gisagara,B,-0.9326003691039221
2022-11-01,Gisagara,B,0.5689978985910819
2022-12-01,Gisagara,B,0.1721968919195908
2023-01-01,Gisagara,off,2.646568369095005
2023-02-01,Gisagara,off,-1.3748798707709846
2023-03-01,Gisagara,A,0.5309799219586006
2023-04-01,Gisagara,A,1.032976399688087
2023-05-01,Gisagara,A,-0.7282148362801485
2023-06-01,Gisagara,off,-1.049371300492405
2023-07-01,Gisagara,off,-0.45108251859999265
2023-08-01,Gisagara,off,-1.3998109706836117
2023-09-01,Gisagara,off,0.7931573782540252
2023-10-01,Gisagara,B,-0.4144174947531655
2023-11-01,Gisagara,B,0.0532642919261516
2023-12-01,Gisagara,B,0.2550175862425025
2024-01-01,Gisagara,off,-0.31722692443485057
2024-02-01,Gisagara,off,-1.177276595845705
2024-03-01,Gisagara,A,-1.2281469695958194
2024-04-01,Gisagara,A,1.5331098814424138
2024-05-01,Gisagara,A,-1.071388670046756
2024-06-01,Gisagara,off,-1.0064499116525818
2024-07-01,Gisagara,off,-0.3482138238800245
2024-08-01,Gisagara,off,-0.7259169853941715
2024-09-01,Gisagara,off,-0.2553224862282475
2024-10-01,Gisagara,B,0.4090935031226814
2024-11-01,Gisagara,B,4.204867871619174
2024-12-01,Gisagara,B,-0.5601834402133732
2025-01-01,Gisagara,off,-0.12178909878072756
2025-02-01,Gisagara,off,-0.926498709419245
2025-03-01,Gisagara,A,-1.300704038832622
2025-04-01,Gisagara,A,1.6116466223592285
2025-05-01,Gisagara,A,-0.14472623283495453
2025-06-01,Gisagara,off,0.7434237210795696
2025-07-01,Gisagara,off,0.07574534117474499
2025-08-01,Gisagara,off,1.2752191189768118
2025-09-01,Gisagara,off,-0.7832692442317316
2025-10-01,Gisagara,B,0.37091225316321547
2025-11-01,Gisagara,B,-0.42918143249479823
2025-12-01,Gisagara,B,0.1398211904722819
2026-01-01,Gisagara,off,2.6931693863898833
2026-02-01,Gisagara,off,-0.4820310632984221
2026-03-01,Gisagara,A,0.0254419555005978
2026-04-01,Gisagara,A,-0.4607508341698434
2026-05-01,Gisagara,A,-1.3706259054302192
2026-06-01,Gisagara,off,-0.8778866125994403
2026-07-01,Gisagara,off,0.3300079951513199
2026-08-01,Gisagara,off,-1.1950267341713825
2026-09-01,Gisagara,off,-0.6497569300833856
1981-01-01,Huye,off,-0.8986284776986665
1981-02-01,Huye,off,-0.9704758563712439
1981-03-01,Huye,A,0.5196648241487462
1981-04-01,Huye,A,1.056636763143274
1981-05-01,Huye,A,1.1147471849148867
1981-06-01,Huye,off,-0.09863761912572407
1981-07-01,Huye,off,-0.28388575052198023
1981-08-01,Huye,off,2.1786852844696933
1981-09-01,Huye,off,0.5033307887979306
1981-10-01,Huye,B,-0.26511017272236936
1981-11-01,Huye,B,-0.6266775993728966
1981-12-01,Huye,B,-0.679465124303678
1982-01-01,Huye,off,0.304403484907354
1982-02-01,Huye,off,-0.4069625496796189
1982-03-01,Huye,A,-1.276545034093442
1982-04-01,Huye,A,0.8300886965594625
1982-05-01,Huye,A,0.0063990028091573375
1982-06-01,Huye,off,-0.08257035583923983
1982-07-01,Huye,off,-0.4152671024545353
1982-08-01,Huye,off,-1.4152619154790222
1982-09-01,Huye,off,1.324688717506229
1982-10-01,Huye,B,-0.0618595946845083
1982-11-01,Huye,B,1.0599628024717058
1982-12-01,Huye,B,1.3943252807717987
1983-01-01,Huye,off,-1.7204604805703754
1983-02-01,Huye,off,0.6659875510467054
1983-03-01,Huye,A,-0.36031929646040245
1983-04-01,Huye,A,2.190330441528195
1983-05-01,Huye,A,-0.8174493927670257
1983-06-01,Huye,off,-0.060657121495386025
1983-07-01,Huye,off,-0.16662801831315924
1983-08-01,Huye,off,1.5544141268956169
1983-09-01,Huye,off,0.7852253392061584
1983-10-01,Huye,B,-0.3511618942492039
1983-11-01,Huye,B,-0.043416125955020986
1983-12-01,Huye,B,-0.007702304872743555
1984-01-01,Huye,off,0.4673593473701749
1984-02-01,Huye,off,-0.5921564946885671
1984-03-01,Huye,A,-0.7941426984779076
1984-04-01,Huye,A,-1.0847804250693762
1984-05-01,Huye,A,-2.2366780715933428
1984-06-01,Huye,off,-1.103481276437358
1984-07-01,Huye,off,2.11700410403044
1984-08-01,Huye,off,1.7125403777272052
1984-09-01,Huye,off,-1.4039709094109054
1984-10-01,Huye,B,0.6835054428079135
1984-11-01,Huye,B,0.24739388417495622
1984-12-01,Huye,B,-0.4785823023060528
1985-01-01,Huye,off,-1.4834204707473477
1985-02-01,Huye,off,0.6608975098056474
1985-03-01,Huye,A,-0.5141583938012904
1985-04-01,Huye,A,1.8268298952513558
1985-05-01,Huye,A,-0.9647811750038195
1985-06-01,Huye,off,0.37708887793948886
1985-07-01,Huye,off,-0.6198753871464138
1985-08-01,Huye,off,-1.733564240092401
1985-09-01,Huye,off,1.6912235718139332
1985-10-01,Huye,B,-0.30664397916680763
1985-11-01,Huye,B,0.01482651492356748
1985-12-01,Huye,B,-0.12575615018290145
1986-01-01,Huye,off,0.25773331677472155
1986-02-01,Huye,off,-0.07228021502390053
1986-03-01,Huye,A,-0.2361010823937362
1986-04-01,Huye,A,3.0253098879825235
1986-05-01,Huye,A,-0.8631928494207773
1986-06-01,Huye,off,-0.1202758264900121
1986-07-01,Huye,off,-0.5576792469426393
1986-08-01,Huye,off,-1.4538716883230771
1986-09-01,Huye,off,-0.7198399795466457
1986-10-01,Huye,B,0.2563996941600482
1986-11-01,Huye,B,-0.2940415544772214
1986-12-01,Huye,B,-0.3031597998653684
1987-01-01,Huye,off,0.25278838484204597
1987-02-01,Huye,off,0.7295968268510349
1987-03-01,Huye,A,0.519670334628811
1987-04-01,Huye,A,-0.6069127823529595
1987-05-01,Huye,A,1.7475090198317282
1987-06-01,Huye,off,-0.5228418731171585
1987-07-01,Huye,off,-0.2345199960046848
1987-08-01,Huye,off,-0.7177792760995302
1987-09-01,Huye,off,1.5240089186254524
1987-10-01,Huye,B,-0.2127127465607505
1987-11-01,Huye,B,1.5074436592091573
1987-12-01,Huye,B,-1.0245145628129793
1988-01-01,Huye,off,0.45733048974882745
1988-02-01,Huye,off,0.3569347833199683
1988-03-01,Huye,A,0.5054618967315252
1988-04-01,Huye,A,1.3131946988695935
1988-05-01,Huye,A,-1.1479034712395633
1988-06-01,Huye,off,-0.8038869560111835
1988-07-01,Huye,off,0.3542666304821401
1988-08-01,Huye,off,5.154793893907072
1988-09-01,Huye,off,0.04988824092174092
1988-10-01,Huye,B,0.3537940798043939
1988-11-01,Huye,B,0.4076351436944585
1988-12-01,Huye,B,-0.7879406531645617
1989-01-01,Huye,off,-0.08084953015865382
1989-02-01,Huye,off,0.08099830442141637
1989-03-01,Huye,A,0.4843872061855102
1989-04-01,Huye,A,-0.24105205424475726
1989-05-01,Huye,A,-0.5160642851731625
1989-06-01,Huye,off,-0.19968361622658823
1989-07-01,Huye,off,-0.048129768993039515
1989-08-01,Huye,off,0.6854372442409543
1989-09-01,Huye,off,-0.806621396682737
1989-10-01,Huye,B,-0.1285368788870025
1989-11-01,Huye,B,-0.156896175567324
1989-12-01,Huye,B,0.8460961549299456
1990-01-01,Huye,off,-1.0586183512785687
1990-02-01,Huye,off,2.6033344394947813
1990-03-01,Huye,A,-0.4023355184223884
1990-04-01,Huye,A,0.20762094623291028
1990-05-01,Huye,A,-0.9778617905095711
1990-06-01,Huye,off,-1.2431123356608864
1990-07-01,Huye,off,-0.3257270417540553
1990-08-01,Huye,off,-1.262867536352867
1990-09-01,Huye,off,-0.17398982519269088
1990-10-01,Huye,B,-0.675215993125427
1990-11-01,Huye,B,-0.5045202616311514
1990-12-01,Huye,B,-0.14571986311860283
1991-01-01,Huye,off,-0.8277289124021605
1991-02-01,Huye,off,-0.6311779111983526
1991-03-01,Huye,A,-0.6376950155082094
1991-04-01,Huye,A,-0.04509887529884323
1991-05-01,Huye,A,1.6255345976135585
1991-06-01,Huye,off,1.6237060366452674
1991-07-01,Huye,off,-0.184852861447277
1991-08-01,Huye,off,-1.5440171346854612
1991-09-01,Huye,off,-1.1985018229036706
1991-10-01,Huye,B,1.420553069738599
1991-11-01,Huye,B,-0.7278516232939413
1991-12-01,Huye,B,-0.3766394475624252
1992-01-01,Huye,off,-1.0962262972370498
1992-02-01,Huye,off,0.06651384549718033
1992-03-01,Huye,A,-0.6508160195913801
1992-04-01,Huye,A,0.8758550163030536
1992-05-01,Huye,A,0.40414538908377584
1992-06-01,Huye,off,0.32818979625453626
1992-07-01,Huye,off,-0.4846936840150335
1992-08-01,Huye,off,-1.6882127622539511
1992-09-01,Huye,off,0.26117718313278226
1992-10-01,Huye,B,0.7065726365065906
1992-11-01,Huye,B,0.3727112877465424
1992-12-01,Huye,B,-0.4525926849315594
1993-01-01,Huye,off,0.8383627904259409
1993-02-01,Huye,off,0.15639516698663722
1993-03-01,Huye,A,-0.7523448427945812
1993-04-01,Huye,A,-0.38335353532731714
1993-05-01,Huye,A,0.059304970646750776
1993-06-01,Huye,off,-1.11431631729224
1993-07-01,Huye,off,-0.4864732017107447
1993-08-01,Huye,off,3.0742534748976498
1993-09-01,Huye,off,-1.7370347944617577
1993-10-01,Huye,B,-1.7941154587772707
1993-11-01,Huye,B,-0.7150660777883854
1993-12-01,Huye,B,-1.8262218710970433
1994-01-01,Huye,off,0.4091402178731984
1994-02-01,Huye,off,-0.49082648096222703
1994-03-01,Huye,A,0.09246917904177837
1994-04-01,Huye,A,-0.6995435848830887
1994-05-01,Huye,A,-0.015509477395032749
1994-06-01,Huye,off,-0.9541918151209413
1994-07-01,Huye,off,-0.1641209227613139
1994-08-01,Huye,off,-0.44740049451690145
1994-09-01,Huye,off,-0.9147610563812173
1994-10-01,Huye,B,-0.536600310085514
1994-11-01,Huye,B,0.48984941012336064
1994-12-01,Huye,B,0.43878383457890485
1995-01-01,Huye,off,-0.026901541345600074
1995-02-01,Huye,off,-0.30242438848365216
1995-03-01,Huye,A,-0.2621483004922047
1995-04-01,Huye,A,0.3079026289438721
1995-05-01,Huye,A,0.360662352962482
1995-06-01,Huye,off,3.1851212003985894
1995-07-01,Huye,off,-0.48635083663870915
1995-08-01,Huye,off,-1.588003320856157
1995-09-01,Huye,off,-0.431280935694113
1995-10-01,Huye,B,0.9830490884272138
1995-11-01,Huye,B,-0.31475907947611137
1995-12-01,Huye,B,-1.06253911186925
1996-01-01,Huye,off,-0.43288393434506955
1996-02-01,Huye,off,-0.172642696499426
1996-03-01,Huye,A,-0.11716822907428079
1996-04-01,Huye,A,-0.28886403706634395
1996-05-01,Huye,A,-0.9150452026650481
1996-06-01,Huye,off,-0.6756368533391889
1996-07-01,Huye,off,0.6064681319370175
1996-08-01,Huye,off,2.138588978591588
1996-09-01,Huye,off,0.2308612338348113
1996-10-01,Huye,B,-0.36774109193860477
1996-11-01,Huye,B,-0.42313125982361594
1996-12-01,Huye,B,0.12510029711238346
1997-01-01,Huye,off,1.1286039893548376
1997-02-01,Huye,off,-0.9203972942453622
1997-03-01,Huye,A,-0.5603359358209594
1997-04-01,Huye,A,0.9326324097274512
1997-05-01,Huye,A,0.7218272660564052
1997-06-01,Huye,off,1.4341938849697213
1997-07-01,Huye,off,0.10512141414920935
1997-08-01,Huye,off,-0.5580151161050427
1997-09-01,Huye,off,-1.4125753835694472
1997-10-01,Huye,B,0.3849873947725059
1997-11-01,Huye,B,0.7479793021296036
1997-12-01,Huye,B,0.7508811101270595
1998-01-01,Huye,off,1.881870947212081
1998-02-01,Huye,off,2.1731915519419784
1998-03-01,Huye,A,0.46342901367098865
1998-04-01,Huye,A,-0.07416303801353945
1998-05-01,Huye,A,0.44967448806299287
1998-06-01,Huye,off,0.5758779228047441
1998-07-01,Huye,off,-0.02323354971696666
1998-08-01,Huye,off,-1.3310482199803562
1998-09-01,Huye,off,0.4826457432168363
1998-10-01,Huye,B,-0.5197784351759887
1998-11-01,Huye,B,-1.1220981632159552
1998-12-01,Huye,B,-0.9391993007395603
1999-01-01,Huye,off,0.42587612929370744
1999-02-01,Huye,off,-1.7006314070309334
1999-03-01,Huye,A,1.8659910402478121
1999-04-01,Huye,A,-0.9014302866902324
1999-05-01,Huye,A,-1.0796559487303417
1999-06-01,Huye,off,-0.6696930550533668
1999-07-01,Huye,off,-0.5680452162856208
1999-08-01,Huye,off,2.510290956032084
1999-09-01,Huye,off,0.7822342290170604
1999-10-01,Huye,B,-1.5609874576059972
1999-11-01,Huye,B,-0.15725524277031577
1999-12-01,Huye,B,-0.11529401756035189
2000-01-01,Huye,off,-0.776868532008523
2000-02-01,Huye,off,-0.9084351225101703
2000-03-01,Huye,A,-0.259541043861528
2000-04-01,Huye,A,-1.0817024221730536
2000-05-01,Huye,A,-1.3275644944831573
2000-06-01,Huye,off,-1.273469699998249
2000-07-01,Huye,off,-0.599143340411822
2000-08-01,Huye,off,-1.5125201490463076
2000-09-01,Huye,off,-1.2034254152321722
2000-10-01,Huye,B,-0.42034711678284703
2000-11-01,Huye,B,0.7956701300237969
2000-12-01,Huye,B,0.6266297251313726
2001-01-01,Huye,off,1.4126321760345726
2001-02-01,Huye,off,-0.9439006910630809
2001-03-01,Huye,A,0.23803693775622092
2001-04-01,Huye,A,-0.4722782806969128
2001-05-01,Huye,A,-0.37962618178206076
2001-06-01,Huye,off,-0.5582538063307673
2001-07-01,Huye,off,2.6281843275188552
2001-08-01,Huye,off,0.22693958724537455
2001-09-01,Huye,off,2.3073032386981946
2001-10-01,Huye,B,0.7634473817454723
2001-11-01,Huye,B,0.5036949126767472
2001-12-01,Huye,B,-0.30471644565460126
2002-01-01,Huye,off,0.4994089477209619
2002-02-01,Huye,off,-0.5855222764700323
2002-03-01,Huye,A,-0.01925208740666693
2002-04-01,Huye,A,0.6171857887616484
2002-05-01,Huye,A,1.0616166920267949
2002-06-01,Huye,off,-1.3030339117667027
2002-07-01,Huye,off,-0.46438493939321257
2002-08-01,Huye,off,-1.3790753924509196
2002-09-01,Huye,off,-1.1380653626673733
2002-10-01,Huye,B,-0.6341850341942297
2002-11-01,Huye,B,-0.5200372764709711
2002-12-01,Huye,B,0.46183157952441106
2003-01-01,Huye,off,-0.9240167288202442
2003-02-01,Huye,off,-0.537277494061209
2003-03-01,Huye,A,-1.0552814422580863
2003-04-01,Huye,A,-0.11812883540799415
2003-05-01,Huye,A,-0.18384244469571925
2003-06-01,Huye,off,-0.8656415446887943
2003-07-01,Huye,off,-0.34192110010635246
2003-08-01,Huye,off,0.37544724109889804
2003-09-01,Huye,off,0.24399506329021203
2003-10-01,Huye,B,0.5717184395737503
2003-11-01,Huye,B,-0.3911241766082338
2003-12-01,Huye,B,-1.072201252444692
2004-01-01,Huye,off,0.3446669960384172
2004-02-01,Huye,off,0.20671374833637768
2004-03-01,Huye,A,0.0019122402817439155
2004-04-01,Huye,A,0.2447136947198871
2004-05-01,Huye,A,-1.4740286570361223
2004-06-01,Huye,off,-1.2817093263521628
2004-07-01,Huye,off,0.020066408807809796
2004-08-01,Huye,off,-0.7826463243811653
2004-09-01,Huye,off,0.02677647716371189
2004-10-01,Huye,B,-0.4159024283914608
2004-11-01,Huye,B,-0.13053119725662643
2004-12-01,Huye,B,1.001937609458435
2005-01-01,Huye,off,0.00402467741229459
2005-02-01,Huye,off,-0.6600993956988134
2005-03-01,Huye,A,0.7233761431492328
2005-04-01,Huye,A,-1.1966617871710084
2005-05-01,Huye,A,0.43722761017932327
2005-06-01,Huye,off,-0.863500290988962
2005-07-01,Huye,off,-0.5290353285645208
2005-08-01,Huye,off,1.0538713341250014
2005-09-01,Huye,off,0.12479527583348252
2005-10-01,Huye,B,0.21890206585149827
2005-11-01,Huye,B,-1.2101568231922486
2005-12-01,Huye,B,-1.1385647526244949
2006-01-01,Huye,off,-0.29249040836319135
2006-02-01,Huye,off,0.5661487920794902
2006-03-01,Huye,A,0.20656057860029178
2006-04-01,Huye,A,0.5944843504760797
2006-05-01,Huye,A,1.1052283924551798
2006-06-01,Huye,off,-1.1449682762158315
2006-07-01,Huye,off,0.68410748976719
2006-08-01,Huye,off,1.562629485527517
2006-09-01,Huye,off,-1.076761714941762
2006-10-01,Huye,B,-0.9610609742777849
2006-11-01,Huye,B,1.3382927745938575
2006-12-01,Huye,B,1.8619627712715459
2007-01-01,Huye,off,-0.1362196982424879
2007-02-01,Huye,off,0.5892357586772256
2007-03-01,Huye,A,-0.9640731431446224
2007-04-01,Huye,A,0.34218414659885815
2007-05-01,Huye,A,1.9264508389879154
2007-06-01,Huye,off,1.038638109008538
2007-07-01,Huye,off,0.7408362180892085
2007-08-01,Huye,off,0.20532456711681138
2007-09-01,Huye,off,0.2871357473313796
2007-10-01,Huye,B,-0.47985252198538875
2007-11-01,Huye,B,-0.2952137200259852
2007-12-01,Huye,B,-0.43767286566758656
2008-01-01,Huye,off,-0.9044214725133711
2008-02-01,Huye,off,0.15812383699766985
2008-03-01,Huye,A,-0.5990305916677433
2008-04-01,Huye,A,-0.8196458052918241
2008-05-01,Huye,A,-1.0281598750344418
2008-06-01,Huye,off,2.7127008941287105
2008-07-01,Huye,off,0.6103045065486618
2008-08-01,Huye,off,-0.34968461017777247
2008-09-01,Huye,off,-1.0348623583766081
2008-10-01,Huye,B,-0.5594469657280937
2008-11-01,Huye,B,-1.193497658712726
2008-12-01,Huye,B,-0.6847564817497832
2009-01-01,Huye,off,-0.13430506573655068
2009-02-01,Huye,off,1.241862679741464
2009-03-01,Huye,A,-0.5067304827707013
2009-04-01,Huye,A,-0.7172451809228615
2009-05-01,Huye,A,-0.04860854327179968
2009-06-01,Huye,off,-0.4756183555422166
2009-07-01,Huye,off,-0.2686840648002426
2009-08-01,Huye,off,-1.0549839411637445
2009-09-01,Huye,off,-0.3951822345914406
2009-10-01,Huye,B,0.9383754752708201
2009-11-01,Huye,B,0.20445656926278183
2009-12-01,Huye,B,-0.05841759756772452
2010-01-01,Huye,off,0.7497864694694069
2010-02-01,Huye,off,3.167945466229977
2010-03-01,Huye,A,-0.38274089960242536
2010-04-01,Huye,A,0.029913150465434465
2010-05-01,Huye,A,0.2762066285354635
2010-06-01,Huye,off,0.35788501698532305
2010-07-01,Huye,off,-0.547313277599658
2010-08-01,Huye,off,-1.7154285802964362
2010-09-01,Huye,off,0.34712099649410477
2010-10-01,Huye,B,-0.49577575644977706
2010-11-01,Huye,B,-0.6438251976785879
2010-12-01,Huye,B,0.1408058135898845
2011-01-01,Huye,off,0.004952382938559548
2011-02-01,Huye,off,-0.7305930331020475
2011-03-01,Huye,A,-0.9090795245319087
2011-04-01,Huye,A,-0.6982265261231992
2011-05-01,Huye,A,-0.6082364752986528
2011-06-01,Huye,off,2.9723872806561045
2011-07-01,Huye,off,1.9785114235494727
2011-08-01,Huye,off,0.05782982593816849
2011-09-01,Huye,off,0.5110494586884281
2011-10-01,Huye,B,0.722665139952746
2011-11-01,Huye,B,1.6863472291507753
2011-12-01,Huye,B,0.0905231584091956
2012-01-01,Huye,off,-1.0272572908143556
2012-02-01,Huye,off,-0.8330233168195964
2012-03-01,Huye,A,-0.9025599891279062
2012-04-01,Huye,A,-0.7474722278091142
2012-05-01,Huye,A,0.9129838746417525
2012-06-01,Huye,off,1.7062658858082957
2012-07-01,Huye,off,-0.5331467517654566
2012-08-01,Huye,off,0.45409000332462296
2012-09-01,Huye,off,0.4751776380963611
2012-10-01,Huye,B,0.23965199463414405
2012-11-01,Huye,B,-0.3711178060739112
2012-12-01,Huye,B,0.719120864004007
2013-01-01,Huye,off,-0.21965283964235438
2013-02-01,Huye,off,-1.5854624060835196
2013-03-01,Huye,A,1.6563409364178776
2013-04-01,Huye,A,0.6589995816177115
2013-05-01,Huye,A,-0.9062390773507099
2013-06-01,Huye,off,-1.25626479269988
2013-07-01,Huye,off,-0.5576792469426393
2013-08-01,Huye,off,0.7113684397218945
2013-09-01,Huye,off,2.987372761071758
2013-10-01,Huye,B,0.070777282313875
2013-11-01,Huye,B,-0.2963056702727812
2013-12-01,Huye,B,1.7516438247559212
2014-01-01,Huye,off,-0.3058064510260798
2014-02-01,Huye,off,0.8265474567771915
2014-03-01,Huye,A,-0.11367924160886295
2014-04-01,Huye,A,-0.6319277254622797
2014-05-01,Huye,A,-1.5044121799465002
2014-06-01,Huye,off,-0.31965901995978424
2014-07-01,Huye,off,-0.5680452162856208
2014-08-01,Huye,off,-0.3680025264006768
2014-09-01,Huye,off,-0.04139891208096871
2014-10-01,Huye,B,0.1523866168851138
2014-11-01,Huye,B,-0.035484600265927625
2014-12-01,Huye,B,-0.6916243335182193
2015-01-01,Huye,off,-1.6168787010067387
2015-02-01,Huye,off,-0.22356291422365407
2015-03-01,Huye,A,0.16140420417073714
2015-04-01,Huye,A,0.06026859153720643
2015-05-01,Huye,A,0.08111398128333333
2015-06-01,Huye,off,-0.11347766608710648
2015-07-01,Huye,off,-0.6081631859137859
2015-08-01,Huye,off,-0.21396170226995226
2015-09-01,Huye,off,0.17784545617584047
2015-10-01,Huye,B,1.0836355547100947
2015-11-01,Huye,B,0.32638581634928077
2015-12-01,Huye,B,-0.6271208796771192
2016-01-01,Huye,off,0.718774200783594
2016-02-01,Huye,off,-0.7454480664082351
2016-03-01,Huye,A,0.7411246430987362
2016-04-01,Huye,A,0.8909111173024418
2016-05-01,Huye,A,-1.293952608204718
2016-06-01,Huye,off,-1.2147102625284516
2016-07-01,Huye,off,-0.3835604484513332
2016-08-01,Huye,off,-1.02076121276765
2016-09-01,Huye,off,0.6528445914821767
2016-10-01,Huye,B,0.33693979030625004
2016-11-01,Huye,B,0.8740804256248128
2016-12-01,Huye,B,-1.4965679359396942
2017-01-01,Huye,off,-0.8767742919304123
2017-02-01,Huye,off,-0.23724269179029503
2017-03-01,Huye,A,-0.3440789932950093
2017-04-01,Huye,A,-0.4017821365654916
2017-05-01,Huye,A,1.1428660842011495
2017-06-01,Huye,off,-1.2037775132986108
2017-07-01,Huye,off,-0.13039327318205424
2017-08-01,Huye,off,1.2017795990155156
2017-09-01,Huye,off,0.7674732736519072
2017-10-01,Huye,B,0.11986864733851293
2017-11-01,Huye,B,0.4809007578628674
2017-12-01,Huye,B,-0.7069031659608693
2018-01-01,Huye,off,0.875732705255333
2018-02-01,Huye,off,-1.072411687954004
2018-03-01,Huye,A,1.3597927229328248
2018-04-01,Huye,A,2.311837391354169
2018-05-01,Huye,A,0.2498940862242876
2018-06-01,Huye,off,-0.6483178812708565
2018-07-01,Huye,off,-0.5145680493722523
2018-08-01,Huye,off,1.1147089789197688
2018-09-01,Huye,off,-0.545413188439148
2018-10-01,Huye,B,-0.6080524900936538
2018-11-01,Huye,B,-0.05556424938025512
2018-12-01,Huye,B,1.877367264269407
2019-01-01,Huye,off,0.881238323132208
2019-02-01,Huye,off,-0.8377826644275673
2019-03-01,Huye,A,-0.8679179131988524
2019-04-01,Huye,A,0.3417752905877484
2019-05-01,Huye,A,1.9424512201732165
2019-06-01,Huye,off,-0.3540927133034721
2019-07-01,Huye,off,-0.0026866010882507915
2019-08-01,Huye,off,0.36178373565574373
2019-09-01,Huye,off,0.27115341026707573
2019-10-01,Huye,B,0.4955508553349442
2019-11-01,Huye,B,0.40116462995330926
2019-12-01,Huye,B,0.8753512287667435
2020-01-01,Huye,off,0.8953224618870034
2020-02-01,Huye,off,1.1403590318687564
2020-03-01,Huye,A,0.21561036437727665
2020-04-01,Huye,A,0.8462858451025421
2020-05-01,Huye,A,-0.685406826446102
2020-06-01,Huye,off,-1.0445499227943897
2020-07-01,Huye,off,-0.06876908839445611
2020-08-01,Huye,off,-1.3394049602429487
2020-09-01,Huye,off,0.036535591383439384
2020-10-01,Huye,B,1.5411061554652932
2020-11-01,Huye,B,0.09496034822574917
2020-12-01,Huye,B,1.6864122744252696
2021-01-01,Huye,off,-0.2655728585603118
2021-02-01,Huye,off,0.40620101424534094
2021-03-01,Huye,A,-0.14964668523735528
2021-04-01,Huye,A,-0.5038729206867115
2021-05-01,Huye,A,2.588721726848244
2021-06-01,Huye,off,-1.1621731294898865
2021-07-01,Huye,off,-0.42373129707839846
2021-08-01,Huye,off,-0.27421999031747635
2021-09-01,Huye,off,0.11037786108337284
2021-10-01,Huye,B,1.2529215001113063
2021-11-01,Huye,B,-0.5221765312711721
2021-12-01,Huye,B,-0.022091681003697936
2022-01-01,Huye,off,0.8890219302485713
2022-02-01,Huye,off,1.059720287324525
2022-03-01,Huye,A,0.10417770662102928
2022-04-01,Huye,A,0.21881532441235513
2022-05-01,Huye,A,0.6728144415799902
2022-06-01,Huye,off,-0.7342754168080275
2022-07-01,Huye,off,0.20204410269997738
2022-08-01,Huye,off,1.0741707649550256
2022-09-01,Huye,off,-0.44484303749920534
2022-10-01,Huye,B,-0.6906150080578124
2022-11-01,Huye,B,0.6620896535458626
2022-12-01,Huye,B,-0.10947543683036377
2023-01-01,Huye,off,2.134650281928537
2023-02-01,Huye,off,-1.3478291444595936
2023-03-01,Huye,A,0.5466951875248808
2023-04-01,Huye,A,0.8267491835670281
2023-05-01,Huye,A,-0.5174563188765268
2023-06-01,Huye,off,-1.184790030528337
2023-07-01,Huye,off,-0.5489703113698423
2023-08-01,Huye,off,-1.5394311619071488
2023-09-01,Huye,off,0.5778621386275824
2023-10-01,Huye,B,-0.46605367482988835
2023-11-01,Huye,B,0.04851467272902581
2023-12-01,Huye,B,-0.12878799470503113
2024-01-01,Huye,off,-0.2956964921040087
2024-02-01,Huye,off,-1.1944604692384657
2024-03-01,Huye,A,-1.1151803497615949
2024-04-01,Huye,A,1.5739124743873818
2024-05-01,Huye,A,-0.8381438601885448
2024-06-01,Huye,off,-1.2314540182794063
2024-07-01,Huye,off,-0.4096276663509802
2024-08-01,Huye,off,-1.05608717168738
2024-09-01,Huye,off,-0.17039292956176172
2024-10-01,Huye,B,0.5322469789155835
2024-11-01,Huye,B,3.8202634546549548
2024-12-01,Huye,B,-0.6271056232107431
2025-01-01,Huye,off,-0.041712814957151866
2025-02-01,Huye,off,-0.799870593993803
2025-03-01,Huye,A,-1.162155722855798
2025-04-01,Huye,A,1.22978104944235
2025-05-01,Huye,A,-0.15013670737836612
2025-06-01,Huye,off,0.3374726861431406
2025-07-01,Huye,off,-0.10774605369838226
2025-08-01,Huye,off,3.7799577937538236
2025-09-01,Huye,off,-0.8609220670248247
2025-10-01,Huye,B,0.31716062442841747
2025-11-01,Huye,B,-0.4532165577138395
2025-12-01,Huye,B,0.18277005335658958
2026-01-01,Huye,off,2.578184608477356
2026-02-01,Huye,off,-0.4947197431768964
2026-03-01,Huye,A,-0.025285576859195382
2026-04-01,Huye,A,-0.40389682110751973
2026-05-01,Huye,A,-1.448202074237518
2026-06-01,Huye,off,-1.0583051831330608
2026-07-01,Huye,off,0.40110576506037854
2026-08-01,Huye,off,-1.3276636831243303
2026-09-01,Huye,off,-0.24877529459225023
1981-01-01,Kamonyi,off,-0.087974702751764
1981-02-01,Kamonyi,off,-0.9104491509518665
1981-03-01,Kamonyi,A,-0.2040132695162779
1981-04-01,Kamonyi,A,1.655399709231053
1981-05-01,Kamonyi,A,0.43097468520455806
1981-06-01,Kamonyi,off,-0.20728376453276726
1981-07-01,Kamonyi,off,-0.232240272090942
1981-08-01,Kamonyi,off,0.8189913903860343
1981-09-01,Kamonyi,off,0.7847472559629377
1981-10-01,Kamonyi,B,-0.20915158339539056
1981-11-01,Kamonyi,B,-0.9419981052374624
1981-12-01,Kamonyi,B,-0.06387863500391289
1982-01-01,Kamonyi,off,0.6200004059570282
1982-02-01,Kamonyi,off,-0.37133050238926
1982-03-01,Kamonyi,A,-1.18288236656745
1982-04-01,Kamonyi,A,1.2732266348931758
1982-05-01,Kamonyi,A,1.22822600811915
1982-06-01,Kamonyi,off,0.5533397369479158
1982-07-01,Kamonyi,off,-0.3278236360328255
1982-08-01,Kamonyi,off,-1.4676934604582705
1982-09-01,Kamonyi,off,0.9060525256295396
1982-10-01,Kamonyi,B,0.4112582327556141
1982-11-01,Kamonyi,B,0.7944430629220994
1982-12-01,Kamonyi,B,1.823665508896793
1983-01-01,Kamonyi,off,-1.5249489103446288
1983-02-01,Kamonyi,off,0.08887946117574407
1983-03-01,Kamonyi,A,-0.057223827279403
1983-04-01,Kamonyi,A,1.3814053824607222
1983-05-01,Kamonyi,A,-0.6008119494771251
1983-06-01,Kamonyi,off,-0.2401597746012132
1983-07-01,Kamonyi,off,-0.26066559532577416
1983-08-01,Kamonyi,off,0.6085882036910296
1983-09-01,Kamonyi,off,-0.3541172971452364
1983-10-01,Kamonyi,B,1.3171309706087069
1983-11-01,Kamonyi,B,0.4625963240873811
1983-12-01,Kamonyi,B,-0.7580136780303001
1984-01-01,Kamonyi,off,-0.08759426733289684
1984-02-01,Kamonyi,off,0.0880784896037198
1984-03-01,Kamonyi,A,-0.7876756180092643
1984-04-01,Kamonyi,A,-0.5298044963682973
1984-05-01,Kamonyi,A,-2.026891285462199
1984-06-01,Kamonyi,off,-1.0150054009994391
1984-07-01,Kamonyi,off,1.9476964133213082
1984-08-01,Kamonyi,off,1.3268920420774966
1984-09-01,Kamonyi,off,-1.2963684124438817
1984-10-01,Kamonyi,B,0.4815651220575189
1984-11-01,Kamonyi,B,0.27782622789465117
1984-12-01,Kamonyi,B,-0.38630226047563676
1985-01-01,Kamonyi,off,-0.22964630624980267
1985-02-01,Kamonyi,off,0.47522256022220927
1985-03-01,Kamonyi,A,-0.7817950910489191
1985-04-01,Kamonyi,A,2.2411660934623394
1985-05-01,Kamonyi,A,-1.3073789406344773
1985-06-01,Kamonyi,off,0.4311918679424781
1985-07-01,Kamonyi,off,-0.4096614382485756
1985-08-01,Kamonyi,off,-1.5602276523153913
1985-09-01,Kamonyi,off,0.8589874906864976
1985-10-01,Kamonyi,B,-0.17706914631886966
1985-11-01,Kamonyi,B,0.5096733279543358
1985-12-01,Kamonyi,B,-0.5421654374870567
1986-01-01,Kamonyi,off,0.35004035930720884
1986-02-01,Kamonyi,off,0.5586760058596907
1986-03-01,Kamonyi,A,-0.8948243498804572
1986-04-01,Kamonyi,A,2.184151860945475
1986-05-01,Kamonyi,A,0.4068127292295701
1986-06-01,Kamonyi,off,-0.25049512858897743
1986-07-01,Kamonyi,off,-0.48019497358852997
1986-08-01,Kamonyi,off,-1.137023160381876
1986-09-01,Kamonyi,off,-1.3294837364680456
1986-10-01,Kamonyi,B,0.6422514205313126
1986-11-01,Kamonyi,B,-0.3961814726435153
1986-12-01,Kamonyi,B,0.5343668095377224
1987-01-01,Kamonyi,off,1.0331908874646003
1987-02-01,Kamonyi,off,0.4942273402403304
1987-03-01,Kamonyi,A,-0.04550144384423228
1987-04-01,Kamonyi,A,-0.4565800716371503
1987-05-01,Kamonyi,A,2.3864788307293527
1987-06-01,Kamonyi,off,0.20677783525902252
1987-07-01,Kamonyi,off,-0.4465853534389669
1987-08-01,Kamonyi,off,-1.015568101729508
1987-09-01,Kamonyi,off,2.375357581927268
1987-10-01,Kamonyi,B,-0.48887211005774095
1987-11-01,Kamonyi,B,0.9275701344439607
1987-12-01,Kamonyi,B,-1.522559050681234
1988-01-01,Kamonyi,off,-0.13252343543721198
1988-02-01,Kamonyi,off,0.503553476284521
1988-03-01,Kamonyi,A,0.29727483668874255
1988-04-01,Kamonyi,A,1.3712780382620053
1988-05-01,Kamonyi,A,-0.6555788417812615
1988-06-01,Kamonyi,off,-0.9085908491581222
1988-07-01,Kamonyi,off,0.7521410359781211
1988-08-01,Kamonyi,off,3.261752299479623
1988-09-01,Kamonyi,off,0.7408591584101254
1988-10-01,Kamonyi,B,-0.22490330022600744
1988-11-01,Kamonyi,B,-0.1326720952792117
1988-12-01,Kamonyi,B,-0.6976247681655457
1989-01-01,Kamonyi,off,0.6126060198200699
1989-02-01,Kamonyi,off,-0.33419032928346065
1989-03-01,Kamonyi,A,-0.24162285456964164
1989-04-01,Kamonyi,A,0.2363162469100757
1989-05-01,Kamonyi,A,-0.43158881871225807
1989-06-01,Kamonyi,off,0.18752737506509623
1989-07-01,Kamonyi,off,0.14369916514684034
1989-08-01,Kamonyi,off,-0.11946775904410736
1989-09-01,Kamonyi,off,-0.14303036550853443
1989-10-01,Kamonyi,B,-0.26156019980030704
1989-11-01,Kamonyi,B,-0.07336232424147154
1989-12-01,Kamonyi,B,2.153266445305055
1990-01-01,Kamonyi,off,0.04325699879960343
1990-02-01,Kamonyi,off,1.9762686435368653
1990-03-01,Kamonyi,A,-0.2315341163339442
1990-04-01,Kamonyi,A,1.1749068179207356
1990-05-01,Kamonyi,A,-0.7608225790755809
1990-06-01,Kamonyi,off,-1.1513793630562226
1990-07-01,Kamonyi,off,-0.12618080907940113
1990-08-01,Kamonyi,off,-0.6757986235057257
1990-09-01,Kamonyi,off,0.9513722699391093
1990-10-01,Kamonyi,B,-0.7161128304892169
1990-11-01,Kamonyi,B,0.2892967154864338
1990-12-01,Kamonyi,B,0.27177322153573596
1991-01-01,Kamonyi,off,0.12721432215386275
1991-02-01,Kamonyi,off,0.49863589388087814
1991-03-01,Kamonyi,A,-0.5535575625015353
1991-04-01,Kamonyi,A,-0.31820369678093396
1991-05-01,Kamonyi,A,1.8829378138690294
1991-06-01,Kamonyi,off,0.015840742955844037
1991-07-01,Kamonyi,off,0.21908371717704173
1991-08-01,Kamonyi,off,-0.8328817381948047
1991-09-01,Kamonyi,off,-1.0624563342664228
1991-10-01,Kamonyi,B,1.1686819558807588
1991-11-01,Kamonyi,B,-1.0023930372022982
1991-12-01,Kamonyi,B,0.07675729632519523
1992-01-01,Kamonyi,off,-0.8476664132899142
1992-02-01,Kamonyi,off,-0.3240269062530084
1992-03-01,Kamonyi,A,-0.6138821972016758
1992-04-01,Kamonyi,A,0.37549998106590177
1992-05-01,Kamonyi,A,-0.9848487239913201
1992-06-01,Kamonyi,off,0.8537278314907529
1992-07-01,Kamonyi,off,-0.4484617107792048
1992-08-01,Kamonyi,off,-1.6608706234390784
1992-09-01,Kamonyi,off,-0.14449207975069503
1992-10-01,Kamonyi,B,0.2811360816366703
1992-11-01,Kamonyi,B,-0.8940517682088153
1992-12-01,Kamonyi,B,0.28617356835442614
1993-01-01,Kamonyi,off,1.7165484790810284
1993-02-01,Kamonyi,off,-0.028622357617201926
1993-03-01,Kamonyi,A,-0.9962514952184416
1993-04-01,Kamonyi,A,-1.2057174710808412
1993-05-01,Kamonyi,A,0.2482986452699942
1993-06-01,Kamonyi,off,-0.8279387124183192
1993-07-01,Kamonyi,off,-0.4529585204471889
1993-08-01,Kamonyi,off,2.1862486271486783
1993-09-01,Kamonyi,off,-1.9961972435593527
1993-10-01,Kamonyi,B,-1.4503139592220093
1993-11-01,Kamonyi,B,-0.4460976708699083
1993-12-01,Kamonyi,B,-1.2447104615678117
1994-01-01,Kamonyi,off,0.9114802121712949
1994-02-01,Kamonyi,off,-0.5575191687785707
1994-03-01,Kamonyi,A,0.6848337977415621
1994-04-01,Kamonyi,A,-0.4353831719132936
1994-05-01,Kamonyi,A,0.15574154792506453
1994-06-01,Kamonyi,off,-0.6994976412907365
1994-07-01,Kamonyi,off,0.1082406204736587
1994-08-01,Kamonyi,off,0.9107775513830939
1994-09-01,Kamonyi,off,-0.40243173504133384
1994-10-01,Kamonyi,B,-0.9598049282432208
1994-11-01,Kamonyi,B,0.6616902219052722
1994-12-01,Kamonyi,B,0.4691260441902092
1995-01-01,Kamonyi,off,0.2933667518261777
1995-02-01,Kamonyi,off,-0.700007046435088
1995-03-01,Kamonyi,A,-0.16697182659055593
1995-04-01,Kamonyi,A,0.43754093579662634
1995-05-01,Kamonyi,A,-0.2424300310554984
1995-06-01,Kamonyi,off,3.6651175741525415
1995-07-01,Kamonyi,off,-0.4014731565071903
1995-08-01,Kamonyi,off,-1.4717398170401956
1995-09-01,Kamonyi,off,-0.3978472930634212
1995-10-01,Kamonyi,B,-0.278294433012889
1995-11-01,Kamonyi,B,0.17428213156444314
1995-12-01,Kamonyi,B,-1.3865602654594973
1996-01-01,Kamonyi,off,-0.9254141126681514
1996-02-01,Kamonyi,off,-0.19088736038097923
1996-03-01,Kamonyi,A,-0.3863813435541997
1996-04-01,Kamonyi,A,-0.47234558552920286
1996-05-01,Kamonyi,A,-0.7000006372000019
1996-06-01,Kamonyi,off,0.7882484189200294
1996-07-01,Kamonyi,off,2.2177244666870406
1996-08-01,Kamonyi,off,2.044756697308057
1996-09-01,Kamonyi,off,0.3159613702250841
1996-10-01,Kamonyi,B,-1.3626626689243153
1996-11-01,Kamonyi,B,-0.7682330313152548
1996-12-01,Kamonyi,B,-0.6351391888813399
1997-01-01,Kamonyi,off,1.3411408685566488
1997-02-01,Kamonyi,off,-1.2716948790670128
1997-03-01,Kamonyi,A,-0.7917808836344818
1997-04-01,Kamonyi,A,0.3079141024093455
1997-05-01,Kamonyi,A,-1.16848205201001
1997-06-01,Kamonyi,off,-0.049624625217190584
1997-07-01,Kamonyi,off,0.06038600217999516
1997-08-01,Kamonyi,off,0.15856290181301277
1997-09-01,Kamonyi,off,1.1103268920271103
1997-10-01,Kamonyi,B,1.4474738424493687
1997-11-01,Kamonyi,B,0.3658557275849333
1997-12-01,Kamonyi,B,1.1917696659850474
1998-01-01,Kamonyi,off,1.9234591273265569
1998-02-01,Kamonyi,off,2.2871902084063818
1998-03-01,Kamonyi,A,0.3563830824487718
1998-04-01,Kamonyi,A,-0.27863898316752284
1998-05-01,Kamonyi,A,1.0421085638170473
1998-06-01,Kamonyi,off,0.9630956857342933
1998-07-01,Kamonyi,off,0.14874488923720727
1998-08-01,Kamonyi,off,-0.4327390828427298
1998-09-01,Kamonyi,off,-0.2017250435455006
1998-10-01,Kamonyi,B,0.17952120808241
1998-11-01,Kamonyi,B,-0.6853993027911078
1998-12-01,Kamonyi,B,-1.3052460633382894
1999-01-01,Kamonyi,off,-0.30379256395084914
1999-02-01,Kamonyi,off,-1.8180232611228428
1999-03-01,Kamonyi,A,1.0549102366317349
1999-04-01,Kamonyi,A,-0.6703983160118393
1999-05-01,Kamonyi,A,-1.5292347744497752
1999-06-01,Kamonyi,off,-0.821653317518778
1999-07-01,Kamonyi,off,-0.5103175181936896
1999-08-01,Kamonyi,off,1.3663310443517167
1999-09-01,Kamonyi,off,0.8131494371274581
1999-10-01,Kamonyi,B,-1.5590238667704501
1999-11-01,Kamonyi,B,-0.25919831064103865
1999-12-01,Kamonyi,B,-0.16438214074197444
2000-01-01,Kamonyi,off,-0.9770500398639246
2000-02-01,Kamonyi,off,-1.2099734074993347
2000-03-01,Kamonyi,A,-0.9935606595959992
2000-04-01,Kamonyi,A,-1.0319000263954283
2000-05-01,Kamonyi,A,-0.752614682493931
2000-06-01,Kamonyi,off,-0.9667033836847584
2000-07-01,Kamonyi,off,-0.4164628088338072
2000-08-01,Kamonyi,off,-1.2650991416920476
2000-09-01,Kamonyi,off,-1.7172918834192168
2000-10-01,Kamonyi,B,0.11198561396153014
2000-11-01,Kamonyi,B,0.5487921910867491
2000-12-01,Kamonyi,B,-0.3803688143108294
2001-01-01,Kamonyi,off,0.44845131431212554
2001-02-01,Kamonyi,off,-0.6958360431352364
2001-03-01,Kamonyi,A,1.8094479758305624
2001-04-01,Kamonyi,A,-1.1062591008118368
2001-05-01,Kamonyi,A,-0.8856616815922158
2001-06-01,Kamonyi,off,-0.9277891429100965
2001-07-01,Kamonyi,off,1.317446808250454
2001-08-01,Kamonyi,off,-0.4752002222738486
2001-09-01,Kamonyi,off,0.12510701727551826
2001-10-01,Kamonyi,B,2.016760814331501
2001-11-01,Kamonyi,B,1.1579777912780336
2001-12-01,Kamonyi,B,-0.14800281354541533
2002-01-01,Kamonyi,off,0.0637446134251699
2002-02-01,Kamonyi,off,-0.6978926440816485
2002-03-01,Kamonyi,A,-0.23271014644976215
2002-04-01,Kamonyi,A,-0.1351231975496796
2002-05-01,Kamonyi,A,1.4362326785794204
2002-06-01,Kamonyi,off,-1.0894110929227248
2002-07-01,Kamonyi,off,-0.2919963775284354
2002-08-01,Kamonyi,off,-1.0726863445177703
2002-09-01,Kamonyi,off,-1.5983033156537738
2002-10-01,Kamonyi,B,-0.7750582859795563
2002-11-01,Kamonyi,B,-0.5182593347355104
2002-12-01,Kamonyi,B,0.7498409163596833
2003-01-01,Kamonyi,off,-0.5723831527809968
2003-02-01,Kamonyi,off,-0.9538029484287421
2003-03-01,Kamonyi,A,-1.0325315081114224
2003-04-01,Kamonyi,A,0.42851187210018216
2003-05-01,Kamonyi,A,-0.022222521308621974
2003-06-01,Kamonyi,off,-0.28976700683219936
2003-07-01,Kamonyi,off,0.0012836064600450876
2003-08-01,Kamonyi,off,0.22548516654814324
2003-09-01,Kamonyi,off,0.38869926303843755
2003-10-01,Kamonyi,B,0.6248742205975828
2003-11-01,Kamonyi,B,-0.3604043696297991
2003-12-01,Kamonyi,B,-1.044758554287131
2004-01-01,Kamonyi,off,0.3903740735934636
2004-02-01,Kamonyi,off,0.4470919972788421
2004-03-01,Kamonyi,A,0.07580768641867297
2004-04-01,Kamonyi,A,0.5548064409301434
2004-05-01,Kamonyi,A,-1.3093919888928038
2004-06-01,Kamonyi,off,-1.0568132501092709
2004-07-01,Kamonyi,off,-0.26813506414624144
2004-08-01,Kamonyi,off,-0.8339831587921194
2004-09-01,Kamonyi,off,0.27974056748040005
2004-10-01,Kamonyi,B,-0.24265193468973362
2004-11-01,Kamonyi,B,1.7496440054511762
2004-12-01,Kamonyi,B,1.0158185912409374
2005-01-01,Kamonyi,off,-0.4910101706614984
2005-02-01,Kamonyi,off,-0.33728337666881303
2005-03-01,Kamonyi,A,0.4099341342540542
2005-04-01,Kamonyi,A,-0.8730274016522794
2005-05-01,Kamonyi,A,-0.21836214888677608
2005-06-01,Kamonyi,off,-0.6448536535970033
2005-07-01,Kamonyi,off,-0.5103175181936896
2005-08-01,Kamonyi,off,1.8950959930288118
2005-09-01,Kamonyi,off,1.207684033286602
2005-10-01,Kamonyi,B,1.7359965286801118
2005-11-01,Kamonyi,B,-1.2442437810727849
2005-12-01,Kamonyi,B,-1.4441653197630577
2006-01-01,Kamonyi,off,-0.5316310638453656
2006-02-01,Kamonyi,off,0.4210560605423985
2006-03-01,Kamonyi,A,-0.009348518770461304
2006-04-01,Kamonyi,A,0.719323719877965
2006-05-01,Kamonyi,A,0.5378008906014123
2006-06-01,Kamonyi,off,-0.897109736861196
2006-07-01,Kamonyi,off,0.5354472173072544
2006-08-01,Kamonyi,off,1.375324244291429
2006-09-01,Kamonyi,off,-1.281833632994633
2006-10-01,Kamonyi,B,-1.1057360384048016
2006-11-01,Kamonyi,B,1.311250239327107
2006-12-01,Kamonyi,B,2.3575448981276796
2007-01-01,Kamonyi,off,-0.11220091238386654
2007-02-01,Kamonyi,off,0.7795592812656571
2007-03-01,Kamonyi,A,-0.6077054581935959
2007-04-01,Kamonyi,A,0.15127469820498377
2007-05-01,Kamonyi,A,4.690835426723849
2007-06-01,Kamonyi,off,1.300313718445008
2007-07-01,Kamonyi,off,1.2985454793087243
2007-08-01,Kamonyi,off,-0.006129534217164883
2007-09-01,Kamonyi,off,0.33988386169185036
2007-10-01,Kamonyi,B,-0.598597741568593
2007-11-01,Kamonyi,B,-0.44542459364835446
2007-12-01,Kamonyi,B,-1.0520574578765538
2008-01-01,Kamonyi,off,-1.165052552043882
2008-02-01,Kamonyi,off,-0.6050635843955615
2008-03-01,Kamonyi,A,-0.3487310663102889
2008-04-01,Kamonyi,A,-1.1051100195938812
2008-05-01,Kamonyi,A,-1.1152549891890857
2008-06-01,Kamonyi,off,1.5649634019671494
2008-07-01,Kamonyi,off,0.08160938839045903
2008-08-01,Kamonyi,off,0.27284526288765515
2008-09-01,Kamonyi,off,-1.0815530265870308
2008-10-01,Kamonyi,B,-0.5776436077542522
2008-11-01,Kamonyi,B,-0.8756775773454254
2008-12-01,Kamonyi,B,-0.7589187996724743
2009-01-01,Kamonyi,off,-0.24089443854984433
2009-02-01,Kamonyi,off,2.5551911368548486
2009-03-01,Kamonyi,A,0.0714572030289072
2009-04-01,Kamonyi,A,0.3478338510837812
2009-05-01,Kamonyi,A,2.1186095819514064
2009-06-01,Kamonyi,off,-0.7238901146538247
2009-07-01,Kamonyi,off,-0.5039443081704674
2009-08-01,Kamonyi,off,-1.0397378111583495
2009-09-01,Kamonyi,off,-1.1445918217936772
2009-10-01,Kamonyi,B,0.6324624968496475
2009-11-01,Kamonyi,B,-0.6567630447471897
2009-12-01,Kamonyi,B,-0.9222279055452959
2010-01-01,Kamonyi,off,0.8294343141364956
2010-02-01,Kamonyi,off,4.031233944551951
2010-03-01,Kamonyi,A,0.09930715761599988
2010-04-01,Kamonyi,A,-0.14564696799372867
2010-05-01,Kamonyi,A,-0.5392320402763515
2010-06-01,Kamonyi,off,0.9188793837270673
2010-07-01,Kamonyi,off,-0.2756656572825303
2010-08-01,Kamonyi,off,-1.674342996896537
2010-09-01,Kamonyi,off,0.40710249978096735
2010-10-01,Kamonyi,B,-0.44260764879796605
2010-11-01,Kamonyi,B,-0.6239565039046782
2010-12-01,Kamonyi,B,0.7389644121571401
2011-01-01,Kamonyi,off,0.14501145603074078
2011-02-01,Kamonyi,off,0.05756793893959122
2011-03-01,Kamonyi,A,-0.3888800526765588
2011-04-01,Kamonyi,A,-0.5313883517046005
2011-05-01,Kamonyi,A,-0.04899609002873606
2011-06-01,Kamonyi,off,2.757123175164665
2011-07-01,Kamonyi,off,0.3505670242205439
2011-08-01,Kamonyi,off,0.9204908331862408
2011-09-01,Kamonyi,off,1.9800910640257783
2011-10-01,Kamonyi,B,0.6928767855647434
2011-11-01,Kamonyi,B,0.8365511459822195
2011-12-01,Kamonyi,B,0.1628324094641894
2012-01-01,Kamonyi,off,-0.9915650646741575
2012-02-01,Kamonyi,off,-0.7653080112759119
2012-03-01,Kamonyi,A,-0.42398742288501623
2012-04-01,Kamonyi,A,0.576462665583928
2012-05-01,Kamonyi,A,1.5661052351575069
2012-06-01,Kamonyi,off,0.024002086553117082
2012-07-01,Kamonyi,off,-0.4923552174683397
2012-08-01,Kamonyi,off,0.8312199205792629
2012-09-01,Kamonyi,off,0.022132504075470634
2012-10-01,Kamonyi,B,0.6291738925179144
2012-11-01,Kamonyi,B,0.20299081611558503
2012-12-01,Kamonyi,B,0.13270540205271938
2013-01-01,Kamonyi,off,-0.32765188788926575
2013-02-01,Kamonyi,off,-0.895142510332236
2013-03-01,Kamonyi,A,1.2726874418609244
2013-04-01,Kamonyi,A,-0.3092461992917025
2013-05-01,Kamonyi,A,-1.3760811768472994
2013-06-01,Kamonyi,off,-1.2238817594951577
2013-07-01,Kamonyi,off,-0.5041023882975939
2013-08-01,Kamonyi,off,-0.37066880263536006
2013-09-01,Kamonyi,off,1.7369408154803125
2013-10-01,Kamonyi,B,-0.6669261989338876
2013-11-01,Kamonyi,B,0.1287360208143301
2013-12-01,Kamonyi,B,0.9104229572258244
2014-01-01,Kamonyi,off,-0.7967979812419641
2014-02-01,Kamonyi,off,0.5448645989214218
2014-03-01,Kamonyi,A,-0.060773489649647544
2014-04-01,Kamonyi,A,-0.5272851938144117
2014-05-01,Kamonyi,A,-1.866808035789017
2014-06-01,Kamonyi,off,-0.3305550778158146
2014-07-01,Kamonyi,off,-0.5329093621250587
2014-08-01,Kamonyi,off,-0.08204683778328184
2014-09-01,Kamonyi,off,-0.41464843610940294
2014-10-01,Kamonyi,B,0.05450391592587883
2014-11-01,Kamonyi,B,-0.1325091759645198
2014-12-01,Kamonyi,B,-0.8621783302663553
2015-01-01,Kamonyi,off,-1.8039498928310504
2015-02-01,Kamonyi,off,-0.2692322047509983
2015-03-01,Kamonyi,A,-0.28713441352054003
2015-04-01,Kamonyi,A,0.3252636652052035
2015-05-01,Kamonyi,A,-0.5413984262579901
2015-06-01,Kamonyi,off,0.5651778952571433
2015-07-01,Kamonyi,off,-0.33131085137598054
2015-08-01,Kamonyi,off,-1.099464021170441
2015-09-01,Kamonyi,off,-0.31311776441877603
2015-10-01,Kamonyi,B,0.30777491662122236
2015-11-01,Kamonyi,B,0.0940743827956177
2015-12-01,Kamonyi,B,-0.5543044212028309
2016-01-01,Kamonyi,off,0.49002025810874367
2016-02-01,Kamonyi,off,-1.0307032092805808
2016-03-01,Kamonyi,A,0.9636827867234403
2016-04-01,Kamonyi,A,0.5711596042526002
2016-05-01,Kamonyi,A,-1.5804662315951081
2016-06-01,Kamonyi,off,-1.1393345499304648
2016-07-01,Kamonyi,off,-0.23021184596990973
2016-08-01,Kamonyi,off,-1.346408386334439
2016-09-01,Kamonyi,off,0.8133800943143097
2016-10-01,Kamonyi,B,0.3600682850858397
2016-11-01,Kamonyi,B,0.5168260235567917
2016-12-01,Kamonyi,B,-1.191823808707716
2017-01-01,Kamonyi,off,-0.9746071857198174
2017-02-01,Kamonyi,off,-0.6141636873654617
2017-03-01,Kamonyi,A,-0.7432120657787126
2017-04-01,Kamonyi,A,-0.3769106233393147
2017-05-01,Kamonyi,A,0.6540855999529869
2017-06-01,Kamonyi,off,-1.1776055443864746
2017-07-01,Kamonyi,off,-0.4752954574851296
2017-08-01,Kamonyi,off,0.8535353608706641
2017-09-01,Kamonyi,off,1.2252346912101661
2017-10-01,Kamonyi,B,0.6585905071948294
2017-11-01,Kamonyi,B,0.30843737989138276
2017-12-01,Kamonyi,B,-0.6438312515557517
2018-01-01,Kamonyi,off,0.923937410107599
2018-02-01,Kamonyi,off,-1.100906884088598
2018-03-01,Kamonyi,A,1.51048324765687
2018-04-01,Kamonyi,A,2.514148105209054
2018-05-01,Kamonyi,A,0.9395213146672088
2018-06-01,Kamonyi,off,-0.3878283144049127
2018-07-01,Kamonyi,off,-0.5123011979603708
2018-08-01,Kamonyi,off,0.6169709670037806
2018-09-01,Kamonyi,off,-0.6189055642454915
2018-10-01,Kamonyi,B,-0.7065066667912607
2018-11-01,Kamonyi,B,-0.16205011474685688
2018-12-01,Kamonyi,B,2.420059243693522
2019-01-01,Kamonyi,off,0.6221034093353143
2019-02-01,Kamonyi,off,-0.7739530262934408
2019-03-01,Kamonyi,A,-1.1435814424450872
2019-04-01,Kamonyi,A,-0.06093963508938185
2019-05-01,Kamonyi,A,1.6854471281377021
2019-06-01,Kamonyi,off,-0.17601067619963265
2019-07-01,Kamonyi,off,-0.11940918336707042
2019-08-01,Kamonyi,off,0.6378391568469659
2019-09-01,Kamonyi,off,-0.015078826595036166
2019-10-01,Kamonyi,B,0.282804633509113
2019-11-01,Kamonyi,B,0.456816850117145
2019-12-01,Kamonyi,B,0.5397129611458806
2020-01-01,Kamonyi,off,1.5062527008424673
2020-02-01,Kamonyi,off,1.8579497548079307
2020-03-01,Kamonyi,A,-0.21626816790486184
2020-04-01,Kamonyi,A,0.8095826978019837
2020-05-01,Kamonyi,A,-1.58079571574579
2020-06-01,Kamonyi,off,-1.0173289207781913
2020-07-01,Kamonyi,off,-0.40656677780070205
2020-08-01,Kamonyi,off,-1.5769628963804867
2020-09-01,Kamonyi,off,-0.5536255907249507
2020-10-01,Kamonyi,B,1.9050470940164075
2020-11-01,Kamonyi,B,0.04461010016530336
2020-12-01,Kamonyi,B,1.372700221718634
2021-01-01,Kamonyi,off,-0.12984911757499157
2021-02-01,Kamonyi,off,0.6010155203766738
2021-03-01,Kamonyi,A,-0.46060770594007344
2021-04-01,Kamonyi,A,-0.5965634546537312
2021-05-01,Kamonyi,A,1.997220712631179
2021-06-01,Kamonyi,off,-1.1006467401188484
2021-07-01,Kamonyi,off,-0.2491484364583639
2021-08-01,Kamonyi,off,-0.3635176878341751
2021-09-01,Kamonyi,off,0.569037846334061
2021-10-01,Kamonyi,B,1.1546756802361196
2021-11-01,Kamonyi,B,-0.5119287310703611
2021-12-01,Kamonyi,B,0.3971767883974635
2022-01-01,Kamonyi,off,0.37064115715304846
2022-02-01,Kamonyi,off,1.7558944076477463
2022-03-01,Kamonyi,A,-0.377525565787586
2022-04-01,Kamonyi,A,0.001963017640433814
2022-05-01,Kamonyi,A,0.8207976870440791
2022-06-01,Kamonyi,off,-0.6925251462794536
2022-07-01,Kamonyi,off,0.0649295691536079
2022-08-01,Kamonyi,off,1.356297150241756
2022-09-01,Kamonyi,off,-0.6539498099406001
2022-10-01,Kamonyi,B,-0.9203739697741097
2022-11-01,Kamonyi,B,0.39111118939712786
2022-12-01,Kamonyi,B,1.2933733556391567
2023-01-01,Kamonyi,off,1.3108601362868613
2023-02-01,Kamonyi,off,-1.6929168849001133
2023-03-01,Kamonyi,A,0.3779803442905131
2023-04-01,Kamonyi,A,0.8438212187675053
2023-05-01,Kamonyi,A,0.3224685934826092
2023-06-01,Kamonyi,off,-1.2459945668725838
2023-07-01,Kamonyi,off,-0.5329093621250587
2023-08-01,Kamonyi,off,-1.7941680988857318
2023-09-01,Kamonyi,off,0.13593249493362525
2023-10-01,Kamonyi,B,-0.8211177162390737
2023-11-01,Kamonyi,B,-0.3350116469507575
2023-12-01,Kamonyi,B,0.2809531603467099
2024-01-01,Kamonyi,off,-0.37128904668245255
2024-02-01,Kamonyi,off,-1.1143642022958542
2024-03-01,Kamonyi,A,-1.2331069070717395
2024-04-01,Kamonyi,A,1.1665348083581293
2024-05-01,Kamonyi,A,-1.4055910587992186
2024-06-01,Kamonyi,off,-1.1961785613362892
2024-07-01,Kamonyi,off,-0.5329093621250587
2024-08-01,Kamonyi,off,-0.7951081584517354
2024-09-01,Kamonyi,off,-0.4087807168654802
2024-10-01,Kamonyi,B,0.008063523313737435
2024-11-01,Kamonyi,B,2.9541904857527967
2024-12-01,Kamonyi,B,-0.4803906273186617
2025-01-01,Kamonyi,off,-0.20198751032528045
2025-02-01,Kamonyi,off,-1.1916653199380844
2025-03-01,Kamonyi,A,-1.338345740655993
2025-04-01,Kamonyi,A,1.473077274108745
2025-05-01,Kamonyi,A,-0.16645794788614449
2025-06-01,Kamonyi,off,1.9856794653634446
2025-07-01,Kamonyi,off,-0.21087325879354774
2025-08-01,Kamonyi,off,0.8072023659612171
2025-09-01,Kamonyi,off,-1.175907978896142
2025-10-01,Kamonyi,B,0.31626335703664565
2025-11-01,Kamonyi,B,-0.6610368969134243
2025-12-01,Kamonyi,B,0.7215023758885193
2026-01-01,Kamonyi,off,2.144971970280991
2026-02-01,Kamonyi,off,-0.27708366828410386
2026-03-01,Kamonyi,A,0.18446261004262407
2026-04-01,Kamonyi,A,-0.15696667725473265
2026-05-01,Kamonyi,A,-1.6119270481445187
2026-06-01,Kamonyi,off,-1.0450319038620575
2026-07-01,Kamonyi,off,-0.17577952434027327
2026-08-01,Kamonyi,off,-1.6978687502592176
2026-09-01,Kamonyi,off,-0.8095708232525136
1981-01-01,Karongi,off,0.126361222170974
1981-02-01,Karongi,off,-0.8357075152564171
1981-03-01,Karongi,A,0.19354577073928578
1981-04-01,Karongi,A,1.0471900764158761
1981-05-01,Karongi,A,1.1400470659697943
1981-06-01,Karongi,off,0.058056818409132856
1981-07-01,Karongi,off,0.24892252194913206
1981-08-01,Karongi,off,2.0608121952009215
1981-09-01,Karongi,off,-0.07885596886075988
1981-10-01,Karongi,B,0.005097605142537812
1981-11-01,Karongi,B,-0.9095032839620024
1981-12-01,Karongi,B,-0.5032128495293035
1982-01-01,Karongi,off,1.1261929479241541
1982-02-01,Karongi,off,-0.2094451558425562
1982-03-01,Karongi,A,-0.991032771300528
1982-04-01,Karongi,A,0.7433097397963767
1982-05-01,Karongi,A,0.2077353500215017
1982-06-01,Karongi,off,0.8714487523882192
1982-07-01,Karongi,off,-0.7346219380444086
1982-08-01,Karongi,off,-0.8139367668323872
1982-09-01,Karongi,off,1.2824081752228933
1982-10-01,Karongi,B,-0.7076678050963564
1982-11-01,Karongi,B,1.0790735273064904
1982-12-01,Karongi,B,0.8957298043725268
1983-01-01,Karongi,off,-1.4006225111690538
1983-02-01,Karongi,off,-0.2472656657568308
1983-03-01,Karongi,A,0.7540276751058802
1983-04-01,Karongi,A,1.6046370650945736
1983-05-01,Karongi,A,-0.6900368607483862
1983-06-01,Karongi,off,-0.8213917718774185
1983-07-01,Karongi,off,0.23733954815384492
1983-08-01,Karongi,off,1.4265595858720153
1983-09-01,Karongi,off,-0.7638870195628907
1983-10-01,Karongi,B,0.6319107596633314
1983-11-01,Karongi,B,0.6503973123380963
1983-12-01,Karongi,B,-0.2616674950569061
1984-01-01,Karongi,off,0.8019303823512203
1984-02-01,Karongi,off,0.46724177584709825
1984-03-01,Karongi,A,-0.13832749275613626
1984-04-01,Karongi,A,-0.579145823269999
1984-05-01,Karongi,A,-2.431455777439076
1984-06-01,Karongi,off,-1.5157002415695864
1984-07-01,Karongi,off,2.16218283230733
1984-08-01,Karongi,off,0.5890573429388085
1984-09-01,Karongi,off,-1.1869475153192495
1984-10-01,Karongi,B,0.611487821475573
1984-11-01,Karongi,B,0.2582736200096563
1984-12-01,Karongi,B,-0.5136901490898468
1985-01-01,Karongi,off,-0.6287376005834229
1985-02-01,Karongi,off,0.5405805866717535
1985-03-01,Karongi,A,-0.44466986290492616
1985-04-01,Karongi,A,3.010599472195655
1985-05-01,Karongi,A,-0.8686552881820648
1985-06-01,Karongi,off,0.2643992941198713
1985-07-01,Karongi,off,-0.8185455784369738
1985-08-01,Karongi,off,-1.6939048493370055
1985-09-01,Karongi,off,0.6850167714528824
1985-10-01,Karongi,B,-0.1713743061647057
1985-11-01,Karongi,B,0.6607098222516526
1985-12-01,Karongi,B,-0.22422963289445477
1986-01-01,Karongi,off,1.5581601931257276
1986-02-01,Karongi,off,0.5617904311441746
1986-03-01,Karongi,A,-0.35611725275225875
1986-04-01,Karongi,A,2.2062809109507935
1986-05-01,Karongi,A,0.42856678874883775
1986-06-01,Karongi,off,-0.11608857027722796
1986-07-01,Karongi,off,-0.889930869911784
1986-08-01,Karongi,off,-1.2631111826589605
1986-09-01,Karongi,off,-1.217927933232495
1986-10-01,Karongi,B,1.1015227828138687
1986-11-01,Karongi,B,-0.4087391830470191
1986-12-01,Karongi,B,-0.15123646359164764
1987-01-01,Karongi,off,0.5149173019895102
1987-02-01,Karongi,off,1.2925993670935922
1987-03-01,Karongi,A,0.9716516333798711
1987-04-01,Karongi,A,-0.12485243852563202
1987-05-01,Karongi,A,1.4882806908637929
1987-06-01,Karongi,off,-0.1922511541011965
1987-07-01,Karongi,off,-0.4242839666674399
1987-08-01,Karongi,off,-0.7825460060286712
1987-09-01,Karongi,off,1.4623449079257023
1987-10-01,Karongi,B,0.07258515710221683
1987-11-01,Karongi,B,1.8679643722581833
1987-12-01,Karongi,B,-0.33376217976711026
1988-01-01,Karongi,off,0.33140645568234584
1988-02-01,Karongi,off,1.3264603532818817
1988-03-01,Karongi,A,0.40941096864144993
1988-04-01,Karongi,A,0.9667718237720029
1988-05-01,Karongi,A,-0.4238633601443319
1988-06-01,Karongi,off,-1.6621125328364228
1988-07-01,Karongi,off,0.6837829208778344
1988-08-01,Karongi,off,3.7302889885793
1988-09-01,Karongi,off,-0.2047750005774734
1988-10-01,Karongi,B,-0.16810925649581437
1988-11-01,Karongi,B,1.2606687296877312
1988-12-01,Karongi,B,-0.7756262458536559
1989-01-01,Karongi,off,-0.047467613223856245
1989-02-01,Karongi,off,0.2123485790364216
1989-03-01,Karongi,A,0.4501880715342372
1989-04-01,Karongi,A,-0.51007991035623
1989-05-01,Karongi,A,-0.8032635890577847
1989-06-01,Karongi,off,-0.13143710657383073
1989-07-01,Karongi,off,1.5269300069736933
1989-08-01,Karongi,off,0.43325760225362564
1989-09-01,Karongi,off,-0.2819114269185957
1989-10-01,Karongi,B,0.09870288733767914
1989-11-01,Karongi,B,0.05199734592010717
1989-12-01,Karongi,B,1.1657420345574294
1990-01-01,Karongi,off,-0.15914583084253262
1990-02-01,Karongi,off,3.2985728332675888
1990-03-01,Karongi,A,0.3841120667313709
1990-04-01,Karongi,A,0.7733637160295092
1990-05-01,Karongi,A,-0.953135557997101
1990-06-01,Karongi,off,-1.7904744996291202
1990-07-01,Karongi,off,-0.5977119607713866
1990-08-01,Karongi,off,0.1783694777254374
1990-09-01,Karongi,off,0.9883164031682503
1990-10-01,Karongi,B,-0.21356271807897856
1990-11-01,Karongi,B,-0.40334871604175365
1990-12-01,Karongi,B,0.33513667890098386
1991-01-01,Karongi,off,-0.15144642751035892
1991-02-01,Karongi,off,-0.2009042537017734
1991-03-01,Karongi,A,-0.42705991018612005
1991-04-01,Karongi,A,0.15079285902995235
1991-05-01,Karongi,A,0.9704986416554517
1991-06-01,Karongi,off,1.6747767302023655
1991-07-01,Karongi,off,0.17452190141715304
1991-08-01,Karongi,off,-1.2415897738301302
1991-09-01,Karongi,off,-0.7866493158657119
1991-10-01,Karongi,B,0.3131246398558424
1991-11-01,Karongi,B,-0.9290012211883831
1991-12-01,Karongi,B,0.06954680035882999
1992-01-01,Karongi,off,-0.44266064370185787
1992-02-01,Karongi,off,0.15996516508620287
1992-03-01,Karongi,A,-0.6491146620002393
1992-04-01,Karongi,A,0.8783488425851416
1992-05-01,Karongi,A,-0.11443876872473473
1992-06-01,Karongi,off,1.3658306717244155
1992-07-01,Karongi,off,-0.5208200398783044
1992-08-01,Karongi,off,-1.879104860966385
1992-09-01,Karongi,off,0.5299336395035317
1992-10-01,Karongi,B,1.95761863215855
1992-11-01,Karongi,B,-0.8907647841101964
1992-12-01,Karongi,B,0.14377303439010317
1993-01-01,Karongi,off,0.30431946703479373
1993-02-01,Karongi,off,0.875075386739171
1993-03-01,Karongi,A,-0.3299453348229066
1993-04-01,Karongi,A,-0.6090395463341434
1993-05-01,Karongi,A,0.5962402783715817
1993-06-01,Karongi,off,-0.7087881722808393
1993-07-01,Karongi,off,-0.9533978878744428
1993-08-01,Karongi,off,1.5977786009529877
1993-09-01,Karongi,off,-2.0517805141285317
1993-10-01,Karongi,B,-1.6465593430389236
1993-11-01,Karongi,B,-0.18259156362999293
1993-12-01,Karongi,B,-0.42551588834633164
1994-01-01,Karongi,off,1.1998763048481502
1994-02-01,Karongi,off,-0.6523786162466223
1994-03-01,Karongi,A,0.08715491943561093
1994-04-01,Karongi,A,-0.1398670376517583
1994-05-01,Karongi,A,0.26432852030038495
1994-06-01,Karongi,off,-0.8614334890637602
1994-07-01,Karongi,off,-0.19445116732906975
1994-08-01,Karongi,off,0.11133412094012633
1994-09-01,Karongi,off,-0.25994622909247567
1994-10-01,Karongi,B,-0.5553908003185112
1994-11-01,Karongi,B,0.5172010793190144
1994-12-01,Karongi,B,0.8071370326967899
1995-01-01,Karongi,off,-0.2611782341187316
1995-02-01,Karongi,off,-0.46351359475818193
1995-03-01,Karongi,A,0.20349380262654837
1995-04-01,Karongi,A,0.9730580725338988
1995-05-01,Karongi,A,0.9048589007735099
1995-06-01,Karongi,off,3.248425819623362
1995-07-01,Karongi,off,0.3280324471941201
1995-08-01,Karongi,off,-1.813950654204735
1995-09-01,Karongi,off,-0.4734896908938501
1995-10-01,Karongi,B,1.3985317721705386
1995-11-01,Karongi,B,0.7827341149583694
1995-12-01,Karongi,B,-0.8617099760863527
1996-01-01,Karongi,off,-0.7355346988499268
1996-02-01,Karongi,off,-0.32818022814458775
1996-03-01,Karongi,A,-0.6381394690958799
1996-04-01,Karongi,A,-0.9761590411276897
1996-05-01,Karongi,A,-0.19204220225762855
1996-06-01,Karongi,off,1.1449517011856087
1996-07-01,Karongi,off,2.2692780045639123
1996-08-01,Karongi,off,1.1265199791701186
1996-09-01,Karongi,off,-0.28700025981063026
1996-10-01,Karongi,B,-0.6109693831256175
1996-11-01,Karongi,B,-0.2764182997734235
1996-12-01,Karongi,B,-0.460155946166991
1997-01-01,Karongi,off,1.3253969599746265
1997-02-01,Karongi,off,-1.3950877817820768
1997-03-01,Karongi,A,-0.9741643243660982
1997-04-01,Karongi,A,0.22876091347033703
1997-05-01,Karongi,A,0.30928173099998707
1997-06-01,Karongi,off,1.5991758480833558
1997-07-01,Karongi,off,0.22961903412484283
1997-08-01,Karongi,off,-0.5600561452499687
1997-09-01,Karongi,off,-0.3450916823192575
1997-10-01,Karongi,B,0.6513518182666156
1997-11-01,Karongi,B,0.3857130505416216
1997-12-01,Karongi,B,1.035764748207736
1998-01-01,Karongi,off,1.6732629039221694
1998-02-01,Karongi,off,2.6863570290579366
1998-03-01,Karongi,A,0.03218682035540547
1998-04-01,Karongi,A,0.07899331924529113
1998-05-01,Karongi,A,0.3578260343528341
1998-06-01,Karongi,off,2.1647693391725746
1998-07-01,Karongi,off,0.06234094440073601
1998-08-01,Karongi,off,-1.010577775974491
1998-09-01,Karongi,off,0.11652856685013503
1998-10-01,Karongi,B,-0.4396289190273565
1998-11-01,Karongi,B,-0.7145817190490702
1998-12-01,Karongi,B,-1.2486081577512442
1999-01-01,Karongi,off,0.39545080893424506
1999-02-01,Karongi,off,-1.8273324189204887
1999-03-01,Karongi,A,1.5313069819296896
1999-04-01,Karongi,A,-0.47015972553454133
1999-05-01,Karongi,A,-1.4813160958791791
1999-06-01,Karongi,off,-0.7117922851640573
1999-07-01,Karongi,off,-0.8782695138732807
1999-08-01,Karongi,off,4.171837703957721
1999-09-01,Karongi,off,0.3952073870019469
1999-10-01,Karongi,B,-1.5967883450776352
1999-11-01,Karongi,B,0.1842074010120438
1999-12-01,Karongi,B,0.3563737541481633
2000-01-01,Karongi,off,-0.9981018304194437
2000-02-01,Karongi,off,-1.0872236197263685
2000-03-01,Karongi,A,-0.6667890422320396
2000-04-01,Karongi,A,-0.8085949151543367
2000-05-01,Karongi,A,-1.0039759383691422
2000-06-01,Karongi,off,-1.5636859389767404
2000-07-01,Karongi,off,-0.6810609448971505
2000-08-01,Karongi,off,-1.5644438046581504
2000-09-01,Karongi,off,-1.1817611421968601
2000-10-01,Karongi,B,-0.038120230074448244
2000-11-01,Karongi,B,0.9441294405136046
2000-12-01,Karongi,B,-0.13599977945861333
2001-01-01,Karongi,off,0.8155610103915166
2001-02-01,Karongi,off,-0.7578750669785695
2001-03-01,Karongi,A,0.8459474354493269
2001-04-01,Karongi,A,-0.2232563023682553
2001-05-01,Karongi,A,-0.36770538217739734
2001-06-01,Karongi,off,-0.3529311806649026
2001-07-01,Karongi,off,2.326131266248055
2001-08-01,Karongi,off,-0.2545000860475205
2001-09-01,Karongi,off,1.3993171424823345
2001-10-01,Karongi,B,0.6419864320864099
2001-11-01,Karongi,B,1.197766663977259
2001-12-01,Karongi,B,-0.6372351144674411
2002-01-01,Karongi,off,0.43722338893873747
2002-02-01,Karongi,off,-0.638817404654442
2002-03-01,Karongi,A,-0.5592886112742408
2002-04-01,Karongi,A,-0.10338155010664057
2002-05-01,Karongi,A,1.4848294550886922
2002-06-01,Karongi,off,-1.6534685300053757
2002-07-01,Karongi,off,-0.2012751732886911
2002-08-01,Karongi,off,-1.271671802404903
2002-09-01,Karongi,off,-1.0357662902532692
2002-10-01,Karongi,B,-0.20353745890484104
2002-11-01,Karongi,B,-0.6783882330431649
2002-12-01,Karongi,B,0.6626144286051231
2003-01-01,Karongi,off,-0.9059805361478982
2003-02-01,Karongi,off,-0.5826540686426276
2003-03-01,Karongi,A,-1.0029935467937123
2003-04-01,Karongi,A,1.235035080947061
2003-05-01,Karongi,A,0.16039755930804742
2003-06-01,Karongi,off,-0.6828284805558147
2003-07-01,Karongi,off,-0.46643767035765465
2003-08-01,Karongi,off,-0.11732146831096407
2003-09-01,Karongi,off,0.7699609527004257
2003-10-01,Karongi,B,1.0716306671631888
2003-11-01,Karongi,B,-0.1521952440493043
2003-12-01,Karongi,B,-1.1114945985863012
2004-01-01,Karongi,off,0.736511988256669
2004-02-01,Karongi,off,0.058620841933539246
2004-03-01,Karongi,A,-0.13207066561401684
2004-04-01,Karongi,A,0.6771724746803787
2004-05-01,Karongi,A,-0.8076032005808149
2004-06-01,Karongi,off,-1.8117940411403917
2004-07-01,Karongi,off,-0.1359229689085624
2004-08-01,Karongi,off,-0.597538217236066
2004-09-01,Karongi,off,-0.15276117265633418
2004-10-01,Karongi,B,-0.8538828369642315
2004-11-01,Karongi,B,-0.41462906746219896
2004-12-01,Karongi,B,0.2370976741011785
2005-01-01,Karongi,off,0.20220964596345628
2005-02-01,Karongi,off,-0.5331887888154462
2005-03-01,Karongi,A,0.4252473965980921
2005-04-01,Karongi,A,-0.8035597341517051
2005-05-01,Karongi,A,0.23870092019704534
2005-06-01,Karongi,off,-0.1799758137464688
2005-07-01,Karongi,off,-0.6702999666271079
2005-08-01,Karongi,off,0.8631653340708537
2005-09-01,Karongi,off,-0.3416610690635633
2005-10-01,Karongi,B,0.18545368225121409
2005-11-01,Karongi,B,-1.1746750802155244
2005-12-01,Karongi,B,-0.9069940281971669
2006-01-01,Karongi,off,-0.2920584327791821
2006-02-01,Karongi,off,0.7826498150522526
2006-03-01,Karongi,A,0.23587782588341832
2006-04-01,Karongi,A,0.20431429789922684
2006-05-01,Karongi,A,1.1748125258541875
2006-06-01,Karongi,off,-1.4746391503913736
2006-07-01,Karongi,off,2.1283170119718826
2006-08-01,Karongi,off,2.4706420112003857
2006-09-01,Karongi,off,-0.7465954894979413
2006-10-01,Karongi,B,-1.1412659439053785
2006-11-01,Karongi,B,1.1722859457442385
2006-12-01,Karongi,B,1.1890358608191498
2007-01-01,Karongi,off,0.29494360290015537
2007-02-01,Karongi,off,0.28644764880253465
2007-03-01,Karongi,A,-1.0839922542996245
2007-04-01,Karongi,A,0.2554244498776122
2007-05-01,Karongi,A,1.4239094968741908
2007-06-01,Karongi,off,1.1299460202275158
2007-07-01,Karongi,off,1.2720648863181905
2007-08-01,Karongi,off,-0.3371085169302204
2007-09-01,Karongi,off,0.6675910997576622
2007-10-01,Karongi,B,-0.3673932582029671
2007-11-01,Karongi,B,-0.48277711156766395
2007-12-01,Karongi,B,-0.8470746074700914
2008-01-01,Karongi,off,-1.0758902951022065
2008-02-01,Karongi,off,-0.44497234239857164
2008-03-01,Karongi,A,-0.9181172222078874
2008-04-01,Karongi,A,-1.538175834844243
2008-05-01,Karongi,A,-1.0441228518366357
2008-06-01,Karongi,off,1.2060492488209758
2008-07-01,Karongi,off,0.10835309527695827
2008-08-01,Karongi,off,0.36079337914140597
2008-09-01,Karongi,off,-1.11115445799053
2008-10-01,Karongi,B,-0.5156720303572594
2008-11-01,Karongi,B,-1.2761492228422562
2008-12-01,Karongi,B,-0.7865960568996009
2009-01-01,Karongi,off,0.15644373892316785
2009-02-01,Karongi,off,0.7793237193920238
2009-03-01,Karongi,A,-0.7058886960607504
2009-04-01,Karongi,A,-0.8822630909511716
2009-05-01,Karongi,A,0.6386314506108933
2009-06-01,Karongi,off,-0.8675888705561446
2009-07-01,Karongi,off,-0.6150721571581695
2009-08-01,Karongi,off,-1.114194969858636
2009-09-01,Karongi,off,-0.3653967911467151
2009-10-01,Karongi,B,1.7541809311789494
2009-11-01,Karongi,B,0.28544879016917263
2009-12-01,Karongi,B,0.018385318310491075
2010-01-01,Karongi,off,0.6964267875594319
2010-02-01,Karongi,off,2.7425437499589624
2010-03-01,Karongi,A,-0.06758128506112075
2010-04-01,Karongi,A,-0.1320216811770436
2010-05-01,Karongi,A,0.14543871956897544
2010-06-01,Karongi,off,0.4619925588116446
2010-07-01,Karongi,off,-0.7384654898656492
2010-08-01,Karongi,off,-2.0547239382234053
2010-09-01,Karongi,off,0.7663840410059637
2010-10-01,Karongi,B,-0.05508068059285746
2010-11-01,Karongi,B,-0.4367419568187548
2010-12-01,Karongi,B,0.01977882671620757
2011-01-01,Karongi,off,0.35903886948518454
2011-02-01,Karongi,off,-0.1120193137920938
2011-03-01,Karongi,A,-0.03921431902548363
2011-04-01,Karongi,A,-1.0080736163056758
2011-05-01,Karongi,A,-0.3154397142401149
2011-06-01,Karongi,off,3.963720227045786
2011-07-01,Karongi,off,1.5118248926093873
2011-08-01,Karongi,off,0.5456512260247273
2011-09-01,Karongi,off,1.0783124467981526
2011-10-01,Karongi,B,0.506100877274213
2011-11-01,Karongi,B,0.6236223881311435
2011-12-01,Karongi,B,0.6456200199889393
2012-01-01,Karongi,off,-1.148083222541983
2012-02-01,Karongi,off,-1.096450173010341
2012-03-01,Karongi,A,-0.33390095312951157
2012-04-01,Karongi,A,0.007791022863294079
2012-05-01,Karongi,A,0.43035699489072937
2012-06-01,Karongi,off,0.5334080339392818
2012-07-01,Karongi,off,-0.519488446657872
2012-08-01,Karongi,off,1.1473590469368191
2012-09-01,Karongi,off,-0.49725803751694075
2012-10-01,Karongi,B,0.693800273959082
2012-11-01,Karongi,B,-0.42050684269594985
2012-12-01,Karongi,B,0.5925405483816961
2013-01-01,Karongi,off,-0.29900472122973903
2013-02-01,Karongi,off,-1.3977188437671924
2013-03-01,Karongi,A,1.665007990403567
2013-04-01,Karongi,A,0.20504323013828343
2013-05-01,Karongi,A,-0.6410496256854298
2013-06-01,Karongi,off,-1.798144195579124
2013-07-01,Karongi,off,-0.9531199601331158
2013-08-01,Karongi,off,1.1340115260812347
2013-09-01,Karongi,off,0.9904799816909369
2013-10-01,Karongi,B,-1.277240513703188
2013-11-01,Karongi,B,-0.8871725603141439
2013-12-01,Karongi,B,1.0260885954244696
2014-01-01,Karongi,off,-0.696198338505168
2014-02-01,Karongi,off,0.8171323463534296
2014-03-01,Karongi,A,0.13869783474559888
2014-04-01,Karongi,A,-0.2209912305687679
2014-05-01,Karongi,A,-1.6186041725192581
2014-06-01,Karongi,off,-0.3117487952573652
2014-07-01,Karongi,off,-0.9926885976768204
2014-08-01,Karongi,off,-0.524419514895095
2014-09-01,Karongi,off,-0.1143255949100947
2014-10-01,Karongi,B,-0.48146155676157343
2014-11-01,Karongi,B,-0.15194703559691397
2014-12-01,Karongi,B,-0.7508433236655545
2015-01-01,Karongi,off,-1.7699297195007824
2015-02-01,Karongi,off,-0.3395382116819662
2015-03-01,Karongi,A,0.14996797016047173
2015-04-01,Karongi,A,0.1847545764619918
2015-05-01,Karongi,A,0.21321366514927154
2015-06-01,Karongi,off,-0.29654855773628497
2015-07-01,Karongi,off,-0.8853777224401218
2015-08-01,Karongi,off,-0.30682270404849826
2015-09-01,Karongi,off,0.43734896960396613
2015-10-01,Karongi,B,0.5403062666806459
2015-11-01,Karongi,B,0.500840289276848
2015-12-01,Karongi,B,0.07379171736867515
2016-01-01,Karongi,off,0.6884327036656057
2016-02-01,Karongi,off,-1.114776782092044
2016-03-01,Karongi,A,0.6295721993016189
2016-04-01,Karongi,A,0.5911045328199285
2016-05-01,Karongi,A,-0.5899885653049154
2016-06-01,Karongi,off,-1.164981484019481
2016-07-01,Karongi,off,-0.8465080239909096
2016-08-01,Karongi,off,-1.020636636043412
2016-09-01,Karongi,off,0.49424496467272006
2016-10-01,Karongi,B,0.35396282446026484
2016-11-01,Karongi,B,1.2463012633154893
2016-12-01,Karongi,B,-1.125246437508558
2017-01-01,Karongi,off,-0.585107172097116
2017-02-01,Karongi,off,-0.31254200022145356
2017-03-01,Karongi,A,-0.5408407198699793
2017-04-01,Karongi,A,-0.7380809370312028
2017-05-01,Karongi,A,-0.2153784999550995
2017-06-01,Karongi,off,-1.7843899395832878
2017-07-01,Karongi,off,-1.049258716455952
2017-08-01,Karongi,off,0.12000855746609412
2017-09-01,Karongi,off,1.0510581561759034
2017-10-01,Karongi,B,-0.2398000398761705
2017-11-01,Karongi,B,0.6019768869828838
2017-12-01,Karongi,B,-0.8711975971304288
2018-01-01,Karongi,off,-0.3846532353369548
2018-02-01,Karongi,off,-0.08120894831658429
2018-03-01,Karongi,A,1.622996703546272
2018-04-01,Karongi,A,2.05240268422737
2018-05-01,Karongi,A,0.1673952254556235
2018-06-01,Karongi,off,-1.0137366172870885
2018-07-01,Karongi,off,-0.7051288538561178
2018-08-01,Karongi,off,0.7405910916376172
2018-09-01,Karongi,off,-0.3194779059717097
2018-10-01,Karongi,B,-0.5977430255249263
2018-11-01,Karongi,B,0.3103182745490078
2018-12-01,Karongi,B,1.122901798623312
2019-01-01,Karongi,off,-0.15926150507811668
2019-02-01,Karongi,off,-1.364323209730145
2019-03-01,Karongi,A,-1.0150325259286177
2019-04-01,Karongi,A,-0.2263839241393493
2019-05-01,Karongi,A,0.44010649335502383
2019-06-01,Karongi,off,0.7256650193196803
2019-07-01,Karongi,off,0.2711464538091415
2019-08-01,Karongi,off,-0.7757961196898951
2019-09-01,Karongi,off,0.22317785451853964
2019-10-01,Karongi,B,-0.4516402982777439
2019-11-01,Karongi,B,0.6819895951631454
2019-12-01,Karongi,B,1.0737678126644667
2020-01-01,Karongi,off,-0.12811161815868788
2020-02-01,Karongi,off,-0.5003658821490421
2020-03-01,Karongi,A,-0.2874176276932766
2020-04-01,Karongi,A,1.1506700924443174
2020-05-01,Karongi,A,-0.6468314442887566
2020-06-01,Karongi,off,-0.3576684781857196
2020-07-01,Karongi,off,-0.6430919933261574
2020-08-01,Karongi,off,-1.0394767839599819
2020-09-01,Karongi,off,0.48356348788193676
2020-10-01,Karongi,B,-0.2432446793026858
2020-11-01,Karongi,B,0.012069433607024692
2020-12-01,Karongi,B,0.1406810971979124
2021-01-01,Karongi,off,1.3328484525235706
2021-02-01,Karongi,off,0.660062999073697
2021-03-01,Karongi,A,-0.24188624823078542
2021-04-01,Karongi,A,-1.171312395062146
2021-05-01,Karongi,A,-0.23436714906221934
2021-06-01,Karongi,off,-1.19127713706527
2021-07-01,Karongi,off,-0.7715126723839779
2021-08-01,Karongi,off,0.04093125676104375
2021-09-01,Karongi,off,-0.04404381063854245
2021-10-01,Karongi,B,-0.4188376926480542
2021-11-01,Karongi,B,-0.45742293844795173
2021-12-01,Karongi,B,0.05128460688335506
2022-01-01,Karongi,off,0.5487669291226533
2022-02-01,Karongi,off,1.7779318343892623
2022-03-01,Karongi,A,-0.32147038426121777
2022-04-01,Karongi,A,-0.5701726578818018
2022-05-01,Karongi,A,0.53280043164985
2022-06-01,Karongi,off,-0.6346509056081129
2022-07-01,Karongi,off,0.1360873357460569
2022-08-01,Karongi,off,-0.1038353169741742
2022-09-01,Karongi,off,-0.2029877235001168
2022-10-01,Karongi,B,-0.4142916773294661
2022-11-01,Karongi,B,0.728458013327847
2022-12-01,Karongi,B,0.37070046365901654
2023-01-01,Karongi,off,0.6793445784478085
2023-02-01,Karongi,off,-1.791870448921949
2023-03-01,Karongi,A,0.21425132793433374
2023-04-01,Karongi,A,1.6264575838021582
2023-05-01,Karongi,A,1.6308529785257755
2023-06-01,Karongi,off,-1.627545725442661
2023-07-01,Karongi,off,-0.7088313700293409
2023-08-01,Karongi,off,-1.8094831163834941
2023-09-01,Karongi,off,0.016255971741205986
2023-10-01,Karongi,B,-1.3719838922579835
2023-11-01,Karongi,B,-0.6123892412053783
2023-12-01,Karongi,B,-0.49818718203302614
2024-01-01,Karongi,off,-0.1900300658967926
2024-02-01,Karongi,off,-1.1585816327993552
2024-03-01,Karongi,A,-1.1314250371954242
2024-04-01,Karongi,A,1.0349724005308283
2024-05-01,Karongi,A,-1.4279193803879524
2024-06-01,Karongi,off,-1.6461987108981762
2024-07-01,Karongi,off,-0.538186773079841
2024-08-01,Karongi,off,-1.1432229519377795
2024-09-01,Karongi,off,-0.31456434068109496
2024-10-01,Karongi,B,-0.19634410505146804
2024-11-01,Karongi,B,3.606610881739814
2024-12-01,Karongi,B,-0.48234022849488567
2025-01-01,Karongi,off,-0.006336486445674475
2025-02-01,Karongi,off,-0.6310827334801895
2025-03-01,Karongi,A,-1.1606705797102432
2025-04-01,Karongi,A,0.7783928483948098
2025-05-01,Karongi,A,-0.5972438224368066
2025-06-01,Karongi,off,1.8988287349193196
2025-07-01,Karongi,off,0.06455386456338848
2025-08-01,Karongi,off,3.525626176591189
2025-09-01,Karongi,off,-1.189575005274445
2025-10-01,Karongi,B,-0.16405414524916404
2025-11-01,Karongi,B,-0.3752698223124179
2025-12-01,Karongi,B,0.34263079767364035
2026-01-01,Karongi,off,2.71518950203278
2026-02-01,Karongi,off,-0.19355561180100136
2026-03-01,Karongi,A,0.3473187297409595
2026-04-01,Karongi,A,-0.5159801774717102
2026-05-01,Karongi,A,-1.898219209806398
2026-06-01,Karongi,off,-1.341796548334395
2026-07-01,Karongi,off,1.0237236734819442
2026-08-01,Karongi,off,-1.7044735214229088
2026-09-01,Karongi,off,0.16631225742440617
1981-01-01,Kayonza,off,-0.9296029730893144
1981-02-01,Kayonza,off,0.12014366015188885
1981-03-01,Kayonza,A,1.4029084189075327
1981-04-01,Kayonza,A,-0.20968945832192457
1981-05-01,Kayonza,A,0.6817519557149155
1981-06-01,Kayonza,off,-0.19264884714283348
1981-07-01,Kayonza,off,-0.14639539575490076
1981-08-01,Kayonza,off,0.8407271532392987
1981-09-01,Kayonza,off,0.9609998940219421
1981-10-01,Kayonza,B,-0.031061438771110877
1981-11-01,Kayonza,B,-0.8842226190045528
1981-12-01,Kayonza,B,-0.1650000686754447
1982-01-01,Kayonza,off,0.11571998272904843
1982-02-01,Kayonza,off,-1.2443924450816986
1982-03-01,Kayonza,A,-0.7489714219151904
1982-04-01,Kayonza,A,0.8985827029875988
1982-05-01,Kayonza,A,1.3728987255055722
1982-06-01,Kayonza,off,-0.20021076719023748
1982-07-01,Kayonza,off,-0.22569723932666777
1982-08-01,Kayonza,off,-1.4281006827161309
1982-09-01,Kayonza,off,0.604616998963171
1982-10-01,Kayonza,B,-0.054204476614906474
1982-11-01,Kayonza,B,0.5254866783479513
1982-12-01,Kayonza,B,-0.1368678967078578
1983-01-01,Kayonza,off,-1.8242629285283865
1983-02-01,Kayonza,off,-0.8437427689171838
1983-03-01,Kayonza,A,-0.5382227344897687
1983-04-01,Kayonza,A,0.26286433787798297
1983-05-01,Kayonza,A,-1.7844593783033431
1983-06-01,Kayonza,off,-0.7027790008700641
1983-07-01,Kayonza,off,-0.19499749291027027
1983-08-01,Kayonza,off,1.0739861049772186
1983-09-01,Kayonza,off,0.44423394372234476
1983-10-01,Kayonza,B,0.5383333142828117
1983-11-01,Kayonza,B,0.057471585934005226
1983-12-01,Kayonza,B,0.7028302446338576
1984-01-01,Kayonza,off,-0.5875480932052874
1984-02-01,Kayonza,off,0.4161068663803484
1984-03-01,Kayonza,A,-0.9718095156497418
1984-04-01,Kayonza,A,-0.79479115240244
1984-05-01,Kayonza,A,-2.108973859563802
1984-06-01,Kayonza,off,-0.7642691453206055
1984-07-01,Kayonza,off,1.335054584641836
1984-08-01,Kayonza,off,-0.1571996360189362
1984-09-01,Kayonza,off,-0.8761223162183421
1984-10-01,Kayonza,B,-0.8491690826782999
1984-11-01,Kayonza,B,0.9724763911656086
1984-12-01,Kayonza,B,-1.0142853956410864
1985-01-01,Kayonza,off,0.6338483714568471
1985-02-01,Kayonza,off,1.1084009552021046
1985-03-01,Kayonza,A,-0.25126592656782304
1985-04-01,Kayonza,A,1.6359494819220541
1985-05-01,Kayonza,A,-1.147861594348251
1985-06-01,Kayonza,off,-0.05014403664878997
1985-07-01,Kayonza,off,-0.2823336311490614
1985-08-01,Kayonza,off,-1.2249938401983058
1985-09-01,Kayonza,off,-0.08716723001213832
1985-10-01,Kayonza,B,-0.36569422037338845
1985-11-01,Kayonza,B,-0.23754229056615006
1985-12-01,Kayonza,B,-0.3326632153521225
1986-01-01,Kayonza,off,0.033064520067352804
1986-02-01,Kayonza,off,0.06554930176776638
1986-03-01,Kayonza,A,-1.0853893322808534
1986-04-01,Kayonza,A,0.8914487081200225
1986-05-01,Kayonza,A,-1.0218469067162526
1986-06-01,Kayonza,off,-0.649502526310061
1986-07-01,Kayonza,off,-0.42418506759594093
1986-08-01,Kayonza,off,-1.3044624042240567
1986-09-01,Kayonza,off,-0.8143224278797858
1986-10-01,Kayonza,B,-0.41994955245726695
1986-11-01,Kayonza,B,-0.1928537656038313
1986-12-01,Kayonza,B,0.4687199646007413
1987-01-01,Kayonza,off,0.7174644397956887
1987-02-01,Kayonza,off,-0.5132512752499834
1987-03-01,Kayonza,A,0.1638350640586835
1987-04-01,Kayonza,A,-0.4218673167598424
1987-05-01,Kayonza,A,0.3280623064311804
1987-06-01,Kayonza,off,1.4115519536747978
1987-07-01,Kayonza,off,-0.28259175105574036
1987-08-01,Kayonza,off,-0.5293948116678452
1987-09-01,Kayonza,off,1.5088402560474783
1987-10-01,Kayonza,B,-0.7048978276096799
1987-11-01,Kayonza,B,0.227253021843929
1987-12-01,Kayonza,B,-2.0252553027821585
1988-01-01,Kayonza,off,-0.2783175821981306
1988-02-01,Kayonza,off,0.533886734414653
1988-03-01,Kayonza,A,-0.08565934937124205
1988-04-01,Kayonza,A,0.6257967480518595
1988-05-01,Kayonza,A,-1.0620683681437577
1988-06-01,Kayonza,off,-0.7849133861610732
1988-07-01,Kayonza,off,0.6607463002654119
1988-08-01,Kayonza,off,2.2634474466265897
1988-09-01,Kayonza,off,1.1903509758082989
1988-10-01,Kayonza,B,0.2641984053177997
1988-11-01,Kayonza,B,-0.238979886406744
1988-12-01,Kayonza,B,-0.8972281348113518
1989-01-01,Kayonza,off,0.25615380455038217
1989-02-01,Kayonza,off,-1.2619922498440417
1989-03-01,Kayonza,A,0.12768674410651046
1989-04-01,Kayonza,A,-0.1515746902843644
1989-05-01,Kayonza,A,-0.6517443718988173
1989-06-01,Kayonza,off,-0.07935924889661078
1989-07-01,Kayonza,off,-0.020392100920955863
1989-08-01,Kayonza,off,1.171835704218945
1989-09-01,Kayonza,off,0.7473631147624569
1989-10-01,Kayonza,B,-1.0475745205690314
1989-11-01,Kayonza,B,-0.7486774293007934
1989-12-01,Kayonza,B,1.6843213160226016
1990-01-01,Kayonza,off,0.23337627103800015
1990-02-01,Kayonza,off,2.549341300647638
1990-03-01,Kayonza,A,0.31687362057865914
1990-04-01,Kayonza,A,-0.8225840994261249
1990-05-01,Kayonza,A,-1.4464979132327247
1990-06-01,Kayonza,off,-0.901597792844035
1990-07-01,Kayonza,off,-0.08889202952798152
1990-08-01,Kayonza,off,-0.608016277339829
1990-09-01,Kayonza,off,-0.2982586128030239
1990-10-01,Kayonza,B,-0.6483363828710996
1990-11-01,Kayonza,B,-1.0166346373394979
1990-12-01,Kayonza,B,-0.29405403933537316
1991-01-01,Kayonza,off,-0.31152063599739316
1991-02-01,Kayonza,off,0.13466479201733986
1991-03-01,Kayonza,A,-0.35090844841529595
1991-04-01,Kayonza,A,-0.3687379203014855
1991-05-01,Kayonza,A,2.4386890708838425
1991-06-01,Kayonza,off,1.245816211360587
1991-07-01,Kayonza,off,0.0974032262639395
1991-08-01,Kayonza,off,-1.2832270465959432
1991-09-01,Kayonza,off,-0.7102906173322145
1991-10-01,Kayonza,B,1.0805554844581606
1991-11-01,Kayonza,B,-0.9696541034222215
1991-12-01,Kayonza,B,-0.6653026428973524
1992-01-01,Kayonza,off,-0.7907207919383249
1992-02-01,Kayonza,off,0.35596342076931203
1992-03-01,Kayonza,A,-1.2958427534354804
1992-04-01,Kayonza,A,-0.48552511923519687
1992-05-01,Kayonza,A,0.40807337797287907
1992-06-01,Kayonza,off,0.08333189375057956
1992-07-01,Kayonza,off,-0.294319041660569
1992-08-01,Kayonza,off,-1.2339671000686352
1992-09-01,Kayonza,off,1.1185300640959244
1992-10-01,Kayonza,B,-0.23062974832290084
1992-11-01,Kayonza,B,-0.31354323741190687
1992-12-01,Kayonza,B,-0.08316881360711935
1993-01-01,Kayonza,off,1.8465417199391236
1993-02-01,Kayonza,off,0.24838637011100534
1993-03-01,Kayonza,A,-0.25427287741912047
1993-04-01,Kayonza,A,-0.7231345774201476
1993-05-01,Kayonza,A,0.35311481228358405
1993-06-01,Kayonza,off,-0.06729906657510619
1993-07-01,Kayonza,off,-0.3349161265611431
1993-08-01,Kayonza,off,2.459770596525924
1993-09-01,Kayonza,off,-1.4780134190445495
1993-10-01,Kayonza,B,-1.5954824331233357
1993-11-01,Kayonza,B,-0.10000340794263117
1993-12-01,Kayonza,B,-0.9937304392825981
1994-01-01,Kayonza,off,0.7164997911358474
1994-02-01,Kayonza,off,0.03243076500268346
1994-03-01,Kayonza,A,1.115712140212954
1994-04-01,Kayonza,A,-0.8498189045094563
1994-05-01,Kayonza,A,1.9661098482956625
1994-06-01,Kayonza,off,-0.5505556779240666
1994-07-01,Kayonza,off,0.5020350417384073
1994-08-01,Kayonza,off,-0.4956331017917008
1994-09-01,Kayonza,off,-0.3889737264104885
1994-10-01,Kayonza,B,-0.6247885209364532
1994-11-01,Kayonza,B,0.9075271595274625
1994-12-01,Kayonza,B,1.1251893123048993
1995-01-01,Kayonza,off,0.015255017711290455
1995-02-01,Kayonza,off,-0.2770286302386081
1995-03-01,Kayonza,A,-0.385612371902806
1995-04-01,Kayonza,A,1.454220155782214
1995-05-01,Kayonza,A,-0.45765827677059506
1995-06-01,Kayonza,off,3.2978841223500064
1995-07-01,Kayonza,off,-0.368107144891692
1995-08-01,Kayonza,off,-1.3346282432264216
1995-09-01,Kayonza,off,-0.5103174252649686
1995-10-01,Kayonza,B,-0.04795765938040526
1995-11-01,Kayonza,B,0.2724833064872476
1995-12-01,Kayonza,B,-1.1021012349450152
1996-01-01,Kayonza,off,-0.7697790997468189
1996-02-01,Kayonza,off,0.5319757824210675
1996-03-01,Kayonza,A,-0.3263912404825341
1996-04-01,Kayonza,A,-0.923571099978097
1996-05-01,Kayonza,A,-1.1315669251611282
1996-06-01,Kayonza,off,0.6892520157901166
1996-07-01,Kayonza,off,1.3033710379799472
1996-08-01,Kayonza,off,1.7527946030095636
1996-09-01,Kayonza,off,0.4530680244976783
1996-10-01,Kayonza,B,-1.0003771495712541
1996-11-01,Kayonza,B,-0.6418254864201669
1996-12-01,Kayonza,B,-0.454074745173478
1997-01-01,Kayonza,off,1.3884600490456525
1997-02-01,Kayonza,off,-1.4317200052265189
1997-03-01,Kayonza,A,-0.7148219479329742
1997-04-01,Kayonza,A,0.8423550497046178
1997-05-01,Kayonza,A,-0.3173563426535025
1997-06-01,Kayonza,off,0.4242282020245047
1997-07-01,Kayonza,off,-0.4043748613674696
1997-08-01,Kayonza,off,0.12206308371325769
1997-09-01,Kayonza,off,-0.42935279405353466
1997-10-01,Kayonza,B,1.7038841524717883
1997-11-01,Kayonza,B,1.4616811064265578
1997-12-01,Kayonza,B,1.971791290623661
1998-01-01,Kayonza,off,2.8230515795805675
1998-02-01,Kayonza,off,1.3747099934374156
1998-03-01,Kayonza,A,-0.21880785659700133
1998-04-01,Kayonza,A,-0.6182208941936728
1998-05-01,Kayonza,A,0.40850683012037803
1998-06-01,Kayonza,off,0.14427015937846563
1998-07-01,Kayonza,off,-0.2641625856498316
1998-08-01,Kayonza,off,-0.8163439893363234
1998-09-01,Kayonza,off,-1.3015514917391238
1998-10-01,Kayonza,B,0.2917175045310307
1998-11-01,Kayonza,B,-1.008978723786918
1998-12-01,Kayonza,B,-1.2129231881875124
1999-01-01,Kayonza,off,0.14062405502895917
1999-02-01,Kayonza,off,-2.150144054788636
1999-03-01,Kayonza,A,1.2306322874015807
1999-04-01,Kayonza,A,-1.3324331957465947
1999-05-01,Kayonza,A,-0.27311739502977384
1999-06-01,Kayonza,off,-0.7897191488183416
1999-07-01,Kayonza,off,-0.306374070931877
1999-08-01,Kayonza,off,0.679309725414541
1999-09-01,Kayonza,off,-0.34729337921618103
1999-10-01,Kayonza,B,-0.9229345405323682
1999-11-01,Kayonza,B,-0.49840588682453507
1999-12-01,Kayonza,B,-0.4390414865868893
2000-01-01,Kayonza,off,-1.0706194284455883
2000-02-01,Kayonza,off,-1.3454002681630368
2000-03-01,Kayonza,A,-0.27848087897023766
2000-04-01,Kayonza,A,-1.3184063710976326
2000-05-01,Kayonza,A,-0.7408207921738841
2000-06-01,Kayonza,off,-0.5326868979633603
2000-07-01,Kayonza,off,-0.23364235467600197
2000-08-01,Kayonza,off,-1.2513207853382493
2000-09-01,Kayonza,off,-1.3866851625732017
2000-10-01,Kayonza,B,-0.1912508865545468
2000-11-01,Kayonza,B,0.35900022659397146
2000-12-01,Kayonza,B,0.15867940812456532
2001-01-01,Kayonza,off,0.495188495929423
2001-02-01,Kayonza,off,-1.05287331678639
2001-03-01,Kayonza,A,1.4454484608005325
2001-04-01,Kayonza,A,-1.1621593455773966
2001-05-01,Kayonza,A,-0.28849999770192086
2001-06-01,Kayonza,off,-0.9512098177284344
2001-07-01,Kayonza,off,2.3904436676293903
2001-08-01,Kayonza,off,-0.3078911242358211
2001-09-01,Kayonza,off,0.7211047601092602
2001-10-01,Kayonza,B,2.1472999737522205
2001-11-01,Kayonza,B,0.9824335798155629
2001-12-01,Kayonza,B,-0.2845679516486416
2002-01-01,Kayonza,off,0.48419298519221293
2002-02-01,Kayonza,off,-0.6502805083556334
2002-03-01,Kayonza,A,0.23603388948866014
2002-04-01,Kayonza,A,0.943994279181489
2002-05-01,Kayonza,A,0.119800590868951
2002-06-01,Kayonza,off,-1.0551883333509557
2002-07-01,Kayonza,off,-0.4649622288152946
2002-08-01,Kayonza,off,-1.3271030021462908
2002-09-01,Kayonza,off,-1.5619601823349043
2002-10-01,Kayonza,B,0.2536193451679156
2002-11-01,Kayonza,B,-0.35510989032409784
2002-12-01,Kayonza,B,0.3494321224461722
2003-01-01,Kayonza,off,-0.7509495622049912
2003-02-01,Kayonza,off,-1.2568922725588754
2003-03-01,Kayonza,A,-1.3489263333182782
2003-04-01,Kayonza,A,-0.2476297660861573
2003-05-01,Kayonza,A,-0.11106477489505408
2003-06-01,Kayonza,off,0.08446550636925182
2003-07-01,Kayonza,off,0.1581745143695778
2003-08-01,Kayonza,off,0.13921245813777058
2003-09-01,Kayonza,off,0.4549226084319684
2003-10-01,Kayonza,B,-0.25428076474085043
2003-11-01,Kayonza,B,-0.5210220983164726
2003-12-01,Kayonza,B,-1.2415196137545688
2004-01-01,Kayonza,off,0.18442078681437807
2004-02-01,Kayonza,off,0.6387323763456726
2004-03-01,Kayonza,A,-0.22376511425608414
2004-04-01,Kayonza,A,0.05220425720911704
2004-05-01,Kayonza,A,-1.285588545776569
2004-06-01,Kayonza,off,-0.7941338288519497
2004-07-01,Kayonza,off,-0.3560940528021431
2004-08-01,Kayonza,off,-0.8976266957845029
2004-09-01,Kayonza,off,0.719386843011933
2004-10-01,Kayonza,B,-0.050033076638204534
2004-11-01,Kayonza,B,1.4200399504575552
2004-12-01,Kayonza,B,0.5231547186478187
2005-01-01,Kayonza,off,-0.7885253939108657
2005-02-01,Kayonza,off,-0.7192320591624398
2005-03-01,Kayonza,A,0.5026489674920015
2005-04-01,Kayonza,A,-0.5563042501236752
2005-05-01,Kayonza,A,0.12386770292500456
2005-06-01,Kayonza,off,-0.5518864151613745
2005-07-01,Kayonza,off,-0.48936951669544765
2005-08-01,Kayonza,off,1.7986358921762065
2005-09-01,Kayonza,off,1.1835376151751842
2005-10-01,Kayonza,B,1.3139781419404248
2005-11-01,Kayonza,B,-1.2443610593836754
2005-12-01,Kayonza,B,-1.667167846490856
2006-01-01,Kayonza,off,-0.5253705248475525
2006-02-01,Kayonza,off,0.20723918249578
2006-03-01,Kayonza,A,-0.1707369092142887
2006-04-01,Kayonza,A,0.7720035752427815
2006-05-01,Kayonza,A,0.22545009694573817
2006-06-01,Kayonza,off,-0.792630295001696
2006-07-01,Kayonza,off,0.34827632016236737
2006-08-01,Kayonza,off,1.169341698033261
2006-09-01,Kayonza,off,-0.6108086463003952
2006-10-01,Kayonza,B,-1.2329810095786107
2006-11-01,Kayonza,B,1.7184755223978565
2006-12-01,Kayonza,B,2.8171460672059205
2007-01-01,Kayonza,off,-0.3895290289150205
2007-02-01,Kayonza,off,1.009975406200297
2007-03-01,Kayonza,A,-0.33390923691159424
2007-04-01,Kayonza,A,-0.18989176664393156
2007-05-01,Kayonza,A,3.1520240568770825
2007-06-01,Kayonza,off,1.2083600098767393
2007-07-01,Kayonza,off,1.0387905968598308
2007-08-01,Kayonza,off,0.6190944175388575
2007-09-01,Kayonza,off,0.5524514449051
2007-10-01,Kayonza,B,-0.3145258224256073
2007-11-01,Kayonza,B,-0.09522263933155534
2007-12-01,Kayonza,B,-1.0344992691532204
2008-01-01,Kayonza,off,-0.13993882250207362
2008-02-01,Kayonza,off,-0.37951532030179824
2008-03-01,Kayonza,A,0.3959040117487932
2008-04-01,Kayonza,A,-1.4501953611254614
2008-05-01,Kayonza,A,-1.0504980293988888
2008-06-01,Kayonza,off,1.2096434114987493
2008-07-01,Kayonza,off,-0.06476554198632599
2008-08-01,Kayonza,off,0.7484369590098012
2008-09-01,Kayonza,off,0.71204555764438
2008-10-01,Kayonza,B,0.3751769949273877
2008-11-01,Kayonza,B,-0.4625352005972461
2008-12-01,Kayonza,B,-1.262134011306596
2009-01-01,Kayonza,off,-0.07919665321976897
2009-02-01,Kayonza,off,2.371106058034041
2009-03-01,Kayonza,A,-0.7316034226172521
2009-04-01,Kayonza,A,0.4862676429301429
2009-05-01,Kayonza,A,1.0289811640369466
2009-06-01,Kayonza,off,-0.41501531409271325
2009-07-01,Kayonza,off,-0.21011934656849438
2009-08-01,Kayonza,off,-0.9476978796427801
2009-09-01,Kayonza,off,-1.587432726045406
2009-10-01,Kayonza,B,-0.2946833891847948
2009-11-01,Kayonza,B,-0.2041638461014627
2009-12-01,Kayonza,B,0.21181999873731813
2010-01-01,Kayonza,off,0.23410552696266418
2010-02-01,Kayonza,off,3.5367160219236857
2010-03-01,Kayonza,A,0.2601262103210749
2010-04-01,Kayonza,A,-0.0675678898694948
2010-05-01,Kayonza,A,-0.5287724377163082
2010-06-01,Kayonza,off,0.5128107591100841
2010-07-01,Kayonza,off,-0.0032876667029193797
2010-08-01,Kayonza,off,-1.255909255203095
2010-09-01,Kayonza,off,-0.5358834483441173
2010-10-01,Kayonza,B,-0.20092607131913112
2010-11-01,Kayonza,B,-0.5772581764275534
2010-12-01,Kayonza,B,0.7330622436593838
2011-01-01,Kayonza,off,-0.7849221965915687
2011-02-01,Kayonza,off,0.6201992735667496
2011-03-01,Kayonza,A,-0.1402321958156535
2011-04-01,Kayonza,A,0.5589700417190246
2011-05-01,Kayonza,A,-0.7368144650772934
2011-06-01,Kayonza,off,0.7709056250032491
2011-07-01,Kayonza,off,0.22628565059747546
2011-08-01,Kayonza,off,0.7741703802683564
2011-09-01,Kayonza,off,2.8858821013283102
2011-10-01,Kayonza,B,1.746605217162175
2011-11-01,Kayonza,B,0.7110255808832208
2011-12-01,Kayonza,B,-0.00949621582088162
2012-01-01,Kayonza,off,-1.3860505545092932
2012-02-01,Kayonza,off,-0.5389357250042879
2012-03-01,Kayonza,A,-0.8471858711327499
2012-04-01,Kayonza,A,2.735669285903508
2012-05-01,Kayonza,A,1.6411067971149647
2012-06-01,Kayonza,off,0.9019404234848256
2012-07-01,Kayonza,off,-0.4287965217005525
2012-08-01,Kayonza,off,1.428087823002875
2012-09-01,Kayonza,off,-0.060787585878120165
2012-10-01,Kayonza,B,1.196402129039299
2012-11-01,Kayonza,B,0.16917382270613973
2012-12-01,Kayonza,B,2.0379705939040025
2013-01-01,Kayonza,off,0.2921435951782482
2013-02-01,Kayonza,off,-0.49313844125043577
2013-03-01,Kayonza,A,0.7003685823097267
2013-04-01,Kayonza,A,0.17171632131430967
2013-05-01,Kayonza,A,-0.8206359075890549
2013-06-01,Kayonza,off,-1.1357697692604598
2013-07-01,Kayonza,off,-0.2007832815835211
2013-08-01,Kayonza,off,-0.4348739075793806
2013-09-01,Kayonza,off,1.6095167882463275
2013-10-01,Kayonza,B,-0.8007244047797338
2013-11-01,Kayonza,B,0.7545924001614489
2013-12-01,Kayonza,B,0.11047941247343603
2014-01-01,Kayonza,off,-0.4296499415966235
2014-02-01,Kayonza,off,0.5850888900994374
2014-03-01,Kayonza,A,0.04546240829301935
2014-04-01,Kayonza,A,-0.6999536804320496
2014-05-01,Kayonza,A,-1.5501799940923424
2014-06-01,Kayonza,off,0.24241140256545288
2014-07-01,Kayonza,off,-0.3996527627451419
2014-08-01,Kayonza,off,-0.06912915891481099
2014-09-01,Kayonza,off,0.6032158250215859
2014-10-01,Kayonza,B,0.03340310234059556
2014-11-01,Kayonza,B,0.16153043538895878
2014-12-01,Kayonza,B,-0.8641221593364299
2015-01-01,Kayonza,off,-1.8230088443733692
2015-02-01,Kayonza,off,-0.7467189196784088
2015-03-01,Kayonza,A,-0.5686967165459599
2015-04-01,Kayonza,A,1.2236601286909763
2015-05-01,Kayonza,A,-1.3488667519056863
2015-06-01,Kayonza,off,0.3410597713273551
2015-07-01,Kayonza,off,-0.11251018794785117
2015-08-01,Kayonza,off,-0.5130036133476712
2015-09-01,Kayonza,off,-0.535776040549541
2015-10-01,Kayonza,B,-0.45567651415525945
2015-11-01,Kayonza,B,0.0829250364834609
2015-12-01,Kayonza,B,-0.5550485534495488
2016-01-01,Kayonza,off,0.6511030153353794
2016-02-01,Kayonza,off,-0.5841557269170549
2016-03-01,Kayonza,A,0.22160751064825499
2016-04-01,Kayonza,A,0.5330804164354593
2016-05-01,Kayonza,A,-1.4945580871182003
2016-06-01,Kayonza,off,-1.0854732767538995
2016-07-01,Kayonza,off,-0.33902138988452724
2016-08-01,Kayonza,off,-1.2039359297817287
2016-09-01,Kayonza,off,-0.4267655421976236
2016-10-01,Kayonza,B,0.2969067896680189
2016-11-01,Kayonza,B,0.11288207763102963
2016-12-01,Kayonza,B,-0.6395404884178588
2017-01-01,Kayonza,off,-1.1499318936106184
2017-02-01,Kayonza,off,-0.2035436455452468
2017-03-01,Kayonza,A,-0.7107918770767468
2017-04-01,Kayonza,A,-1.007096236261087
2017-05-01,Kayonza,A,1.5227214748948499
2017-06-01,Kayonza,off,-0.914485793399523
2017-07-01,Kayonza,off,-0.19850875327050227
2017-08-01,Kayonza,off,0.750101008620945
2017-09-01,Kayonza,off,1.1882176597665428
2017-10-01,Kayonza,B,0.3322424233590092
2017-11-01,Kayonza,B,0.274673703368484
2017-12-01,Kayonza,B,-1.1600575788225596
2018-01-01,Kayonza,off,1.386401399649604
2018-02-01,Kayonza,off,-1.1471537802537706
2018-03-01,Kayonza,A,2.2602850980098355
2018-04-01,Kayonza,A,3.158466538115085
2018-05-01,Kayonza,A,0.8035991811886172
2018-06-01,Kayonza,off,-0.5815665236793245
2018-07-01,Kayonza,off,-0.5239254506574664
2018-08-01,Kayonza,off,0.32525772672808495
2018-09-01,Kayonza,off,-0.8212857177352901
2018-10-01,Kayonza,B,-0.900823421439077
2018-11-01,Kayonza,B,-0.673246087302972
2018-12-01,Kayonza,B,2.1973069255993156
2019-01-01,Kayonza,off,1.9177077502495146
2019-02-01,Kayonza,off,-0.08403542577909066
2019-03-01,Kayonza,A,-1.2393638626643373
2019-04-01,Kayonza,A,0.052187080375128855
2019-05-01,Kayonza,A,2.6907786234914073
2019-06-01,Kayonza,off,-0.3442562345288095
2019-07-01,Kayonza,off,-0.22031772367448108
2019-08-01,Kayonza,off,0.8757279321468713
2019-09-01,Kayonza,off,0.7574984750890553
2019-10-01,Kayonza,B,0.11814793405586123
2019-11-01,Kayonza,B,1.3377153580211898
2019-12-01,Kayonza,B,-0.12145781110132947
2020-01-01,Kayonza,off,1.9068863915760959
2020-02-01,Kayonza,off,2.1076377292778097
2020-03-01,Kayonza,A,0.39478289031075714
2020-04-01,Kayonza,A,2.4229476126003773
2020-05-01,Kayonza,A,-1.3064581653748473
2020-06-01,Kayonza,off,-0.8482764014473965
2020-07-01,Kayonza,off,-0.03974104488975414
2020-08-01,Kayonza,off,-1.2316065239967746
2020-09-01,Kayonza,off,-0.502521187495127
2020-10-01,Kayonza,B,2.356472563967476
2020-11-01,Kayonza,B,-0.14225240182134635
2020-12-01,Kayonza,B,2.2066579706531133
2021-01-01,Kayonza,off,-0.5142937922239079
2021-02-01,Kayonza,off,0.3061226168150687
2021-03-01,Kayonza,A,-0.3392060350074491
2021-04-01,Kayonza,A,-0.44576536409436496
2021-05-01,Kayonza,A,3.022848189120438
2021-06-01,Kayonza,off,-0.8728636721669599
2021-07-01,Kayonza,off,-0.3002938222473842
2021-08-01,Kayonza,off,-0.11326773306645313
2021-09-01,Kayonza,off,0.04687926339869436
2021-10-01,Kayonza,B,0.3558622877773566
2021-11-01,Kayonza,B,-0.6718177576047952
2021-12-01,Kayonza,B,0.3026835458972748
2022-01-01,Kayonza,off,0.6502566998713243
2022-02-01,Kayonza,off,1.6356788591498184
2022-03-01,Kayonza,A,-0.5130656485936904
2022-04-01,Kayonza,A,1.9272505682280947
2022-05-01,Kayonza,A,0.03939033905328322
2022-06-01,Kayonza,off,-0.7255044780590298
2022-07-01,Kayonza,off,0.24618941798904187
2022-08-01,Kayonza,off,0.9142026380918209
2022-09-01,Kayonza,off,-0.1896527632681419
2022-10-01,Kayonza,B,-0.9029664710200933
2022-11-01,Kayonza,B,0.039898422791726715
2022-12-01,Kayonza,B,0.24538942155215304
2023-01-01,Kayonza,off,2.1057951340725474
2023-02-01,Kayonza,off,-1.7416946003231926
2023-03-01,Kayonza,A,0.6941647305300396
2023-04-01,Kayonza,A,0.2391566846475542
2023-05-01,Kayonza,A,-1.1125203402102217
2023-06-01,Kayonza,off,-0.7878050302111438
2023-07-01,Kayonza,off,-0.4538401703827767
2023-08-01,Kayonza,off,-1.514187422453258
2023-09-01,Kayonza,off,1.0751929236264637
2023-10-01,Kayonza,B,-0.702903211581155
2023-11-01,Kayonza,B,1.0612175243151785
2023-12-01,Kayonza,B,0.4818668679526209
2024-01-01,Kayonza,off,-0.2730570424123909
2024-02-01,Kayonza,off,-0.8897455553780875
2024-03-01,Kayonza,A,-1.2471685252622775
2024-04-01,Kayonza,A,0.46419615908915746
2024-05-01,Kayonza,A,-1.5530890486748234
2024-06-01,Kayonza,off,-1.0844006009986638
2024-07-01,Kayonza,off,-0.0744791000317411
2024-08-01,Kayonza,off,-1.070647717639525
2024-09-01,Kayonza,off,0.05595546742374751
2024-10-01,Kayonza,B,-0.21494622387815604
2024-11-01,Kayonza,B,2.4536484573993564
2024-12-01,Kayonza,B,-0.20652216698355413
2025-01-01,Kayonza,off,-0.34948182471559613
2025-02-01,Kayonza,off,-1.605942505721852
2025-03-01,Kayonza,A,-1.4298508735654836
2025-04-01,Kayonza,A,1.6327903933982817
2025-05-01,Kayonza,A,0.9139191619063959
2025-06-01,Kayonza,off,0.9960766599713039
2025-07-01,Kayonza,off,-0.28795945325271477
2025-08-01,Kayonza,off,0.1138359411087121
2025-09-01,Kayonza,off,-1.44857641530969
2025-10-01,Kayonza,B,0.9388006823086217
2025-11-01,Kayonza,B,-0.7849312991450905
2025-12-01,Kayonza,B,1.5039709858441346
2026-01-01,Kayonza,off,1.0583270721270595
2026-02-01,Kayonza,off,1.0583534917336224
2026-03-01,Kayonza,A,0.21986733377626835
2026-04-01,Kayonza,A,-0.210564074664837
2026-05-01,Kayonza,A,-1.3835259338303767
2026-06-01,Kayonza,off,-0.9074253317403093
2026-07-01,Kayonza,off,0.11138294899602212
2026-08-01,Kayonza,off,-1.3790018186683843
2026-09-01,Kayonza,off,-0.9000220111267372
1981-01-01,Kicukiro,off,-0.10383218431572631
1981-02-01,Kicukiro,off,-0.18935961320762718
1981-03-01,Kicukiro,A,0.04940049788418804
1981-04-01,Kicukiro,A,1.5513839455446392
1981-05-01,Kicukiro,A,-0.0017073925912969303
1981-06-01,Kicukiro,off,-0.43919232402969166
1981-07-01,Kicukiro,off,-0.2245985414024317
1981-08-01,Kicukiro,off,0.6398293092734114
1981-09-01,Kicukiro,off,1.0603178446573618
1981-10-01,Kicukiro,B,0.1707219037514001
1981-11-01,Kicukiro,B,-1.1585743688126535
1981-12-01,Kicukiro,B,-0.14546537885207
1982-01-01,Kicukiro,off,0.7854813544483665
1982-02-01,Kicukiro,off,-0.30853698315745076
1982-03-01,Kicukiro,A,-0.5572372374678873
1982-04-01,Kicukiro,A,1.5874918902391595
1982-05-01,Kicukiro,A,1.2556653346397104
1982-06-01,Kicukiro,off,-0.31177994233862666
1982-07-01,Kicukiro,off,-0.29227303691362966
1982-08-01,Kicukiro,off,-1.4821496431426462
1982-09-01,Kicukiro,off,0.9127673495561539
1982-10-01,Kicukiro,B,1.3590914814980783
1982-11-01,Kicukiro,B,0.3378928077971649
1982-12-01,Kicukiro,B,1.2027124216702207
1983-01-01,Kicukiro,off,-1.1600129430737967
1983-02-01,Kicukiro,off,-0.17507169488869265
1983-03-01,Kicukiro,A,-0.8156043048517128
1983-04-01,Kicukiro,A,0.8750763310924239
1983-05-01,Kicukiro,A,-0.865242386885853
1983-06-01,Kicukiro,off,-0.40132309675532346
1983-07-01,Kicukiro,off,-0.4151615680628162
1983-08-01,Kicukiro,off,0.23859509255879222
1983-09-01,Kicukiro,off,0.4935361452676677
1983-10-01,Kicukiro,B,0.7896954832968608
1983-11-01,Kicukiro,B,0.30692572333356555
1983-12-01,Kicukiro,B,-0.16524021886265697
1984-01-01,Kicukiro,off,-0.021679973131307144
1984-02-01,Kicukiro,off,0.5765428536147189
1984-03-01,Kicukiro,A,-0.7023911720330058
1984-04-01,Kicukiro,A,-0.04279385434404955
1984-05-01,Kicukiro,A,-1.84861110387318
1984-06-01,Kicukiro,off,-0.9557975349547321
1984-07-01,Kicukiro,off,2.2526003423231176
1984-08-01,Kicukiro,off,0.6623744636541137
1984-09-01,Kicukiro,off,-1.1757915892783735
1984-10-01,Kicukiro,B,0.0816037765195822
1984-11-01,Kicukiro,B,0.8040330697617636
1984-12-01,Kicukiro,B,-0.8265411249610727
1985-01-01,Kicukiro,off,-0.13789206363261608
1985-02-01,Kicukiro,off,0.38241430444070096
1985-03-01,Kicukiro,A,-0.7014205201737147
1985-04-01,Kicukiro,A,2.2663318448483536
1985-05-01,Kicukiro,A,-1.2810573216464618
1985-06-01,Kicukiro,off,0.11662126928963959
1985-07-01,Kicukiro,off,0.04684741433763849
1985-08-01,Kicukiro,off,-1.1406472024731733
1985-09-01,Kicukiro,off,0.4417559742743213
1985-10-01,Kicukiro,B,0.009881927769287946
1985-11-01,Kicukiro,B,0.7135594143202039
1985-12-01,Kicukiro,B,-0.5305921619771673
1986-01-01,Kicukiro,off,-0.668940483503946
1986-02-01,Kicukiro,off,0.5078900633977493
1986-03-01,Kicukiro,A,-0.9815106388457917
1986-04-01,Kicukiro,A,1.3342409422187134
1986-05-01,Kicukiro,A,-0.24052387226495064
1986-06-01,Kicukiro,off,-0.5851275169900757
1986-07-01,Kicukiro,off,-0.33137898652398173
1986-08-01,Kicukiro,off,-1.3937837874127328
1986-09-01,Kicukiro,off,-1.3764056736368042
1986-10-01,Kicukiro,B,-0.18189633219395163
1986-11-01,Kicukiro,B,-0.03175655876509379
1986-12-01,Kicukiro,B,0.7033901410495494
1987-01-01,Kicukiro,off,0.8189136297239787
1987-02-01,Kicukiro,off,0.656668219194465
1987-03-01,Kicukiro,A,-0.1357459357707975
1987-04-01,Kicukiro,A,-0.16161616332962878
1987-05-01,Kicukiro,A,1.8319126579719083
1987-06-01,Kicukiro,off,0.5014528811269171
1987-07-01,Kicukiro,off,-0.5134653507929954
1987-08-01,Kicukiro,off,-1.0057373955071196
1987-09-01,Kicukiro,off,1.0874177109383651
1987-10-01,Kicukiro,B,-0.39845619047581476
1987-11-01,Kicukiro,B,1.2860663617241455
1987-12-01,Kicukiro,B,-1.7436330760011596
1988-01-01,Kicukiro,off,0.1391920551676887
1988-02-01,Kicukiro,off,0.3579264379035811
1988-03-01,Kicukiro,A,0.3281278286779811
1988-04-01,Kicukiro,A,0.8137370510953436
1988-05-01,Kicukiro,A,-1.122086746560277
1988-06-01,Kicukiro,off,-0.9423444681618778
1988-07-01,Kicukiro,off,0.36872998458290324
1988-08-01,Kicukiro,off,1.9384090543220627
1988-09-01,Kicukiro,off,1.0246572136052123
1988-10-01,Kicukiro,B,-0.015113079949663209
1988-11-01,Kicukiro,B,0.350701048253758
1988-12-01,Kicukiro,B,-1.1194149710577352
1989-01-01,Kicukiro,off,0.8823073130689412
1989-02-01,Kicukiro,off,-0.5504400025634274
1989-03-01,Kicukiro,A,-0.4869383148201539
1989-04-01,Kicukiro,A,0.34887925462785135
1989-05-01,Kicukiro,A,-0.5599584015000627
1989-06-01,Kicukiro,off,-0.20556988347134944
1989-07-01,Kicukiro,off,-0.11186985941780528
1989-08-01,Kicukiro,off,1.2870485399901217
1989-09-01,Kicukiro,off,-0.29349376933773363
1989-10-01,Kicukiro,B,-0.48773919813964983
1989-11-01,Kicukiro,B,-0.24596194394731788
1989-12-01,Kicukiro,B,2.228043462332135
1990-01-01,Kicukiro,off,0.12002569136985433
1990-02-01,Kicukiro,off,1.5951606789026662
1990-03-01,Kicukiro,A,0.022899921901535347
1990-04-01,Kicukiro,A,0.45221131576767754
1990-05-01,Kicukiro,A,-0.8468670266303565
1990-06-01,Kicukiro,off,-1.0690593831526365
1990-07-01,Kicukiro,off,-0.025506222342792855
1990-08-01,Kicukiro,off,-1.0284239425477275
1990-09-01,Kicukiro,off,1.3695197209192909
1990-10-01,Kicukiro,B,-0.6447767855041692
1990-11-01,Kicukiro,B,-0.05781106384464087
1990-12-01,Kicukiro,B,-0.15900499207858929
1991-01-01,Kicukiro,off,0.13828449303843013
1991-02-01,Kicukiro,off,0.2729247602140092
1991-03-01,Kicukiro,A,-0.7879140027896252
1991-04-01,Kicukiro,A,-0.38713210174291846
1991-05-01,Kicukiro,A,2.506314117514427
1991-06-01,Kicukiro,off,0.23793934047315654
1991-07-01,Kicukiro,off,0.4548126693785208
1991-08-01,Kicukiro,off,-0.7071261950445339
1991-09-01,Kicukiro,off,-1.3116101493321477
1991-10-01,Kicukiro,B,1.0657306576641625
1991-11-01,Kicukiro,B,-0.8024698971187915
1991-12-01,Kicukiro,B,-0.28329609947486845
1992-01-01,Kicukiro,off,-0.7169320706417049
1992-02-01,Kicukiro,off,-0.8111558782270747
1992-03-01,Kicukiro,A,-0.9038747285622145
1992-04-01,Kicukiro,A,-0.25301789645448414
1992-05-01,Kicukiro,A,-0.5576269605014724
1992-06-01,Kicukiro,off,1.3757379739562274
1992-07-01,Kicukiro,off,-0.4355344142078457
1992-08-01,Kicukiro,off,-1.5363787768444346
1992-09-01,Kicukiro,off,-0.5574789088303381
1992-10-01,Kicukiro,B,-0.2659743439246197
1992-11-01,Kicukiro,B,-0.9883893456652499
1992-12-01,Kicukiro,B,-0.09825487405484767
1993-01-01,Kicukiro,off,2.1991239875751
1993-02-01,Kicukiro,off,0.5240058026280263
1993-03-01,Kicukiro,A,-0.9321428836703263
1993-04-01,Kicukiro,A,-0.9826313307590422
1993-05-01,Kicukiro,A,-0.008343413144570924
1993-06-01,Kicukiro,off,-0.7198317852378164
1993-07-01,Kicukiro,off,-0.42050156690483254
1993-08-01,Kicukiro,off,2.4152466916080866
1993-09-01,Kicukiro,off,-1.6828612825334
1993-10-01,Kicukiro,B,-1.646685132165539
1993-11-01,Kicukiro,B,0.20292945948110022
1993-12-01,Kicukiro,B,-1.269860220154154
1994-01-01,Kicukiro,off,0.7974105122171964
1994-02-01,Kicukiro,off,-0.4320386715039553
1994-03-01,Kicukiro,A,0.9640444493387639
1994-04-01,Kicukiro,A,-0.47090059890341307
1994-05-01,Kicukiro,A,1.6338171193646127
1994-06-01,Kicukiro,off,-0.664817944539301
1994-07-01,Kicukiro,off,0.25714007636783626
1994-08-01,Kicukiro,off,-0.019262172109941987
1994-09-01,Kicukiro,off,-0.5033505716391229
1994-10-01,Kicukiro,B,-1.0329010868055533
1994-11-01,Kicukiro,B,0.4529400684289863
1994-12-01,Kicukiro,B,0.6092595803337175
1995-01-01,Kicukiro,off,0.054589472836993384
1995-02-01,Kicukiro,off,-0.6576250007404617
1995-03-01,Kicukiro,A,-0.4669779959742273
1995-04-01,Kicukiro,A,0.5354807806200471
1995-05-01,Kicukiro,A,0.04724773172345969
1995-06-01,Kicukiro,off,2.1729939446605457
1995-07-01,Kicukiro,off,-0.3053851789013813
1995-08-01,Kicukiro,off,-1.3903776979906706
1995-09-01,Kicukiro,off,-0.11241650935211066
1995-10-01,Kicukiro,B,-0.2274871749067613
1995-11-01,Kicukiro,B,-0.03211127797604054
1995-12-01,Kicukiro,B,-1.2928094719192773
1996-01-01,Kicukiro,off,-0.8559254774087582
1996-02-01,Kicukiro,off,0.22183981899029068
1996-03-01,Kicukiro,A,-0.01673469934841816
1996-04-01,Kicukiro,A,-0.3350811067951896
1996-05-01,Kicukiro,A,-1.0650566546093232
1996-06-01,Kicukiro,off,1.2148190840307709
1996-07-01,Kicukiro,off,2.8328783454759363
1996-08-01,Kicukiro,off,1.965616386481028
1996-09-01,Kicukiro,off,0.19844490021232433
1996-10-01,Kicukiro,B,-1.2283614278693482
1996-11-01,Kicukiro,B,-0.8441232136750721
1996-12-01,Kicukiro,B,-0.698839008966473
1997-01-01,Kicukiro,off,1.6438002510056522
1997-02-01,Kicukiro,off,-1.2022002336238777
1997-03-01,Kicukiro,A,-0.6389110665283056
1997-04-01,Kicukiro,A,0.2306739760436346
1997-05-01,Kicukiro,A,-0.7531065225992365
1997-06-01,Kicukiro,off,-0.07835965403409985
1997-07-01,Kicukiro,off,-0.26899202554548546
1997-08-01,Kicukiro,off,0.4458661479832772
1997-09-01,Kicukiro,off,0.008805549867004816
1997-10-01,Kicukiro,B,1.5096464437592985
1997-11-01,Kicukiro,B,0.6762719547205458
1997-12-01,Kicukiro,B,1.5932730615203423
1998-01-01,Kicukiro,off,1.3780924470558669
1998-02-01,Kicukiro,off,2.4319872283601356
1998-03-01,Kicukiro,A,0.22580647702642953
1998-04-01,Kicukiro,A,-0.08693781715496057
1998-05-01,Kicukiro,A,0.7037835715886104
1998-06-01,Kicukiro,off,0.9244455982673282
1998-07-01,Kicukiro,off,0.3170757341456083
1998-08-01,Kicukiro,off,-0.9685436902288647
1998-09-01,Kicukiro,off,0.06708614820362573
1998-10-01,Kicukiro,B,-0.3110435261185153
1998-11-01,Kicukiro,B,-0.7753853268869128
1998-12-01,Kicukiro,B,-1.222725170342654
1999-01-01,Kicukiro,off,-0.43615313266337613
1999-02-01,Kicukiro,off,-1.7842517499821484
1999-03-01,Kicukiro,A,0.31444035019121697
1999-04-01,Kicukiro,A,-0.7876404033842175
1999-05-01,Kicukiro,A,-1.349021478968071
1999-06-01,Kicukiro,off,-0.868789133680422
1999-07-01,Kicukiro,off,-0.5134653507929954
1999-08-01,Kicukiro,off,0.9298276534773139
1999-09-01,Kicukiro,off,0.9393075171405653
1999-10-01,Kicukiro,B,-1.24520182907752
1999-11-01,Kicukiro,B,-0.7041906792014224
1999-12-01,Kicukiro,B,-0.15974121153165022
2000-01-01,Kicukiro,off,-0.8715920388877697
2000-02-01,Kicukiro,off,-1.1086560697865186
2000-03-01,Kicukiro,A,-0.7033697877797552
2000-04-01,Kicukiro,A,-1.0691735908911135
2000-05-01,Kicukiro,A,-0.6347538654943207
2000-06-01,Kicukiro,off,-0.9633090342518995
2000-07-01,Kicukiro,off,-0.36889143371145483
2000-08-01,Kicukiro,off,-1.4159747196781944
2000-09-01,Kicukiro,off,-1.855873330386058
2000-10-01,Kicukiro,B,-0.058591296980013696
2000-11-01,Kicukiro,B,0.3492363764680444
2000-12-01,Kicukiro,B,-0.22131702623555058
2001-01-01,Kicukiro,off,0.35593567316224134
2001-02-01,Kicukiro,off,-0.6449288346532736
2001-03-01,Kicukiro,A,1.9836844690970286
2001-04-01,Kicukiro,A,-0.9592203910007144
2001-05-01,Kicukiro,A,-0.9603920248676799
2001-06-01,Kicukiro,off,-0.9472018595663915
2001-07-01,Kicukiro,off,1.2729918125991675
2001-08-01,Kicukiro,off,-0.2976669913520799
2001-09-01,Kicukiro,off,0.48612565996044477
2001-10-01,Kicukiro,B,2.2778951194651698
2001-11-01,Kicukiro,B,1.299278233537934
2001-12-01,Kicukiro,B,0.09947421181160394
2002-01-01,Kicukiro,off,-0.13965538637609265
2002-02-01,Kicukiro,off,-0.4156456046504741
2002-03-01,Kicukiro,A,0.32238916943582974
2002-04-01,Kicukiro,A,0.4002829791854301
2002-05-01,Kicukiro,A,0.940547087420698
2002-06-01,Kicukiro,off,-0.9311228329252409
2002-07-01,Kicukiro,off,-0.42242227222009376
2002-08-01,Kicukiro,off,-1.3163026395923225
2002-09-01,Kicukiro,off,-1.651205544462117
2002-10-01,Kicukiro,B,-0.6051465345539653
2002-11-01,Kicukiro,B,-0.5070853759530067
2002-12-01,Kicukiro,B,1.0730192198933028
2003-01-01,Kicukiro,off,-0.772270877301925
2003-02-01,Kicukiro,off,-0.845935862811219
2003-03-01,Kicukiro,A,-0.933325122245689
2003-04-01,Kicukiro,A,0.08313849737521462
2003-05-01,Kicukiro,A,-0.10186511446971078
2003-06-01,Kicukiro,off,-0.35031139429896996
2003-07-01,Kicukiro,off,0.04886473227461314
2003-08-01,Kicukiro,off,0.24863045031745332
2003-09-01,Kicukiro,off,0.7127525865645558
2003-10-01,Kicukiro,B,0.1373631054348461
2003-11-01,Kicukiro,B,-0.3903516249327831
2003-12-01,Kicukiro,B,-1.1112017901029208
2004-01-01,Kicukiro,off,0.1861719179134389
2004-02-01,Kicukiro,off,0.40952145110256544
2004-03-01,Kicukiro,A,0.20029123793872036
2004-04-01,Kicukiro,A,0.6641216514994626
2004-05-01,Kicukiro,A,-1.166701200100854
2004-06-01,Kicukiro,off,-0.9311228329252409
2004-07-01,Kicukiro,off,-0.42050156690483254
2004-08-01,Kicukiro,off,-0.8157512484136689
2004-09-01,Kicukiro,off,0.8344313006828515
2004-10-01,Kicukiro,B,-0.07367909407087149
2004-11-01,Kicukiro,B,1.8512424316269644
2004-12-01,Kicukiro,B,1.0587024493110944
2005-01-01,Kicukiro,off,-0.529802401174095
2005-02-01,Kicukiro,off,-0.23044660312456813
2005-03-01,Kicukiro,A,0.44328020433932264
2005-04-01,Kicukiro,A,-0.7323874803633879
2005-05-01,Kicukiro,A,-0.07274345639037941
2005-06-01,Kicukiro,off,-0.44219580735445224
2005-07-01,Kicukiro,off,-0.5362261204362209
2005-08-01,Kicukiro,off,2.025948250248886
2005-09-01,Kicukiro,off,1.705240762472048
2005-10-01,Kicukiro,B,2.289422354643294
2005-11-01,Kicukiro,B,-1.1208804713362925
2005-12-01,Kicukiro,B,-1.7037311518914091
2006-01-01,Kicukiro,off,-0.4953002309526991
2006-02-01,Kicukiro,off,0.31319562254313366
2006-03-01,Kicukiro,A,0.12752568497265723
2006-04-01,Kicukiro,A,1.296290791905856
2006-05-01,Kicukiro,A,-0.03744559128591874
2006-06-01,Kicukiro,off,-0.764241611402208
2006-07-01,Kicukiro,off,0.4719502509696585
2006-08-01,Kicukiro,off,1.9067006448182544
2006-09-01,Kicukiro,off,-0.9299412364318324
2006-10-01,Kicukiro,B,-1.0433564800797124
2006-11-01,Kicukiro,B,1.7997900227586683
2006-12-01,Kicukiro,B,2.721081521173203
2007-01-01,Kicukiro,off,-0.16953203962755087
2007-02-01,Kicukiro,off,0.6116290180853426
2007-03-01,Kicukiro,A,-0.4753315650413741
2007-04-01,Kicukiro,A,0.14320103883197047
2007-05-01,Kicukiro,A,4.987083701833883
2007-06-01,Kicukiro,off,1.7518092060278752
2007-07-01,Kicukiro,off,1.8260511746657075
2007-08-01,Kicukiro,off,0.046291029612421514
2007-09-01,Kicukiro,off,0.7575764520274897
2007-10-01,Kicukiro,B,0.003243939545510627
2007-11-01,Kicukiro,B,-0.23913500757441836
2007-12-01,Kicukiro,B,-0.9074882104553273
2008-01-01,Kicukiro,off,-0.8076113580070227
2008-02-01,Kicukiro,off,-0.46778014274531
2008-03-01,Kicukiro,A,-0.08698327034358748
2008-04-01,Kicukiro,A,-0.9344724398476972
2008-05-01,Kicukiro,A,-1.2920381865066148
2008-06-01,Kicukiro,off,1.7531343803310633
2008-07-01,Kicukiro,off,-0.044432975654124365
2008-08-01,Kicukiro,off,0.2397303348776072
2008-09-01,Kicukiro,off,0.008236489201281276
2008-10-01,Kicukiro,B,-0.3519940218394894
2008-11-01,Kicukiro,B,-0.7366823872641239
2008-12-01,Kicukiro,B,-1.0364196648434427
2009-01-01,Kicukiro,off,-0.27327529212177015
2009-02-01,Kicukiro,off,2.9244262247383865
2009-03-01,Kicukiro,A,-0.3536452495012396
2009-04-01,Kicukiro,A,0.16931072153489568
2009-05-01,Kicukiro,A,1.5232506069344878
2009-06-01,Kicukiro,off,-0.6843857649006165
2009-07-01,Kicukiro,off,-0.42050156690483254
2009-08-01,Kicukiro,off,-1.0033364750274416
2009-09-01,Kicukiro,off,-1.819298529974223
2009-10-01,Kicukiro,B,0.35575019432690136
2009-11-01,Kicukiro,B,-0.5686283926964657
2009-12-01,Kicukiro,B,-0.6791590106741464
2010-01-01,Kicukiro,off,0.925379516825171
2010-02-01,Kicukiro,off,3.637396988008036
2010-03-01,Kicukiro,A,0.20511884502551023
2010-04-01,Kicukiro,A,-0.0515724713083977
2010-05-01,Kicukiro,A,-0.4810308501611379
2010-06-01,Kicukiro,off,1.016642705234271
2010-07-01,Kicukiro,off,-0.16020314807270788
2010-08-01,Kicukiro,off,-1.6032430477793258
2010-09-01,Kicukiro,off,-0.15387698384290494
2010-10-01,Kicukiro,B,0.11653164707629322
2010-11-01,Kicukiro,B,-0.7398651460840586
2010-12-01,Kicukiro,B,0.8891784702473634
2011-01-01,Kicukiro,off,0.0806087462583713
2011-02-01,Kicukiro,off,0.6248059585696172
2011-03-01,Kicukiro,A,-0.1709533605252284
2011-04-01,Kicukiro,A,-0.40749128811219054
2011-05-01,Kicukiro,A,0.08645921060975437
2011-06-01,Kicukiro,off,2.831579061574108
2011-07-01,Kicukiro,off,-0.08840471551519077
2011-08-01,Kicukiro,off,0.8413066210378118
2011-09-01,Kicukiro,off,3.3297558472770254
2011-10-01,Kicukiro,B,1.2012232057840178
2011-11-01,Kicukiro,B,0.9736503060511918
2011-12-01,Kicukiro,B,-0.09196283337403645
2012-01-01,Kicukiro,off,-1.1137767665728588
2012-02-01,Kicukiro,off,-0.5837735525605761
2012-03-01,Kicukiro,A,-0.4370538700828363
2012-04-01,Kicukiro,A,1.2964179655573347
2012-05-01,Kicukiro,A,1.7310444827678675
2012-06-01,Kicukiro,off,0.18453029041251312
2012-07-01,Kicukiro,off,-0.5362261204362209
2012-08-01,Kicukiro,off,1.124116360674143
2012-09-01,Kicukiro,off,0.6844691768319628
2012-10-01,Kicukiro,B,1.4385747547679448
2012-11-01,Kicukiro,B,0.4654226594172782
2012-12-01,Kicukiro,B,1.2503063322430965
2013-01-01,Kicukiro,off,-0.005162601282818436
2013-02-01,Kicukiro,off,-0.8377616728008518
2013-03-01,Kicukiro,A,1.1963177410822592
2013-04-01,Kicukiro,A,-0.3293132638926255
2013-05-01,Kicukiro,A,-1.2888037918702089
2013-06-01,Kicukiro,off,-1.2370061914586663
2013-07-01,Kicukiro,off,-0.47271986562614765
2013-08-01,Kicukiro,off,-0.517921803442055
2013-09-01,Kicukiro,off,1.305606365438241
2013-10-01,Kicukiro,B,-0.5937492070537026
2013-11-01,Kicukiro,B,0.2870207063849429
2013-12-01,Kicukiro,B,0.6940751785306379
2014-01-01,Kicukiro,off,-0.6743020024475731
2014-02-01,Kicukiro,off,0.2409079338930452
2014-03-01,Kicukiro,A,-0.07327369181022336
2014-04-01,Kicukiro,A,-0.662633374609544
2014-05-01,Kicukiro,A,-1.717382414884751
2014-06-01,Kicukiro,off,-0.39244268908899066
2014-07-01,Kicukiro,off,-0.5134653507929954
2014-08-01,Kicukiro,off,0.24790921622869988
2014-09-01,Kicukiro,off,-0.730796763747695
2014-10-01,Kicukiro,B,-0.1324052455025697
2014-11-01,Kicukiro,B,-0.11172321618450459
2014-12-01,Kicukiro,B,-1.0161908728915778
2015-01-01,Kicukiro,off,-1.7711804734039025
2015-02-01,Kicukiro,off,-0.335440569127666
2015-03-01,Kicukiro,A,-0.32731231904547115
2015-04-01,Kicukiro,A,0.554911588977368
2015-05-01,Kicukiro,A,-0.8448247089218298
2015-06-01,Kicukiro,off,0.345845924848403
2015-07-01,Kicukiro,off,-0.3211222036967321
2015-08-01,Kicukiro,off,-0.8731212399098315
2015-09-01,Kicukiro,off,-0.3732213962156321
2015-10-01,Kicukiro,B,-0.16328230386256185
2015-11-01,Kicukiro,B,-0.08609690727496218
2015-12-01,Kicukiro,B,-0.6715604574914472
2016-01-01,Kicukiro,off,0.6298799387157444
2016-02-01,Kicukiro,off,-0.9315951877638057
2016-03-01,Kicukiro,A,0.797172424086294
2016-04-01,Kicukiro,A,0.2694508586527064
2016-05-01,Kicukiro,A,-1.7502061000298457
2016-06-01,Kicukiro,off,-1.1962339149044914
2016-07-01,Kicukiro,off,-0.0751520404288599
2016-08-01,Kicukiro,off,-1.3877497601157105
2016-09-01,Kicukiro,off,0.1288493783448879
2016-10-01,Kicukiro,B,0.23734910145912153
2016-11-01,Kicukiro,B,0.35584458037409816
2016-12-01,Kicukiro,B,-1.1167355734210334
2017-01-01,Kicukiro,off,-0.9528113360619189
2017-02-01,Kicukiro,off,-0.6428898412722809
2017-03-01,Kicukiro,A,-0.7720877803835102
2017-04-01,Kicukiro,A,-0.5949307931909508
2017-05-01,Kicukiro,A,0.5772666560312886
2017-06-01,Kicukiro,off,-1.1634509708949763
2017-07-01,Kicukiro,off,-0.45768707010393694
2017-08-01,Kicukiro,off,0.642263369466829
2017-09-01,Kicukiro,off,0.6586046140929497
2017-10-01,Kicukiro,B,0.40094473784418005
2017-11-01,Kicukiro,B,0.5471364943258774
2017-12-01,Kicukiro,B,-0.530089328958122
2018-01-01,Kicukiro,off,1.2200015138901146
2018-02-01,Kicukiro,off,-1.2989087740962069
2018-03-01,Kicukiro,A,1.7901867550863773
2018-04-01,Kicukiro,A,2.6264943573389945
2018-05-01,Kicukiro,A,0.7776835383806433
2018-06-01,Kicukiro,off,-0.17369454301573495
2018-07-01,Kicukiro,off,-0.5362261204362209
2018-08-01,Kicukiro,off,0.5410081638309439
2018-09-01,Kicukiro,off,-1.1930592546021022
2018-10-01,Kicukiro,B,-0.8949750791495914
2018-11-01,Kicukiro,B,-0.28354652179297857
2018-12-01,Kicukiro,B,2.080301191849976
2019-01-01,Kicukiro,off,1.0770883624941854
2019-02-01,Kicukiro,off,-0.4878373227608032
2019-03-01,Kicukiro,A,-1.11468075582673
2019-04-01,Kicukiro,A,-0.261287870593721
2019-05-01,Kicukiro,A,1.1672063770265089
2019-06-01,Kicukiro,off,-0.22927014328678968
2019-07-01,Kicukiro,off,-0.21794594063612732
2019-08-01,Kicukiro,off,0.9285549227711196
2019-09-01,Kicukiro,off,0.1533224769970728
2019-10-01,Kicukiro,B,0.09842611658376613
2019-11-01,Kicukiro,B,0.24901473636675353
2019-12-01,Kicukiro,B,0.02075491250505524
2020-01-01,Kicukiro,off,1.799337769227719
2020-02-01,Kicukiro,off,2.088307477429447
2020-03-01,Kicukiro,A,-0.06431821233610838
2020-04-01,Kicukiro,A,0.9479689437921988
2020-05-01,Kicukiro,A,-1.5640112397498844
2020-06-01,Kicukiro,off,-1.0894548782207756
2020-07-01,Kicukiro,off,-0.3708559455858162
2020-08-01,Kicukiro,off,-1.6018759517382557
2020-09-01,Kicukiro,off,-0.5545804266173315
2020-10-01,Kicukiro,B,2.1905118458914954
2020-11-01,Kicukiro,B,-0.1300363980520955
2020-12-01,Kicukiro,B,1.0653812925882165
2021-01-01,Kicukiro,off,-0.6523804028493743
2021-02-01,Kicukiro,off,0.3592824114282266
2021-03-01,Kicukiro,A,-0.2974511275417049
2021-04-01,Kicukiro,A,-0.3366518670895135
2021-05-01,Kicukiro,A,2.482985136410643
2021-06-01,Kicukiro,off,-1.1565179045888234
2021-07-01,Kicukiro,off,-0.39122868816924006
2021-08-01,Kicukiro,off,-0.3573026932958608
2021-09-01,Kicukiro,off,0.2647906381887858
2021-10-01,Kicukiro,B,0.5940622254204655
2021-11-01,Kicukiro,B,-0.537411279448856
2021-12-01,Kicukiro,B,0.42913067539373473
2022-01-01,Kicukiro,off,0.45153140275949394
2022-02-01,Kicukiro,off,1.50271061235828
2022-03-01,Kicukiro,A,-0.3949499880497747
2022-04-01,Kicukiro,A,0.5124123915840272
2022-05-01,Kicukiro,A,0.18058680946367123
2022-06-01,Kicukiro,off,-0.7302555922223166
2022-07-01,Kicukiro,off,0.15142447238572304
2022-08-01,Kicukiro,off,0.8499573601317635
2022-09-01,Kicukiro,off,-0.7510432543779287
2022-10-01,Kicukiro,B,-1.1326372715251916
2022-11-01,Kicukiro,B,0.22617401716413005
2022-12-01,Kicukiro,B,0.5733432763900616
2023-01-01,Kicukiro,off,1.0647012553061064
2023-02-01,Kicukiro,off,-1.5949961678781015
2023-03-01,Kicukiro,A,0.48949757405271316
2023-04-01,Kicukiro,A,0.25738437819506454
2023-05-01,Kicukiro,A,-0.5717475336221799
2023-06-01,Kicukiro,off,-1.1243225691285659
2023-07-01,Kicukiro,off,-0.5134653507929954
2023-08-01,Kicukiro,off,-1.7561000084747094
2023-09-01,Kicukiro,off,0.18547607713033867
2023-10-01,Kicukiro,B,-0.7765794025537764
2023-11-01,Kicukiro,B,0.21623293153489856
2023-12-01,Kicukiro,B,0.1693935086822826
2024-01-01,Kicukiro,off,-0.35700433231059353
2024-02-01,Kicukiro,off,-1.2302731958180597
2024-03-01,Kicukiro,A,-1.204998592476747
2024-04-01,Kicukiro,A,0.8747212183473756
2024-05-01,Kicukiro,A,-1.4627450255153411
2024-06-01,Kicukiro,off,-1.2064269452074332
2024-07-01,Kicukiro,off,-0.43909444795639224
2024-08-01,Kicukiro,off,-0.594293537208047
2024-09-01,Kicukiro,off,-0.2596465537776107
2024-10-01,Kicukiro,B,-0.0766350633310568
2024-11-01,Kicukiro,B,2.7623913135280844
2024-12-01,Kicukiro,B,-0.2069051343187468
2025-01-01,Kicukiro,off,-0.12432229326659386
2025-02-01,Kicukiro,off,-1.1129200946165134
2025-03-01,Kicukiro,A,-1.3257489907200541
2025-04-01,Kicukiro,A,1.5640240537348042
2025-05-01,Kicukiro,A,0.28966718178727546
2025-06-01,Kicukiro,off,1.6512529583794138
2025-07-01,Kicukiro,off,-0.1432479384687469
2025-08-01,Kicukiro,off,0.6144903941751207
2025-09-01,Kicukiro,off,-1.0813337635331954
2025-10-01,Kicukiro,B,0.5496383873708584
2025-11-01,Kicukiro,B,-0.8241750218931424
2025-12-01,Kicukiro,B,0.7956406340240958
2026-01-01,Kicukiro,off,1.9078108873655155
2026-02-01,Kicukiro,off,-0.2784280930057972
2026-03-01,Kicukiro,A,0.1285451454165918
2026-04-01,Kicukiro,A,-0.16503443159649075
2026-05-01,Kicukiro,A,-1.577218844825529
2026-06-01,Kicukiro,off,-1.1656546582970977
2026-07-01,Kicukiro,off,-0.1556554576492566
2026-08-01,Kicukiro,off,-1.6267233013201727
2026-09-01,Kicukiro,off,-1.3154588196312114
1981-01-01,Kirehe,off,-0.46457816936272
1981-02-01,Kirehe,off,0.19044357201034492
1981-03-01,Kirehe,A,0.7549802214921142
1981-04-01,Kirehe,A,-0.13971443735292072
1981-05-01,Kirehe,A,0.532687544939671
1981-06-01,Kirehe,off,0.07964489440358415
1981-07-01,Kirehe,off,-0.05292264451361818
1981-08-01,Kirehe,off,0.689217691952846
1981-09-01,Kirehe,off,0.9581276897904967
1981-10-01,Kirehe,B,-0.41188029542594085
1981-11-01,Kirehe,B,-1.1661145934298307
1981-12-01,Kirehe,B,0.04228117699400361
1982-01-01,Kirehe,off,1.261661040390036
1982-02-01,Kirehe,off,-0.732427352042972
1982-03-01,Kirehe,A,-0.7701602866757664
1982-04-01,Kirehe,A,0.7543433478091599
1982-05-01,Kirehe,A,2.753045945068884
1982-06-01,Kirehe,off,-0.41125189738798457
1982-07-01,Kirehe,off,-0.3440621525177426
1982-08-01,Kirehe,off,-1.1827894941121564
1982-09-01,Kirehe,off,-0.32233927035660953
1982-10-01,Kirehe,B,-0.5080030507735386
1982-11-01,Kirehe,B,0.8409336971032575
1982-12-01,Kirehe,B,0.6683353929076251
1983-01-01,Kirehe,off,-1.4577675271025528
1983-02-01,Kirehe,off,-0.6671113983595871
1983-03-01,Kirehe,A,-0.5414229966741776
1983-04-01,Kirehe,A,0.7150366867681296
1983-05-01,Kirehe,A,-1.1346212645207823
1983-06-01,Kirehe,off,-0.662656442573716
1983-07-01,Kirehe,off,-0.18934880655244174
1983-08-01,Kirehe,off,1.7888181724881707
1983-09-01,Kirehe,off,0.47496888017711325
1983-10-01,Kirehe,B,-0.3011407391174536
1983-11-01,Kirehe,B,-0.5286325012416809
1983-12-01,Kirehe,B,-0.14783725300774772
1984-01-01,Kirehe,off,-0.5705155868895084
1984-02-01,Kirehe,off,-0.3468918788791688
1984-03-01,Kirehe,A,-0.9841746954255299
1984-04-01,Kirehe,A,-0.6230065301583103
1984-05-01,Kirehe,A,-2.373650453327628
1984-06-01,Kirehe,off,-0.6710905544615905
1984-07-01,Kirehe,off,1.3358239139656485
1984-08-01,Kirehe,off,-0.31264011946062115
1984-09-01,Kirehe,off,-1.0218447853553112
1984-10-01,Kirehe,B,-0.6101943434436004
1984-11-01,Kirehe,B,1.3286318637592756
1984-12-01,Kirehe,B,-1.9645173147244404
1985-01-01,Kirehe,off,-0.11721604592251511
1985-02-01,Kirehe,off,1.2654753378480046
1985-03-01,Kirehe,A,-0.1389255287258051
1985-04-01,Kirehe,A,1.3802037752037675
1985-05-01,Kirehe,A,-1.4049381336918023
1985-06-01,Kirehe,off,0.08286539454197585
1985-07-01,Kirehe,off,-0.12040195759056853
1985-08-01,Kirehe,off,-1.0992103994085525
1985-09-01,Kirehe,off,0.4862432149983249
1985-10-01,Kirehe,B,-0.47173936675153416
1985-11-01,Kirehe,B,0.46910171291160196
1985-12-01,Kirehe,B,-0.2063027911176055
1986-01-01,Kirehe,off,-0.12108789692939245
1986-02-01,Kirehe,off,0.1764764439362004
1986-03-01,Kirehe,A,-0.886520787863356
1986-04-01,Kirehe,A,0.929628847902574
1986-05-01,Kirehe,A,0.34502995477326237
1986-06-01,Kirehe,off,-0.5817049570440285
1986-07-01,Kirehe,off,-0.3127439706079295
1986-08-01,Kirehe,off,-0.8619715842964472
1986-09-01,Kirehe,off,-0.8841872786716527
1986-10-01,Kirehe,B,-1.29361217788105
1986-11-01,Kirehe,B,1.177350664096477
1986-12-01,Kirehe,B,0.08977591125712928
1987-01-01,Kirehe,off,1.105726687127267
1987-02-01,Kirehe,off,-1.175580063934322
1987-03-01,Kirehe,A,-0.25008304946428517
1987-04-01,Kirehe,A,-0.2257583892496135
1987-05-01,Kirehe,A,-0.5806474488579452
1987-06-01,Kirehe,off,0.2543255371955826
1987-07-01,Kirehe,off,-0.26894301307043134
1987-08-01,Kirehe,off,-0.9170091649341336
1987-09-01,Kirehe,off,2.3061133649653596
1987-10-01,Kirehe,B,-0.7308557567940271
1987-11-01,Kirehe,B,1.17516972876278
1987-12-01,Kirehe,B,-2.2522425585672416
1988-01-01,Kirehe,off,0.3435717029041023
1988-02-01,Kirehe,off,-0.7586827445913156
1988-03-01,Kirehe,A,-0.4619652333430058
1988-04-01,Kirehe,A,0.7759782890294175
1988-05-01,Kirehe,A,-0.4289802276584403
1988-06-01,Kirehe,off,-0.6762958742867036
1988-07-01,Kirehe,off,0.7306918889697316
1988-08-01,Kirehe,off,2.994671763830373
1988-09-01,Kirehe,off,1.3118492293003572
1988-10-01,Kirehe,B,0.27011301824975376
1988-11-01,Kirehe,B,-0.3921163650870272
1988-12-01,Kirehe,B,-0.778677648504466
1989-01-01,Kirehe,off,0.5560999709932897
1989-02-01,Kirehe,off,-1.2733486989050158
1989-03-01,Kirehe,A,-0.11812178862135927
1989-04-01,Kirehe,A,-0.11189539853482884
1989-05-01,Kirehe,A,-0.6348596951918906
1989-06-01,Kirehe,off,0.07157992625067204
1989-07-01,Kirehe,off,-0.23063046435058657
1989-08-01,Kirehe,off,0.4631746894653029
1989-09-01,Kirehe,off,1.2471769959553514
1989-10-01,Kirehe,B,-0.234668031364433
1989-11-01,Kirehe,B,-0.6816017260397695
1989-12-01,Kirehe,B,0.8220933916043687
1990-01-01,Kirehe,off,-0.09115008159026854
1990-02-01,Kirehe,off,2.5264508620924904
1990-03-01,Kirehe,A,0.27302420633788715
1990-04-01,Kirehe,A,-0.5386958721597873
1990-05-01,Kirehe,A,-1.4568409259883452
1990-06-01,Kirehe,off,-0.7732695011054128
1990-07-01,Kirehe,off,-0.03674739045274841
1990-08-01,Kirehe,off,-0.8363042814801526
1990-09-01,Kirehe,off,0.13541855786365245
1990-10-01,Kirehe,B,-1.0933634046680583
1990-11-01,Kirehe,B,-0.8945899815907251
1990-12-01,Kirehe,B,0.1676118746155893
1991-01-01,Kirehe,off,-0.4478040840370508
1991-02-01,Kirehe,off,0.24507209254450124
1991-03-01,Kirehe,A,-0.40905533355281565
1991-04-01,Kirehe,A,-0.3022800397273763
1991-05-01,Kirehe,A,2.6799134992587046
1991-06-01,Kirehe,off,0.7894385196412984
1991-07-01,Kirehe,off,0.1576034851575936
1991-08-01,Kirehe,off,-1.2301709707317898
1991-09-01,Kirehe,off,-1.2504795959902841
1991-10-01,Kirehe,B,0.841115764246169
1991-11-01,Kirehe,B,-1.0728308852035475
1991-12-01,Kirehe,B,-0.4532977105205556
1992-01-01,Kirehe,off,-0.9024178888925733
1992-02-01,Kirehe,off,0.32334338805637663
1992-03-01,Kirehe,A,-1.4112054934785039
1992-04-01,Kirehe,A,-0.38675582582685725
1992-05-01,Kirehe,A,1.3445382733003417
1992-06-01,Kirehe,off,-0.06888882449917783
1992-07-01,Kirehe,off,-0.16588653096827113
1992-08-01,Kirehe,off,-1.0091645835401661
1992-09-01,Kirehe,off,1.1057600630414577
1992-10-01,Kirehe,B,0.1964836203873388
1992-11-01,Kirehe,B,-0.5513823817165138
1992-12-01,Kirehe,B,0.9489540901245906
1993-01-01,Kirehe,off,2.1493994115873214
1993-02-01,Kirehe,off,0.3971111275521043
1993-03-01,Kirehe,A,-0.279778916983626
1993-04-01,Kirehe,A,-0.33548693093908644
1993-05-01,Kirehe,A,0.0928529378326499
1993-06-01,Kirehe,off,0.030976858966209792
1993-07-01,Kirehe,off,-0.24440148902579578
1993-08-01,Kirehe,off,1.3880751140622087
1993-09-01,Kirehe,off,-1.777873299017804
1993-10-01,Kirehe,B,-1.578261411735809
1993-11-01,Kirehe,B,-0.09671306873507945
1993-12-01,Kirehe,B,-0.755749118090413
1994-01-01,Kirehe,off,-0.43478898401210775
1994-02-01,Kirehe,off,0.39006012579630545
1994-03-01,Kirehe,A,1.2170714804264702
1994-04-01,Kirehe,A,-0.5428915981387474
1994-05-01,Kirehe,A,1.3834378829167133
1994-06-01,Kirehe,off,-0.2400971596592684
1994-07-01,Kirehe,off,0.342319340619359
1994-08-01,Kirehe,off,-0.3001684895510683
1994-09-01,Kirehe,off,-0.5742086164845788
1994-10-01,Kirehe,B,-0.44137538079434
1994-11-01,Kirehe,B,0.44514900123348783
1994-12-01,Kirehe,B,0.6390642384893673
1995-01-01,Kirehe,off,-0.27716745072894006
1995-02-01,Kirehe,off,0.18999019849120444
1995-03-01,Kirehe,A,-0.6293152515825237
1995-04-01,Kirehe,A,0.6406821925769209
1995-05-01,Kirehe,A,-0.2092297056915438
1995-06-01,Kirehe,off,1.553657053964549
1995-07-01,Kirehe,off,-0.2719630005148024
1995-08-01,Kirehe,off,-1.1348530587138261
1995-09-01,Kirehe,off,-1.0636237136547824
1995-10-01,Kirehe,B,0.21057376779437265
1995-11-01,Kirehe,B,-0.022570771869867598
1995-12-01,Kirehe,B,-1.5416766207991923
1996-01-01,Kirehe,off,-0.5302477485119741
1996-02-01,Kirehe,off,1.0459779216670675
1996-03-01,Kirehe,A,0.03456928314507493
1996-04-01,Kirehe,A,-0.7179908912510858
1996-05-01,Kirehe,A,-1.3038400767460596
1996-06-01,Kirehe,off,0.34192936296511667
1996-07-01,Kirehe,off,1.2440275957002163
1996-08-01,Kirehe,off,1.453160645333244
1996-09-01,Kirehe,off,0.9601679686109621
1996-10-01,Kirehe,B,-0.9431136983503378
1996-11-01,Kirehe,B,-0.506746034232871
1996-12-01,Kirehe,B,-0.776499885413621
1997-01-01,Kirehe,off,1.3554932894210583
1997-02-01,Kirehe,off,-1.4928622702532253
1997-03-01,Kirehe,A,-0.7089772510124548
1997-04-01,Kirehe,A,1.4121921087263885
1997-05-01,Kirehe,A,0.33269446184947926
1997-06-01,Kirehe,off,0.007437910639716047
1997-07-01,Kirehe,off,-0.28191056619670013
1997-08-01,Kirehe,off,0.4387783047172373
1997-09-01,Kirehe,off,-1.3525649675939555
1997-10-01,Kirehe,B,0.8773500652156445
1997-11-01,Kirehe,B,2.126003397909855
1997-12-01,Kirehe,B,1.280923903334634
1998-01-01,Kirehe,off,2.5411774789970947
1998-02-01,Kirehe,off,1.340131795264328
1998-03-01,Kirehe,A,0.21868386998170328
1998-04-01,Kirehe,A,-0.715657700508472
1998-05-01,Kirehe,A,-0.11694622155935719
1998-06-01,Kirehe,off,0.4917296518812317
1998-07-01,Kirehe,off,-0.1013435757055685
1998-08-01,Kirehe,off,-0.6808453972041193
1998-09-01,Kirehe,off,-1.1975152291577449
1998-10-01,Kirehe,B,0.40681311999381464
1998-11-01,Kirehe,B,-1.5166530138251928
1998-12-01,Kirehe,B,-1.3942890491617776
1999-01-01,Kirehe,off,0.19781155309063408
1999-02-01,Kirehe,off,-2.422694601635808
1999-03-01,Kirehe,A,1.6182207696582802
1999-04-01,Kirehe,A,-1.4035498548860432
1999-05-01,Kirehe,A,-0.6044366001844647
1999-06-01,Kirehe,off,-0.7350889495331735
1999-07-01,Kirehe,off,-0.26809532609021497
1999-08-01,Kirehe,off,0.33996257239607836
1999-09-01,Kirehe,off,0.028790963175540474
1999-10-01,Kirehe,B,-0.6623719450563572
1999-11-01,Kirehe,B,-0.6150724935733582
1999-12-01,Kirehe,B,-0.09070367720697235
2000-01-01,Kirehe,off,-1.0296028175780945
2000-02-01,Kirehe,off,-1.3771906479345166
2000-03-01,Kirehe,A,0.2554294042202755
2000-04-01,Kirehe,A,-1.2394194304298158
2000-05-01,Kirehe,A,-1.2414546140648492
2000-06-01,Kirehe,off,-0.6208752728825774
2000-07-01,Kirehe,off,-0.12547257345081486
2000-08-01,Kirehe,off,-1.0401127398559993
2000-09-01,Kirehe,off,-1.2430416418465937
2000-10-01,Kirehe,B,-0.7065804439401882
2000-11-01,Kirehe,B,0.3469081430071626
2000-12-01,Kirehe,B,0.4385026012939654
2001-01-01,Kirehe,off,0.7912026051168153
2001-02-01,Kirehe,off,-1.333353901618573
2001-03-01,Kirehe,A,0.9493018610264303
2001-04-01,Kirehe,A,-0.9948774141310548
2001-05-01,Kirehe,A,0.07164635962996344
2001-06-01,Kirehe,off,-0.7373224167186
2001-07-01,Kirehe,off,2.066133744276056
2001-08-01,Kirehe,off,-0.0360091274789075
2001-09-01,Kirehe,off,1.038592793328112
2001-10-01,Kirehe,B,1.7803717390701401
2001-11-01,Kirehe,B,1.1310753571334151
2001-12-01,Kirehe,B,-0.08525478057250235
2002-01-01,Kirehe,off,0.6813120708251139
2002-02-01,Kirehe,off,-0.47413145832766734
2002-03-01,Kirehe,A,0.7454719685772502
2002-04-01,Kirehe,A,0.9122553923982624
2002-05-01,Kirehe,A,0.2843401967496158
2002-06-01,Kirehe,off,-0.8643619121545458
2002-07-01,Kirehe,off,-0.3783424008817604
2002-08-01,Kirehe,off,-0.9455524672141694
2002-09-01,Kirehe,off,-1.4768470123637545
2002-10-01,Kirehe,B,-0.33157253023463257
2002-11-01,Kirehe,B,-0.4260479729382307
2002-12-01,Kirehe,B,0.13133194969002018
2003-01-01,Kirehe,off,-0.7266215842115286
2003-02-01,Kirehe,off,-1.0176305893291593
2003-03-01,Kirehe,A,-1.5267838469581092
2003-04-01,Kirehe,A,-0.40947515968517945
2003-05-01,Kirehe,A,0.09610938597403121
2003-06-01,Kirehe,off,-0.08551762355177468
2003-07-01,Kirehe,off,-0.15353411125057626
2003-08-01,Kirehe,off,-0.03546417535044709
2003-09-01,Kirehe,off,0.1613472461422321
2003-10-01,Kirehe,B,0.03818274945993372
2003-11-01,Kirehe,B,-0.4774501265219234
2003-12-01,Kirehe,B,-0.8993348975206444
2004-01-01,Kirehe,off,0.2703805889732012
2004-02-01,Kirehe,off,1.0263054842011812
2004-03-01,Kirehe,A,0.07173719110872734
2004-04-01,Kirehe,A,0.21465793860766577
2004-05-01,Kirehe,A,-1.2884341956854672
2004-06-01,Kirehe,off,-0.8676995035735449
2004-07-01,Kirehe,off,-0.3662854284308878
2004-08-01,Kirehe,off,-0.5754291338603706
2004-09-01,Kirehe,off,0.5278390840634898
2004-10-01,Kirehe,B,-0.06726925367009239
2004-11-01,Kirehe,B,1.764930265199773
2004-12-01,Kirehe,B,0.9669220778309944
2005-01-01,Kirehe,off,-0.9658253894305118
2005-02-01,Kirehe,off,-0.8559601228492578
2005-03-01,Kirehe,A,-0.07568991720795536
2005-04-01,Kirehe,A,-1.0174183430109949
2005-05-01,Kirehe,A,0.2079529930278392
2005-06-01,Kirehe,off,-0.5322152249713586
2005-07-01,Kirehe,off,-0.39716941725518223
2005-08-01,Kirehe,off,1.1895350896714099
2005-09-01,Kirehe,off,0.6522638675136452
2005-10-01,Kirehe,B,1.1352420185089351
2005-11-01,Kirehe,B,-1.3148891455805625
2005-12-01,Kirehe,B,-1.8841531717962445
2006-01-01,Kirehe,off,-0.59940528829069
2006-02-01,Kirehe,off,-0.08560966758668793
2006-03-01,Kirehe,A,-0.20022817876635673
2006-04-01,Kirehe,A,0.499895911340694
2006-05-01,Kirehe,A,0.2980514387322898
2006-06-01,Kirehe,off,-0.73635251877626
2006-07-01,Kirehe,off,0.2374310291219076
2006-08-01,Kirehe,off,1.5255785526267502
2006-09-01,Kirehe,off,-0.7060483522557277
2006-10-01,Kirehe,B,-1.493381930175153
2006-11-01,Kirehe,B,2.131184074674657
2006-12-01,Kirehe,B,2.8363069703722683
2007-01-01,Kirehe,off,0.01121043002674686
2007-02-01,Kirehe,off,0.5994203153664528
2007-03-01,Kirehe,A,-0.7241767403189127
2007-04-01,Kirehe,A,-0.05068326152395134
2007-05-01,Kirehe,A,1.9127002574495742
2007-06-01,Kirehe,off,1.1956554852032988
2007-07-01,Kirehe,off,0.6682225884416841
2007-08-01,Kirehe,off,0.4406472334314576
2007-09-01,Kirehe,off,0.7701297265395598
2007-10-01,Kirehe,B,-0.1708618570624998
2007-11-01,Kirehe,B,-0.15440453059656742
2007-12-01,Kirehe,B,-1.2614590959467693
2008-01-01,Kirehe,off,0.011175192410187764
2008-02-01,Kirehe,off,0.004757610389526649
2008-03-01,Kirehe,A,0.11667599173916214
2008-04-01,Kirehe,A,-1.5601081478995158
2008-05-01,Kirehe,A,-1.51607370593919
2008-06-01,Kirehe,off,1.8146465982957194
2008-07-01,Kirehe,off,0.17999414281140647
2008-08-01,Kirehe,off,-0.30915737649701075
2008-09-01,Kirehe,off,1.4127320636537528
2008-10-01,Kirehe,B,0.8454247478686205
2008-11-01,Kirehe,B,-0.5921032016758475
2008-12-01,Kirehe,B,-1.5452597977064202
2009-01-01,Kirehe,off,-0.10104856936825413
2009-02-01,Kirehe,off,2.1494079362244882
2009-03-01,Kirehe,A,-0.3056096086789282
2009-04-01,Kirehe,A,0.6200424660016209
2009-05-01,Kirehe,A,1.3416667688679786
2009-06-01,Kirehe,off,0.6179239956816363
2009-07-01,Kirehe,off,-0.10666111209061101
2009-08-01,Kirehe,off,-0.29267039752162605
2009-09-01,Kirehe,off,-1.4423167692164225
2009-10-01,Kirehe,B,-0.21853785009777166
2009-11-01,Kirehe,B,-0.2797849675163269
2009-12-01,Kirehe,B,0.1222738858034007
2010-01-01,Kirehe,off,0.340072437331963
2010-02-01,Kirehe,off,3.5915934364159705
2010-03-01,Kirehe,A,0.3657546215191714
2010-04-01,Kirehe,A,0.21119212243796798
2010-05-01,Kirehe,A,-0.651530798981226
2010-06-01,Kirehe,off,0.4624270199952797
2010-07-01,Kirehe,off,-0.1383880111587799
2010-08-01,Kirehe,off,-1.0100398776068353
2010-09-01,Kirehe,off,0.2584720627902124
2010-10-01,Kirehe,B,-0.24154763402181922
2010-11-01,Kirehe,B,-0.9050717333722493
2010-12-01,Kirehe,B,1.002448380738174
2011-01-01,Kirehe,off,-1.0054083295527843
2011-02-01,Kirehe,off,0.5918444115267908
2011-03-01,Kirehe,A,0.024616156852152994
2011-04-01,Kirehe,A,0.0006934038845385072
2011-05-01,Kirehe,A,0.1907103343630259
2011-06-01,Kirehe,off,1.2109618631714574
2011-07-01,Kirehe,off,0.09766360125151351
2011-08-01,Kirehe,off,0.36947023650351446
2011-09-01,Kirehe,off,3.067632737053887
2011-10-01,Kirehe,B,1.8815781666906535
2011-11-01,Kirehe,B,0.943714414541936
2011-12-01,Kirehe,B,0.23391057443727348
2012-01-01,Kirehe,off,-0.905276030711218
2012-02-01,Kirehe,off,-0.6524155607842875
2012-03-01,Kirehe,A,-0.8141232000713691
2012-04-01,Kirehe,A,2.0839177786410943
2012-05-01,Kirehe,A,2.748616440714091
2012-06-01,Kirehe,off,0.2643918353957037
2012-07-01,Kirehe,off,-0.2473821725036959
2012-08-01,Kirehe,off,1.7901838904007406
2012-09-01,Kirehe,off,0.24144116052188713
2012-10-01,Kirehe,B,1.3933404737887387
2012-11-01,Kirehe,B,0.14537666910962918
2012-12-01,Kirehe,B,2.3646281402036733
2013-01-01,Kirehe,off,0.10308555219379291
2013-02-01,Kirehe,off,-0.8345904742166531
2013-03-01,Kirehe,A,0.738778413676395
2013-04-01,Kirehe,A,0.26198112679587515
2013-05-01,Kirehe,A,-1.2025661501666094
2013-06-01,Kirehe,off,-0.9206723338030405
2013-07-01,Kirehe,off,-0.37705707911625136
2013-08-01,Kirehe,off,-0.14852135514028691
2013-09-01,Kirehe,off,1.1517540937221828
2013-10-01,Kirehe,B,-0.6402779472255156
2013-11-01,Kirehe,B,0.8443785813693405
2013-12-01,Kirehe,B,0.08924637941342657
2014-01-01,Kirehe,off,-0.33873043290017385
2014-02-01,Kirehe,off,0.641821566675095
2014-03-01,Kirehe,A,-0.07699659955854615
2014-04-01,Kirehe,A,-0.5742858158927037
2014-05-01,Kirehe,A,-1.7346189593424648
2014-06-01,Kirehe,off,-0.1371365797252212
2014-07-01,Kirehe,off,-0.3491418441770397
2014-08-01,Kirehe,off,-0.1468698414179144
2014-09-01,Kirehe,off,0.4044971377500765
2014-10-01,Kirehe,B,0.02898099154568941
2014-11-01,Kirehe,B,0.14455382115839566
2014-12-01,Kirehe,B,-1.2756251689655695
2015-01-01,Kirehe,off,-2.122629994487981
2015-02-01,Kirehe,off,-0.6779946899469115
2015-03-01,Kirehe,A,-0.6290185672634686
2015-04-01,Kirehe,A,1.3675202541692646
2015-05-01,Kirehe,A,-1.135124842763689
2015-06-01,Kirehe,off,0.7300142538033182
2015-07-01,Kirehe,off,0.03345527474168633
2015-08-01,Kirehe,off,-0.15050450909330929
2015-09-01,Kirehe,off,-0.5319482911460899
2015-10-01,Kirehe,B,-0.4083581750076069
2015-11-01,Kirehe,B,0.22656831424498267
2015-12-01,Kirehe,B,-0.6484798362388777
2016-01-01,Kirehe,off,0.8128194192350554
2016-02-01,Kirehe,off,-0.6000473306473282
2016-03-01,Kirehe,A,0.40748646834556157
2016-04-01,Kirehe,A,1.0079903012509093
2016-05-01,Kirehe,A,-1.433946800324003
2016-06-01,Kirehe,off,-0.920298339843484
2016-07-01,Kirehe,off,-0.056411744210978006
2016-08-01,Kirehe,off,-0.7838629917732327
2016-09-01,Kirehe,off,-0.5600141157605181
2016-10-01,Kirehe,B,-0.4528912102577844
2016-11-01,Kirehe,B,-0.159490456509195
2016-12-01,Kirehe,B,-1.1952703835413887
2017-01-01,Kirehe,off,-1.1520454759107468
2017-02-01,Kirehe,off,-0.7382628703682015
2017-03-01,Kirehe,A,-0.8622008676409014
2017-04-01,Kirehe,A,-1.2313655467548275
2017-05-01,Kirehe,A,1.5791622539462358
2017-06-01,Kirehe,off,-0.7889136555732166
2017-07-01,Kirehe,off,-0.43971899235128925
2017-08-01,Kirehe,off,0.9540804958157125
2017-09-01,Kirehe,off,0.8891111249741023
2017-10-01,Kirehe,B,0.5616285656364323
2017-11-01,Kirehe,B,0.5822234521303209
2017-12-01,Kirehe,B,-0.9646395095172265
2018-01-01,Kirehe,off,1.6872667787674125
2018-02-01,Kirehe,off,-1.3488621885575294
2018-03-01,Kirehe,A,1.612792315005749
2018-04-01,Kirehe,A,2.7781494092760997
2018-05-01,Kirehe,A,-0.1561568579518559
2018-06-01,Kirehe,off,-0.6757269527402356
2018-07-01,Kirehe,off,-0.411972155740225
2018-08-01,Kirehe,off,0.19138831247461316
2018-09-01,Kirehe,off,-0.9983094379531383
2018-10-01,Kirehe,B,-0.6343183929799179
2018-11-01,Kirehe,B,-0.6863277554890729
2018-12-01,Kirehe,B,2.605808509929135
2019-01-01,Kirehe,off,1.9178600513029287
2019-02-01,Kirehe,off,-0.09460818149356684
2019-03-01,Kirehe,A,-1.2236777937964938
2019-04-01,Kirehe,A,0.2504486277473995
2019-05-01,Kirehe,A,1.4324787242535795
2019-06-01,Kirehe,off,-0.5736834326957525
2019-07-01,Kirehe,off,-0.057363662027801396
2019-08-01,Kirehe,off,1.2031006534436703
2019-09-01,Kirehe,off,0.7715844632206929
2019-10-01,Kirehe,B,-0.21429041288588987
2019-11-01,Kirehe,B,1.378290814778899
2019-12-01,Kirehe,B,-0.2323996450115363
2020-01-01,Kirehe,off,2.22438199761544
2020-02-01,Kirehe,off,2.92117653101898
2020-03-01,Kirehe,A,-0.043109439851414
2020-04-01,Kirehe,A,1.2420564325802184
2020-05-01,Kirehe,A,-1.1190137806904408
2020-06-01,Kirehe,off,-0.6750284959025848
2020-07-01,Kirehe,off,0.1261700614215012
2020-08-01,Kirehe,off,-0.9675535513991228
2020-09-01,Kirehe,off,-0.44824914113573777
2020-10-01,Kirehe,B,2.3615119321420988
2020-11-01,Kirehe,B,-0.3557785804115007
2020-12-01,Kirehe,B,2.054692848332983
2021-01-01,Kirehe,off,-0.8057219741760089
2021-02-01,Kirehe,off,0.4006388820697138
2021-03-01,Kirehe,A,-0.5998120825064672
2021-04-01,Kirehe,A,-0.10127982464745504
2021-05-01,Kirehe,A,3.196769966874873
2021-06-01,Kirehe,off,-0.8632761232397048
2021-07-01,Kirehe,off,-0.08336294801991982
2021-08-01,Kirehe,off,-0.2262837567590684
2021-09-01,Kirehe,off,-0.43877978800196266
2021-10-01,Kirehe,B,0.5300243184598962
2021-11-01,Kirehe,B,-0.8758149826512714
2021-12-01,Kirehe,B,0.6785321327540303
2022-01-01,Kirehe,off,0.8062800549337369
2022-02-01,Kirehe,off,1.342072864945367
2022-03-01,Kirehe,A,-0.4816502617959701
2022-04-01,Kirehe,A,0.9509617769055486
2022-05-01,Kirehe,A,0.1292007903986224
2022-06-01,Kirehe,off,-0.5100873735526931
2022-07-01,Kirehe,off,0.30468551714165665
2022-08-01,Kirehe,off,1.127949534358946
2022-09-01,Kirehe,off,-0.1443905315353791
2022-10-01,Kirehe,B,-1.0001972041558083
2022-11-01,Kirehe,B,0.2931371568789133
2022-12-01,Kirehe,B,0.23954320394835227
2023-01-01,Kirehe,off,1.869451135440087
2023-02-01,Kirehe,off,-1.620761725207376
2023-03-01,Kirehe,A,0.6838375558256292
2023-04-01,Kirehe,A,0.3401957751139413
2023-05-01,Kirehe,A,-0.9195650373266141
2023-06-01,Kirehe,off,-0.771724790308448
2023-07-01,Kirehe,off,-0.4629976820353517
2023-08-01,Kirehe,off,-1.188504222248123
2023-09-01,Kirehe,off,0.23314274469027413
2023-10-01,Kirehe,B,-0.6439799056431335
2023-11-01,Kirehe,B,0.5107459617422901
2023-12-01,Kirehe,B,0.4831504374409147
2024-01-01,Kirehe,off,-0.3329382358991609
2024-02-01,Kirehe,off,-1.1892169113104676
2024-03-01,Kirehe,A,-1.3853111854535496
2024-04-01,Kirehe,A,1.3234106459757708
2024-05-01,Kirehe,A,-1.5705044573407132
2024-06-01,Kirehe,off,-0.9028398706803125
2024-07-01,Kirehe,off,-0.16400705668997057
2024-08-01,Kirehe,off,-0.8428998887898971
2024-09-01,Kirehe,off,-0.08553206399318013
2024-10-01,Kirehe,B,0.09265300079659947
2024-11-01,Kirehe,B,2.8595811282808246
2024-12-01,Kirehe,B,-0.35419703975252914
2025-01-01,Kirehe,off,-0.02605435994836959
2025-02-01,Kirehe,off,-1.5514514890902353
2025-03-01,Kirehe,A,-1.5988214525504785
2025-04-01,Kirehe,A,1.4128933703656366
2025-05-01,Kirehe,A,0.5447810655475872
2025-06-01,Kirehe,off,0.8087327865653398
2025-07-01,Kirehe,off,-0.20780146152505016
2025-08-01,Kirehe,off,0.3045764483284964
2025-09-01,Kirehe,off,-1.327629815978591
2025-10-01,Kirehe,B,0.8068676792401924
2025-11-01,Kirehe,B,-0.8283177007954298
2025-12-01,Kirehe,B,1.1265399807043983
2026-01-01,Kirehe,off,1.588726137467431
2026-02-01,Kirehe,off,0.4059117253498466
2026-03-01,Kirehe,A,0.1010716923997158
2026-04-01,Kirehe,A,-0.4978839635128088
2026-05-01,Kirehe,A,-1.3554400974467216
2026-06-01,Kirehe,off,-0.8498826444562033
2026-07-01,Kirehe,off,0.3563296920333842
2026-08-01,Kirehe,off,-1.017738163881207
2026-09-01,Kirehe,off,-1.2703819904429292
1981-01-01,Muhanga,off,0.006699147655840925
1981-02-01,Muhanga,off,-1.1781225951362713
1981-03-01,Muhanga,A,0.011691224425030537
1981-04-01,Muhanga,A,1.435225905901128
1981-05-01,Muhanga,A,0.4521410176633977
1981-06-01,Muhanga,off,-0.23030633331113987
1981-07-01,Muhanga,off,-0.2313823102198865
1981-08-01,Muhanga,off,1.208019106640017
1981-09-01,Muhanga,off,0.3187145414190676
1981-10-01,Muhanga,B,-0.2038822982708947
1981-11-01,Muhanga,B,-0.912161660599108
1981-12-01,Muhanga,B,-0.18014801083106663
1982-01-01,Muhanga,off,0.39260260158910365
1982-02-01,Muhanga,off,-0.49074291484125754
1982-03-01,Muhanga,A,-1.4095932998306238
1982-04-01,Muhanga,A,0.9014492851294528
1982-05-01,Muhanga,A,0.9541183687177054
1982-06-01,Muhanga,off,1.1080722261921134
1982-07-01,Muhanga,off,-0.4603911886462925
1982-08-01,Muhanga,off,-1.5350364334410758
1982-09-01,Muhanga,off,0.9107531342601672
1982-10-01,Muhanga,B,-0.07952283943448601
1982-11-01,Muhanga,B,0.7129771206272464
1982-12-01,Muhanga,B,1.3960631608156975
1983-01-01,Muhanga,off,-1.675125145121976
1983-02-01,Muhanga,off,0.3010440471334643
1983-03-01,Muhanga,A,0.32003452508401364
1983-04-01,Muhanga,A,1.3200694786330267
1983-05-01,Muhanga,A,-0.7258298252478715
1983-06-01,Muhanga,off,-0.7594613315190035
1983-07-01,Muhanga,off,0.2358488569704836
1983-08-01,Muhanga,off,0.7754462430594705
1983-09-01,Muhanga,off,-0.26992791343978684
1983-10-01,Muhanga,B,1.569410677497627
1983-11-01,Muhanga,B,0.7093939979372299
1983-12-01,Muhanga,B,-0.4626651291557614
1984-01-01,Muhanga,off,0.10422213495814248
1984-02-01,Muhanga,off,-0.25718864719046164
1984-03-01,Muhanga,A,-0.6775091456258012
1984-04-01,Muhanga,A,-0.5403337422373333
1984-05-01,Muhanga,A,-2.0533178743185196
1984-06-01,Muhanga,off,-1.3475646577049967
1984-07-01,Muhanga,off,1.9252026298039728
1984-08-01,Muhanga,off,0.6826658304732559
1984-09-01,Muhanga,off,-1.401696502560923
1984-10-01,Muhanga,B,0.47598048330609133
1984-11-01,Muhanga,B,-0.13816549986546206
1984-12-01,Muhanga,B,-0.8563990363289113
1985-01-01,Muhanga,off,-0.5114960037113304
1985-02-01,Muhanga,off,0.15160617793260744
1985-03-01,Muhanga,A,-0.7535389477053211
1985-04-01,Muhanga,A,1.823422722992428
1985-05-01,Muhanga,A,-0.9254233471489288
1985-06-01,Muhanga,off,-0.342906390731586
1985-07-01,Muhanga,off,-0.47400739971492245
1985-08-01,Muhanga,off,-1.7784141895023835
1985-09-01,Muhanga,off,1.2963338674273452
1985-10-01,Muhanga,B,0.16848918727277742
1985-11-01,Muhanga,B,0.2928608381039342
1985-12-01,Muhanga,B,-0.13548070248188968
1986-01-01,Muhanga,off,0.9274272889457832
1986-02-01,Muhanga,off,0.4427670868110484
1986-03-01,Muhanga,A,-0.6033986594201961
1986-04-01,Muhanga,A,2.2745709137534598
1986-05-01,Muhanga,A,0.3459062494132818
1986-06-01,Muhanga,off,-0.34422638552061396
1986-07-01,Muhanga,off,-0.6167722097466456
1986-08-01,Muhanga,off,-1.005762418671345
1986-09-01,Muhanga,off,-1.1378041023443413
1986-10-01,Muhanga,B,1.2052130567539348
1986-11-01,Muhanga,B,-0.35508087617311573
1986-12-01,Muhanga,B,0.3829680223526873
1987-01-01,Muhanga,off,0.7467645531669747
1987-02-01,Muhanga,off,0.36959888828710924
1987-03-01,Muhanga,A,0.14335094046695324
1987-04-01,Muhanga,A,-0.14844575423978926
1987-05-01,Muhanga,A,2.2108909237844667
1987-06-01,Muhanga,off,0.49920250673301897
1987-07-01,Muhanga,off,-0.2656454419123539
1987-08-01,Muhanga,off,-0.799135561931538
1987-09-01,Muhanga,off,1.9558603127722454
1987-10-01,Muhanga,B,-0.407313695482152
1987-11-01,Muhanga,B,1.1053790857464427
1987-12-01,Muhanga,B,-1.2319734456606908
1988-01-01,Muhanga,off,-0.31599365248580846
1988-02-01,Muhanga,off,0.7010878677927699
1988-03-01,Muhanga,A,0.5611579635179099
1988-04-01,Muhanga,A,1.4765755455481244
1988-05-01,Muhanga,A,0.028764711434969
1988-06-01,Muhanga,off,-1.3014354335184402
1988-07-01,Muhanga,off,0.9352778990237028
1988-08-01,Muhanga,off,3.828888522189335
1988-09-01,Muhanga,off,0.7165450700683256
1988-10-01,Muhanga,B,-0.17584660611470948
1988-11-01,Muhanga,B,-0.16150210134522094
1988-12-01,Muhanga,B,-0.8351974355644602
1989-01-01,Muhanga,off,0.18732417279396038
1989-02-01,Muhanga,off,-0.23790635117584252
1989-03-01,Muhanga,A,-0.04156062761290413
1989-04-01,Muhanga,A,0.18686256785412725
1989-05-01,Muhanga,A,-0.21504460341853082
1989-06-01,Muhanga,off,0.13859506134783736
1989-07-01,Muhanga,off,0.26673431665815084
1989-08-01,Muhanga,off,-0.07356756170796734
1989-09-01,Muhanga,off,-0.005836581250508678
1989-10-01,Muhanga,B,-0.19296356604022855
1989-11-01,Muhanga,B,-0.08375100318969328
1989-12-01,Muhanga,B,1.687107099963505
1990-01-01,Muhanga,off,0.5382642785188829
1990-02-01,Muhanga,off,2.223815172406659
1990-03-01,Muhanga,A,-0.2008309623590906
1990-04-01,Muhanga,A,1.4592594756645842
1990-05-01,Muhanga,A,-0.7656172765751357
1990-06-01,Muhanga,off,-1.4583521793223164
1990-07-01,Muhanga,off,-0.37177874740325945
1990-08-01,Muhanga,off,-0.3964261551796549
1990-09-01,Muhanga,off,0.6476526352498915
1990-10-01,Muhanga,B,-0.9389137670892657
1990-11-01,Muhanga,B,0.1513564533978497
1990-12-01,Muhanga,B,0.2578141260190956
1991-01-01,Muhanga,off,0.20480889489681806
1991-02-01,Muhanga,off,0.10220670700884323
1991-03-01,Muhanga,A,-0.2335282570326692
1991-04-01,Muhanga,A,-0.5567251672345261
1991-05-01,Muhanga,A,1.560778344749165
1991-06-01,Muhanga,off,0.54955690229651
1991-07-01,Muhanga,off,-0.025189771044806658
1991-08-01,Muhanga,off,-1.178961139621753
1991-09-01,Muhanga,off,-0.5410923601879031
1991-10-01,Muhanga,B,0.4409380651172135
1991-11-01,Muhanga,B,-1.1257972902028432
1991-12-01,Muhanga,B,0.6237694853340459
1992-01-01,Muhanga,off,-0.49811517823473045
1992-02-01,Muhanga,off,-0.07797737061120154
1992-03-01,Muhanga,A,-0.40424569569431507
1992-04-01,Muhanga,A,0.5376015612861228
1992-05-01,Muhanga,A,-0.7197098888477592
1992-06-01,Muhanga,off,1.1613848379702971
1992-07-01,Muhanga,off,-0.4660723689726409
1992-08-01,Muhanga,off,-1.7305348689894526
1992-09-01,Muhanga,off,0.4152398431073635
1992-10-01,Muhanga,B,1.3692282021568516
1992-11-01,Muhanga,B,-0.5183214405666462
1992-12-01,Muhanga,B,0.5824646089962333
1993-01-01,Muhanga,off,1.15554231394703
1993-02-01,Muhanga,off,-0.08731047607967835
1993-03-01,Muhanga,A,-0.6012098403923071
1993-04-01,Muhanga,A,-0.7756523116682388
1993-05-01,Muhanga,A,0.6578329174921026
1993-06-01,Muhanga,off,-0.8686680542260683
1993-07-01,Muhanga,off,-0.5834295514094755
1993-08-01,Muhanga,off,1.9312152188050733
1993-09-01,Muhanga,off,-1.9978005694462924
1993-10-01,Muhanga,B,-1.5004779239780428
1993-11-01,Muhanga,B,-0.4512733341799784
1993-12-01,Muhanga,B,-0.5652180373569358
1994-01-01,Muhanga,off,0.7024847633661891
1994-02-01,Muhanga,off,-0.7385007562565611
1994-03-01,Muhanga,A,0.5099734555236988
1994-04-01,Muhanga,A,-0.4642106424753767
1994-05-01,Muhanga,A,0.12440885227657948
1994-06-01,Muhanga,off,-0.7878364861858861
1994-07-01,Muhanga,off,-0.01985236937328305
1994-08-01,Muhanga,off,0.7018931846429304
1994-09-01,Muhanga,off,-0.22571114156805835
1994-10-01,Muhanga,B,-0.8057870181318754
1994-11-01,Muhanga,B,0.7768677339799588
1994-12-01,Muhanga,B,0.7841385123660555
1995-01-01,Muhanga,off,0.0700060803840811
1995-02-01,Muhanga,off,-0.6406240453694115
1995-03-01,Muhanga,A,0.02194525933620007
1995-04-01,Muhanga,A,0.43533891377742645
1995-05-01,Muhanga,A,0.7101044931056114
1995-06-01,Muhanga,off,4.011691776228519
1995-07-01,Muhanga,off,-0.4335409899940122
1995-08-01,Muhanga,off,-1.6871167395182052
1995-09-01,Muhanga,off,-0.40680719374414187
1995-10-01,Muhanga,B,0.2386839963330856
1995-11-01,Muhanga,B,0.3648343768797413
1995-12-01,Muhanga,B,-1.293087521318986
1996-01-01,Muhanga,off,-0.9211744481033838
1996-02-01,Muhanga,off,-0.23167225943804629
1996-03-01,Muhanga,A,-0.5670912550317315
1996-04-01,Muhanga,A,-0.5580412240982437
1996-05-01,Muhanga,A,-0.7564041443396472
1996-06-01,Muhanga,off,0.5761936075517097
1996-07-01,Muhanga,off,2.3732502049664013
1996-08-01,Muhanga,off,2.1113114272950875
1996-09-01,Muhanga,off,-0.16810296521698773
1996-10-01,Muhanga,B,-1.1037346520574902
1996-11-01,Muhanga,B,-0.5855815274751344
1996-12-01,Muhanga,B,-0.7217973786054319
1997-01-01,Muhanga,off,1.0773929625032106
1997-02-01,Muhanga,off,-1.5773491183082418
1997-03-01,Muhanga,A,-0.9212145170496266
1997-04-01,Muhanga,A,0.20583168756570241
1997-05-01,Muhanga,A,-1.1064423094312146
1997-06-01,Muhanga,off,0.08990849951842103
1997-07-01,Muhanga,off,0.11757710806631712
1997-08-01,Muhanga,off,-0.05640365815303654
1997-09-01,Muhanga,off,1.2134546672181603
1997-10-01,Muhanga,B,1.1937125349928734
1997-11-01,Muhanga,B,0.15576536125037818
1997-12-01,Muhanga,B,1.2295508813060296
1998-01-01,Muhanga,off,1.981823655047448
1998-02-01,Muhanga,off,2.4550698362889687
1998-03-01,Muhanga,A,0.2773764263218517
1998-04-01,Muhanga,A,-0.14372414841977782
1998-05-01,Muhanga,A,0.565496311313243
1998-06-01,Muhanga,off,1.7752483250591655
1998-07-01,Muhanga,off,0.47889977635506986
1998-08-01,Muhanga,off,-0.5236567397865206
1998-09-01,Muhanga,off,-0.7315467472522523
1998-10-01,Muhanga,B,0.05915442637269401
1998-11-01,Muhanga,B,-0.6006846168229452
1998-12-01,Muhanga,B,-1.3784373691937772
1999-01-01,Muhanga,off,0.03162238818932239
1999-02-01,Muhanga,off,-1.8858234050421845
1999-03-01,Muhanga,A,1.1110937495620152
1999-04-01,Muhanga,A,-0.3825287272978626
1999-05-01,Muhanga,A,-1.5798983353706577
1999-06-01,Muhanga,off,-0.8147896493485555
1999-07-01,Muhanga,off,-0.5183479381318746
1999-08-01,Muhanga,off,2.178633375228021
1999-09-01,Muhanga,off,0.47127232650218415
1999-10-01,Muhanga,B,-1.7723177137928954
1999-11-01,Muhanga,B,0.03964156149389714
1999-12-01,Muhanga,B,-0.061476239909443564
2000-01-01,Muhanga,off,-0.9822735396221487
2000-02-01,Muhanga,off,-1.1851601126301528
2000-03-01,Muhanga,A,-1.142656861100555
2000-04-01,Muhanga,A,-1.0617665579031932
2000-05-01,Muhanga,A,-0.7222369467372398
2000-06-01,Muhanga,off,-1.077206862696977
2000-07-01,Muhanga,off,-0.40033014091392877
2000-08-01,Muhanga,off,-1.2128645629728274
2000-09-01,Muhanga,off,-1.630122779398889
2000-10-01,Muhanga,B,0.13346863903068268
2000-11-01,Muhanga,B,0.6892468823535577
2000-12-01,Muhanga,B,-0.5149741706801373
2001-01-01,Muhanga,off,0.2695209550197489
2001-02-01,Muhanga,off,-0.6675799561805322
2001-03-01,Muhanga,A,1.2670511655893777
2001-04-01,Muhanga,A,-0.6947983508493811
2001-05-01,Muhanga,A,-0.721655279571756
2001-06-01,Muhanga,off,-0.9133692131592028
2001-07-01,Muhanga,off,1.58432035241781
2001-08-01,Muhanga,off,-0.38481511565598364
2001-09-01,Muhanga,off,0.15979033250917662
2001-10-01,Muhanga,B,1.2127043923296899
2001-11-01,Muhanga,B,1.2929740606995215
2001-12-01,Muhanga,B,-0.6368565855033307
2002-01-01,Muhanga,off,0.10613764639574022
2002-02-01,Muhanga,off,-0.7410969725688032
2002-03-01,Muhanga,A,-0.48199058661164146
2002-04-01,Muhanga,A,-0.45342384186670814
2002-05-01,Muhanga,A,1.789685604679201
2002-06-01,Muhanga,off,-1.3425980995817481
2002-07-01,Muhanga,off,-0.1908572209622118
2002-08-01,Muhanga,off,-1.1307528132359552
2002-09-01,Muhanga,off,-1.4015084165689549
2002-10-01,Muhanga,B,-0.6983877697702624
2002-11-01,Muhanga,B,-0.4549057476808785
2002-12-01,Muhanga,B,0.30693313656732807
2003-01-01,Muhanga,off,-0.6645129353119819
2003-02-01,Muhanga,off,-0.9678691427908692
2003-03-01,Muhanga,A,-1.0500726995830827
2003-04-01,Muhanga,A,0.6105181441812283
2003-05-01,Muhanga,A,0.1971831581526844
2003-06-01,Muhanga,off,-0.6656133852028867
2003-07-01,Muhanga,off,-0.06392142454952192
2003-08-01,Muhanga,off,-0.0006966431727529378
2003-09-01,Muhanga,off,0.37753475333560116
2003-10-01,Muhanga,B,0.912060658952379
2003-11-01,Muhanga,B,-0.45729144072614686
2003-12-01,Muhanga,B,-1.1363301613734558
2004-01-01,Muhanga,off,0.5455558366916471
2004-02-01,Muhanga,off,0.28063733995359097
2004-03-01,Muhanga,A,-0.21854862275576264
2004-04-01,Muhanga,A,0.4047659963200831
2004-05-01,Muhanga,A,-1.2216696860994092
2004-06-01,Muhanga,off,-1.3547758555036213
2004-07-01,Muhanga,off,-0.28511263130717707
2004-08-01,Muhanga,off,-0.719845914132227
2004-09-01,Muhanga,off,0.17513644969389888
2004-10-01,Muhanga,B,-0.6587846778672275
2004-11-01,Muhanga,B,0.996546788542313
2004-12-01,Muhanga,B,0.6636760199676749
2005-01-01,Muhanga,off,-0.30306724579155386
2005-02-01,Muhanga,off,-0.410389115033216
2005-03-01,Muhanga,A,0.2000450620585007
2005-04-01,Muhanga,A,-0.8901735204362612
2005-05-01,Muhanga,A,-0.5900368561251828
2005-06-01,Muhanga,off,-0.8206196921509215
2005-07-01,Muhanga,off,-0.560272614991006
2005-08-01,Muhanga,off,1.3913517224073635
2005-09-01,Muhanga,off,0.5147654879119117
2005-10-01,Muhanga,B,1.188833734758827
2005-11-01,Muhanga,B,-1.3890913371297413
2005-12-01,Muhanga,B,-1.3138459386247197
2006-01-01,Muhanga,off,-0.492916060036483
2006-02-01,Muhanga,off,0.5302984896876611
2006-03-01,Muhanga,A,-0.10267111019245492
2006-04-01,Muhanga,A,0.31936051690721406
2006-05-01,Muhanga,A,0.5521261983283791
2006-06-01,Muhanga,off,-1.0244694661162548
2006-07-01,Muhanga,off,0.6305717507248916
2006-08-01,Muhanga,off,1.7072471406305176
2006-09-01,Muhanga,off,-1.224077326960041
2006-10-01,Muhanga,B,-1.2685606207315538
2006-11-01,Muhanga,B,0.7445560000161988
2006-12-01,Muhanga,B,1.7519499348038234
2007-01-01,Muhanga,off,-0.03691537749722542
2007-02-01,Muhanga,off,0.8381329525512461
2007-03-01,Muhanga,A,-0.6850187803177608
2007-04-01,Muhanga,A,0.03551830896356835
2007-05-01,Muhanga,A,3.8206399925456065
2007-06-01,Muhanga,off,1.1635766160042111
2007-07-01,Muhanga,off,1.3184375311900614
2007-08-01,Muhanga,off,-0.16284325413973355
2007-09-01,Muhanga,off,0.31573997280266086
2007-10-01,Muhanga,B,-0.7279330555827039
2007-11-01,Muhanga,B,-0.4022280318043727
2007-12-01,Muhanga,B,-1.0941391628480295
2008-01-01,Muhanga,off,-1.1792687205111494
2008-02-01,Muhanga,off,-0.7651562389635251
2008-03-01,Muhanga,A,-0.6898564325695332
2008-04-01,Muhanga,A,-1.2450402271557883
2008-05-01,Muhanga,A,-1.042789662457742
2008-06-01,Muhanga,off,2.274490597875649
2008-07-01,Muhanga,off,0.1631061991099436
2008-08-01,Muhanga,off,0.5637668501604617
2008-09-01,Muhanga,off,-1.0582410023416624
2008-10-01,Muhanga,B,-0.5184847532262209
2008-11-01,Muhanga,B,-1.1118061864198003
2008-12-01,Muhanga,B,-0.6967325284979163
2009-01-01,Muhanga,off,-0.15831772140313913
2009-02-01,Muhanga,off,2.0103768617836137
2009-03-01,Muhanga,A,0.009959282601783519
2009-04-01,Muhanga,A,0.10065971418621551
2009-05-01,Muhanga,A,1.5410445555859764
2009-06-01,Muhanga,off,-0.8152102842914393
2009-07-01,Muhanga,off,-0.6204617342886353
2009-08-01,Muhanga,off,-1.1176733947827977
2009-09-01,Muhanga,off,-0.9588216259000939
2009-10-01,Muhanga,B,0.9104810391949005
2009-11-01,Muhanga,B,-0.47726998195908144
2009-12-01,Muhanga,B,-0.8063098500234349
2010-01-01,Muhanga,off,0.7200106000790722
2010-02-01,Muhanga,off,4.123858016667965
2010-03-01,Muhanga,A,0.15821671975640958
2010-04-01,Muhanga,A,-0.21299035242026226
2010-05-01,Muhanga,A,-0.4182275776127181
2010-06-01,Muhanga,off,1.0852041822039384
2010-07-01,Muhanga,off,-0.4507773113279654
2010-08-01,Muhanga,off,-1.7833570755774357
2010-09-01,Muhanga,off,0.7421160993154501
2010-10-01,Muhanga,B,-0.03879763905133644
2010-11-01,Muhanga,B,-0.6059297108554013
2010-12-01,Muhanga,B,0.42592756151054056
2011-01-01,Muhanga,off,0.1785256240003125
2011-02-01,Muhanga,off,-0.031032228323575824
2011-03-01,Muhanga,A,-0.2099676832698318
2011-04-01,Muhanga,A,-0.6693093839610658
2011-05-01,Muhanga,A,-0.4715674433937588
2011-06-01,Muhanga,off,3.1284822405862944
2011-07-01,Muhanga,off,0.7291448069471007
2011-08-01,Muhanga,off,1.188093204566888
2011-09-01,Muhanga,off,1.377808095979
2011-10-01,Muhanga,B,0.44337535165850456
2011-11-01,Muhanga,B,0.7990865876200598
2011-12-01,Muhanga,B,0.5650099219169339
2012-01-01,Muhanga,off,-1.0712753793835657
2012-02-01,Muhanga,off,-0.8460400012002006
2012-03-01,Muhanga,A,-0.4252694112507252
2012-04-01,Muhanga,A,0.39460396869774556
2012-05-01,Muhanga,A,1.0382724444360862
2012-06-01,Muhanga,off,0.1068484307902748
2012-07-01,Muhanga,off,-0.571600424242528
2012-08-01,Muhanga,off,0.9772824356732486
2012-09-01,Muhanga,off,-0.5232828927358906
2012-10-01,Muhanga,B,0.8055048496726791
2012-11-01,Muhanga,B,-0.27707598206852574
2012-12-01,Muhanga,B,0.14721144216156612
2013-01-01,Muhanga,off,-0.40273032863908553
2013-02-01,Muhanga,off,-0.8212225284459725
2013-03-01,Muhanga,A,1.141754836499626
2013-04-01,Muhanga,A,-0.12684155067067138
2013-05-01,Muhanga,A,-1.144635813182356
2013-06-01,Muhanga,off,-1.4885137281977479
2013-07-01,Muhanga,off,-0.6805799486825035
2013-08-01,Muhanga,off,-0.02920038111271101
2013-09-01,Muhanga,off,1.554132984546201
2013-10-01,Muhanga,B,-0.8728057124436217
2013-11-01,Muhanga,B,-0.2561026363590299
2013-12-01,Muhanga,B,1.1577226341756615
2014-01-01,Muhanga,off,-0.8341883477655847
2014-02-01,Muhanga,off,0.9899796306414284
2014-03-01,Muhanga,A,0.04447213882900828
2014-04-01,Muhanga,A,-0.4174675246554667
2014-05-01,Muhanga,A,-1.7425071408538597
2014-06-01,Muhanga,off,-0.3786040952659129
2014-07-01,Muhanga,off,-0.6680330400729413
2014-08-01,Muhanga,off,-0.3394066207939834
2014-09-01,Muhanga,off,-0.015541386821636255
2014-10-01,Muhanga,B,-0.038675986081845734
2014-11-01,Muhanga,B,-0.054722497767768094
2014-12-01,Muhanga,B,-0.6839493666178659
2015-01-01,Muhanga,off,-1.7535279699164563
2015-02-01,Muhanga,off,-0.25275210711626095
2015-03-01,Muhanga,A,-0.08976674030622586
2015-04-01,Muhanga,A,0.33745205772676434
2015-05-01,Muhanga,A,0.10622931996208876
2015-06-01,Muhanga,off,0.27984182342037606
2015-07-01,Muhanga,off,-0.44684817404248095
2015-08-01,Muhanga,off,-1.3346360039460168
2015-09-01,Muhanga,off,-0.1127439226707433
2015-10-01,Muhanga,B,0.29010373418216695
2015-11-01,Muhanga,B,0.5320747832290278
2015-12-01,Muhanga,B,-0.3010292693264202
2016-01-01,Muhanga,off,0.6441798412130768
2016-02-01,Muhanga,off,-1.2585962124401433
2016-03-01,Muhanga,A,1.1054879905170463
2016-04-01,Muhanga,A,0.4580039098822702
2016-05-01,Muhanga,A,-1.0306498062859657
2016-06-01,Muhanga,off,-1.1758183081289268
2016-07-01,Muhanga,off,-0.3939061610827519
2016-08-01,Muhanga,off,-1.5525344933192098
2016-09-01,Muhanga,off,0.9573176549307372
2016-10-01,Muhanga,B,0.9658356432321081
2016-11-01,Muhanga,B,0.884253121734404
2016-12-01,Muhanga,B,-1.149743113201179
2017-01-01,Muhanga,off,-0.7335252432466594
2017-02-01,Muhanga,off,-0.49633563646118706
2017-03-01,Muhanga,A,-0.6101655057314088
2017-04-01,Muhanga,A,-0.4457714295720221
2017-05-01,Muhanga,A,0.311338328976201
2017-06-01,Muhanga,off,-1.4319079763199565
2017-07-01,Muhanga,off,-0.6323454250817133
2017-08-01,Muhanga,off,0.8858292930262146
2017-09-01,Muhanga,off,1.2693542956921113
2017-10-01,Muhanga,B,0.5400046968932218
2017-11-01,Muhanga,B,0.36695490516332707
2017-12-01,Muhanga,B,-0.9180184901928539
2018-01-01,Muhanga,off,0.5039602213257967
2018-02-01,Muhanga,off,-0.7486320925344558
2018-03-01,Muhanga,A,1.7136447118891296
2018-04-01,Muhanga,A,2.498042501864524
2018-05-01,Muhanga,A,0.159306390411082
2018-06-01,Muhanga,off,-1.0373174702749417
2018-07-01,Muhanga,off,-0.39342817036895517
2018-08-01,Muhanga,off,0.6640236475551484
2018-09-01,Muhanga,off,-0.3047244782747208
2018-10-01,Muhanga,B,-0.682111512402289
2018-11-01,Muhanga,B,-0.05697360053525033
2018-12-01,Muhanga,B,1.974022380276743
2019-01-01,Muhanga,off,0.6753449603423154
2019-02-01,Muhanga,off,-0.894157955537339
2019-03-01,Muhanga,A,-1.0902427748623067
2019-04-01,Muhanga,A,-0.05824647370954146
2019-05-01,Muhanga,A,0.9774600316551376
2019-06-01,Muhanga,off,-0.23811275853218064
2019-07-01,Muhanga,off,0.008154400167623704
2019-08-01,Muhanga,off,-0.04943531020600004
2019-09-01,Muhanga,off,0.18812348263940948
2019-10-01,Muhanga,B,0.3276175342261159
2019-11-01,Muhanga,B,0.7360372441531158
2019-12-01,Muhanga,B,1.014509067519738
2020-01-01,Muhanga,off,1.1382231626925552
2020-02-01,Muhanga,off,1.1813296509841844
2020-03-01,Muhanga,A,-0.29566877405900593
2020-04-01,Muhanga,A,1.1673605395128357
2020-05-01,Muhanga,A,-1.341760033431827
2020-06-01,Muhanga,off,-0.8965995137264249
2020-07-01,Muhanga,off,-0.5386625824025014
2020-08-01,Muhanga,off,-1.4604390572554349
2020-09-01,Muhanga,off,-0.1772802779058633
2020-10-01,Muhanga,B,1.4983663444821147
2020-11-01,Muhanga,B,0.13968221795979735
2020-12-01,Muhanga,B,1.2075986719306242
2021-01-01,Muhanga,off,0.8769294705827633
2021-02-01,Muhanga,off,0.9203296346602908
2021-03-01,Muhanga,A,-0.4040761869206221
2021-04-01,Muhanga,A,-0.7679694416348477
2021-05-01,Muhanga,A,1.229028383136954
2021-06-01,Muhanga,off,-1.507212577193635
2021-07-01,Muhanga,off,0.18911942177241642
2021-08-01,Muhanga,off,-0.39402763606691826
2021-09-01,Muhanga,off,0.5106293870659502
2021-10-01,Muhanga,B,0.6122767504309443
2021-11-01,Muhanga,B,-0.5624658169075182
2021-12-01,Muhanga,B,0.32670663870610905
2022-01-01,Muhanga,off,0.46942358180954763
2022-02-01,Muhanga,off,2.11994861014365
2022-03-01,Muhanga,A,-0.41911497906985373
2022-04-01,Muhanga,A,-0.6137507197489915
2022-05-01,Muhanga,A,0.8247038596793814
2022-06-01,Muhanga,off,-0.8167409469605187
2022-07-01,Muhanga,off,0.14734815713916782
2022-08-01,Muhanga,off,1.8399131745746982
2022-09-01,Muhanga,off,-0.43393767478662965
2022-10-01,Muhanga,B,-0.4089023924911942
2022-11-01,Muhanga,B,0.45069940327712654
2022-12-01,Muhanga,B,1.0728531575683855
2023-01-01,Muhanga,off,1.3758581555051386
2023-02-01,Muhanga,off,-1.7532622600747163
2023-03-01,Muhanga,A,0.4660688587875628
2023-04-01,Muhanga,A,1.496933896340069
2023-05-01,Muhanga,A,1.2442886001543023
2023-06-01,Muhanga,off,-1.4409744486478213
2023-07-01,Muhanga,off,-0.6672203145836365
2023-08-01,Muhanga,off,-1.9928572384079284
2023-09-01,Muhanga,off,0.46792247582846613
2023-10-01,Muhanga,B,-0.9664288299222851
2023-11-01,Muhanga,B,-0.24257497298948194
2023-12-01,Muhanga,B,-0.05836216417065237
2024-01-01,Muhanga,off,-0.24486931506680448
2024-02-01,Muhanga,off,-1.202392206812642
2024-03-01,Muhanga,A,-1.1520029372495753
2024-04-01,Muhanga,A,1.2724183130583058
2024-05-01,Muhanga,A,-1.4111046733401285
2024-06-01,Muhanga,off,-1.452205289269583
2024-07-01,Muhanga,off,-0.5603436756319269
2024-08-01,Muhanga,off,-1.1379984511949257
2024-09-01,Muhanga,off,-0.27036804889981675
2024-10-01,Muhanga,B,0.2942062291739927
2024-11-01,Muhanga,B,3.7762897205562065
2024-12-01,Muhanga,B,-0.4451698280501612
2025-01-01,Muhanga,off,-0.1228345781778421
2025-02-01,Muhanga,off,-0.9447594503520474
2025-03-01,Muhanga,A,-1.3144022317573385
2025-04-01,Muhanga,A,1.441777579078757
2025-05-01,Muhanga,A,0.10312948304928074
2025-06-01,Muhanga,off,2.3825588819490515
2025-07-01,Muhanga,off,0.1497148168787671
2025-08-01,Muhanga,off,0.810382871220929
2025-09-01,Muhanga,off,-1.0498800082208364
2025-10-01,Muhanga,B,0.2710560450737822
2025-11-01,Muhanga,B,-0.42524299155407763
2025-12-01,Muhanga,B,0.6586016583580202
2026-01-01,Muhanga,off,2.439954655063155
2026-02-01,Muhanga,off,-0.2228589378624415
2026-03-01,Muhanga,A,0.35707293744954066
2026-04-01,Muhanga,A,-0.15200146718978946
2026-05-01,Muhanga,A,-1.8523582928015623
2026-06-01,Muhanga,off,-1.1161605973906945
2026-07-01,Muhanga,off,0.06953524245552546
2026-08-01,Muhanga,off,-1.8682968230157537
2026-09-01,Muhanga,off,-0.23147359444333673
1981-01-01,Musanze,off,-0.009046225128161339
1981-02-01,Musanze,off,-0.809351204036912
1981-03-01,Musanze,A,0.12326772815678716
1981-04-01,Musanze,A,0.5233969210139355
1981-05-01,Musanze,A,0.5374852329187787
1981-06-01,Musanze,off,-0.568028231663155
1981-07-01,Musanze,off,0.8841993404272535
1981-08-01,Musanze,off,1.592418374343644
1981-09-01,Musanze,off,0.07551835359911074
1981-10-01,Musanze,B,-0.6219539413698327
1981-11-01,Musanze,B,-1.065537212956971
1981-12-01,Musanze,B,-0.5306114182841094
1982-01-01,Musanze,off,0.775974237098047
1982-02-01,Musanze,off,-0.4497890081202453
1982-03-01,Musanze,A,-0.9446243725464157
1982-04-01,Musanze,A,1.2407882096251515
1982-05-01,Musanze,A,0.6239626710033395
1982-06-01,Musanze,off,1.9873939243989216
1982-07-01,Musanze,off,-0.7196215417311288
1982-08-01,Musanze,off,-0.6722227048703198
1982-09-01,Musanze,off,0.10815300655467668
1982-10-01,Musanze,B,-1.1192555691135344
1982-11-01,Musanze,B,-0.44676174974882077
1982-12-01,Musanze,B,-0.5708228609095768
1983-01-01,Musanze,off,-1.6634404288326725
1983-02-01,Musanze,off,-0.310646306691622
1983-03-01,Musanze,A,0.18417871171150943
1983-04-01,Musanze,A,0.7506535487364183
1983-05-01,Musanze,A,-0.6977856345341695
1983-06-01,Musanze,off,-0.1775616829626131
1983-07-01,Musanze,off,1.7762254587439115
1983-08-01,Musanze,off,1.7111510189736898
1983-09-01,Musanze,off,0.47627449139189476
1983-10-01,Musanze,B,0.33892604299365137
1983-11-01,Musanze,B,-0.06906769130673084
1983-12-01,Musanze,B,-0.8521774235315561
1984-01-01,Musanze,off,-0.4891393969631759
1984-02-01,Musanze,off,-0.10316999981191224
1984-03-01,Musanze,A,-0.31449623028800544
1984-04-01,Musanze,A,-0.5924848707076689
1984-05-01,Musanze,A,-2.2688423459648512
1984-06-01,Musanze,off,-1.8159764781441528
1984-07-01,Musanze,off,2.390245685249001
1984-08-01,Musanze,off,0.06501211156628009
1984-09-01,Musanze,off,-0.9103404672763844
1984-10-01,Musanze,B,0.05764095511940505
1984-11-01,Musanze,B,0.35995722208233966
1984-12-01,Musanze,B,-0.9623112237483165
1985-01-01,Musanze,off,-0.07293420463075433
1985-02-01,Musanze,off,-1.1472839921583182
1985-03-01,Musanze,A,-0.8618299261795327
1985-04-01,Musanze,A,0.7256276017288041
1985-05-01,Musanze,A,0.2837650061058776
1985-06-01,Musanze,off,0.7670849581635937
1985-07-01,Musanze,off,0.626505061802022
1985-08-01,Musanze,off,-1.556842766957735
1985-09-01,Musanze,off,1.097025106640233
1985-10-01,Musanze,B,-0.005310312299613969
1985-11-01,Musanze,B,0.044933392170651565
1985-12-01,Musanze,B,-0.8794083366236753
1986-01-01,Musanze,off,-0.3719678469070965
1986-02-01,Musanze,off,0.04400921561731869
1986-03-01,Musanze,A,-0.05730185705969879
1986-04-01,Musanze,A,0.24184449671646854
1986-05-01,Musanze,A,0.313349819893223
1986-06-01,Musanze,off,0.5043629334005619
1986-07-01,Musanze,off,-0.9080413523822262
1986-08-01,Musanze,off,-1.7198393914375627
1986-09-01,Musanze,off,-0.5215599714536523
1986-10-01,Musanze,B,-0.05723739893011521
1986-11-01,Musanze,B,0.14753843954308588
1986-12-01,Musanze,B,-0.05808577281929999
1987-01-01,Musanze,off,0.07728381821887305
1987-02-01,Musanze,off,-0.1904290077555009
1987-03-01,Musanze,A,0.44738454538446
1987-04-01,Musanze,A,-0.23032092669269885
1987-05-01,Musanze,A,1.856936348403625
1987-06-01,Musanze,off,0.6723330716090516
1987-07-01,Musanze,off,-0.3371320053684611
1987-08-01,Musanze,off,-0.5429662540287946
1987-09-01,Musanze,off,0.42051399871109374
1987-10-01,Musanze,B,-0.07126358657568699
1987-11-01,Musanze,B,0.3353984701964844
1987-12-01,Musanze,B,-1.1333857944419437
1988-01-01,Musanze,off,-0.15582649309691046
1988-02-01,Musanze,off,0.5074047724463155
1988-03-01,Musanze,A,0.6581966025760412
1988-04-01,Musanze,A,0.5889852694029624
1988-05-01,Musanze,A,1.7573049164761838
1988-06-01,Musanze,off,-1.6932813307507486
1988-07-01,Musanze,off,1.9902667022100649
1988-08-01,Musanze,off,2.328361971014217
1988-09-01,Musanze,off,1.0072038820305556
1988-10-01,Musanze,B,0.314208178897667
1988-11-01,Musanze,B,-0.9186173097679755
1988-12-01,Musanze,B,-1.0832693821458337
1989-01-01,Musanze,off,-1.2962466935358132
1989-02-01,Musanze,off,-1.006510216137103
1989-03-01,Musanze,A,0.2850207967581252
1989-04-01,Musanze,A,-0.6304933683322017
1989-05-01,Musanze,A,-0.17726443931465552
1989-06-01,Musanze,off,-0.092889794321961
1989-07-01,Musanze,off,0.8351474737505427
1989-08-01,Musanze,off,-0.25997492650155235
1989-09-01,Musanze,off,-0.09042771753468215
1989-10-01,Musanze,B,-0.1341401942051959
1989-11-01,Musanze,B,-0.6465415658781216
1989-12-01,Musanze,B,0.29758820718547924
1990-01-01,Musanze,off,-0.3206366551128547
1990-02-01,Musanze,off,1.9256939242546347
1990-03-01,Musanze,A,-0.5623674532784905
1990-04-01,Musanze,A,1.2622284175316538
1990-05-01,Musanze,A,-0.044317778599844364
1990-06-01,Musanze,off,-1.8018492122595433
1990-07-01,Musanze,off,-0.9677326120022253
1990-08-01,Musanze,off,-0.15664482742850494
1990-09-01,Musanze,off,0.9113833595684367
1990-10-01,Musanze,B,-0.49690130826391643
1990-11-01,Musanze,B,-0.3979755232287621
1990-12-01,Musanze,B,0.5565433893231809
1991-01-01,Musanze,off,0.080987550103667
1991-02-01,Musanze,off,-0.14594118087004124
1991-03-01,Musanze,A,-0.8916271702864369
1991-04-01,Musanze,A,-0.4531495407663732
1991-05-01,Musanze,A,0.9026405249810197
1991-06-01,Musanze,off,0.5119548571367234
1991-07-01,Musanze,off,0.37692644425364463
1991-08-01,Musanze,off,-1.8999864498852466
1991-09-01,Musanze,off,-0.867365517685427
1991-10-01,Musanze,B,0.092164310671489
1991-11-01,Musanze,B,-0.5099043825032803
1991-12-01,Musanze,B,-0.8316436836366277
1992-01-01,Musanze,off,-0.5563533461767906
1992-02-01,Musanze,off,-0.8527259432065045
1992-03-01,Musanze,A,-0.744740903702577
1992-04-01,Musanze,A,-0.15541144914942215
1992-05-01,Musanze,A,-0.8355509675095798
1992-06-01,Musanze,off,1.3848522495476459
1992-07-01,Musanze,off,-0.11156428169525427
1992-08-01,Musanze,off,-1.7785703957564454
1992-09-01,Musanze,off,1.6659293943890712
1992-10-01,Musanze,B,0.3387664014521113
1992-11-01,Musanze,B,-0.7457850099113457
1992-12-01,Musanze,B,0.8507519231501727
1993-01-01,Musanze,off,0.9767107836624752
1993-02-01,Musanze,off,0.2285532857354729
1993-03-01,Musanze,A,-0.5456322437120139
1993-04-01,Musanze,A,-0.7270857642643159
1993-05-01,Musanze,A,0.17042487710730536
1993-06-01,Musanze,off,0.6565060624114941
1993-07-01,Musanze,off,-1.167660243928128
1993-08-01,Musanze,off,0.5738909992417423
1993-09-01,Musanze,off,-1.6417531193991728
1993-10-01,Musanze,B,-1.1378305181209865
1993-11-01,Musanze,B,0.19070302211213663
1993-12-01,Musanze,B,-0.3845635284439175
1994-01-01,Musanze,off,-0.13466339018421852
1994-02-01,Musanze,off,-0.8156881551784614
1994-03-01,Musanze,A,0.291353826035127
1994-04-01,Musanze,A,0.2588413884842718
1994-05-01,Musanze,A,-0.5662027480795074
1994-06-01,Musanze,off,-0.7961671225154048
1994-07-01,Musanze,off,-0.4182576141586597
1994-08-01,Musanze,off,0.5263477992687632
1994-09-01,Musanze,off,0.5073976144420038
1994-10-01,Musanze,B,-0.11029097498539715
1994-11-01,Musanze,B,0.060816414255730415
1994-12-01,Musanze,B,0.4708968451609732
1995-01-01,Musanze,off,-0.8694514804444664
1995-02-01,Musanze,off,-0.3767665729976968
1995-03-01,Musanze,A,-0.3651840438123435
1995-04-01,Musanze,A,-0.1478640854938844
1995-05-01,Musanze,A,1.2438224816377745
1995-06-01,Musanze,off,2.933649973620636
1995-07-01,Musanze,off,0.29930540640474
1995-08-01,Musanze,off,-2.3160196215392577
1995-09-01,Musanze,off,-0.9702132514796774
1995-10-01,Musanze,B,1.4064983673731397
1995-11-01,Musanze,B,0.15879769159925367
1995-12-01,Musanze,B,-0.6975297749783667
1996-01-01,Musanze,off,-0.6598867686630701
1996-02-01,Musanze,off,0.10750974858736562
1996-03-01,Musanze,A,-0.4071239339495606
1996-04-01,Musanze,A,-0.4429040425746402
1996-05-01,Musanze,A,-0.5161377049908114
1996-06-01,Musanze,off,1.6718791997545595
1996-07-01,Musanze,off,2.6251301951528334
1996-08-01,Musanze,off,0.658011408763646
1996-09-01,Musanze,off,0.08206370492333705
1996-10-01,Musanze,B,-0.352140235114828
1996-11-01,Musanze,B,0.4870812132124476
1996-12-01,Musanze,B,-0.18665669136216795
1997-01-01,Musanze,off,1.781573943626174
1997-02-01,Musanze,off,-2.1789959781131385
1997-03-01,Musanze,A,-0.6638471300402634
1997-04-01,Musanze,A,-0.15335583873471675
1997-05-01,Musanze,A,-0.5410718490893449
1997-06-01,Musanze,off,-0.3562713058721621
1997-07-01,Musanze,off,0.4842737717398205
1997-08-01,Musanze,off,-0.12841463287394536
1997-09-01,Musanze,off,0.5051662419382319
1997-10-01,Musanze,B,0.513948331261899
1997-11-01,Musanze,B,0.5297363142981331
1997-12-01,Musanze,B,0.7847099377416699
1998-01-01,Musanze,off,2.669766716043828
1998-02-01,Musanze,off,1.385476018494813
1998-03-01,Musanze,A,-0.49354318166965755
1998-04-01,Musanze,A,0.045737013495064
1998-05-01,Musanze,A,0.8553100681143426
1998-06-01,Musanze,off,0.8967836653992513
1998-07-01,Musanze,off,0.2306501599397393
1998-08-01,Musanze,off,-0.6281798291570857
1998-09-01,Musanze,off,-0.5555460917140551
1998-10-01,Musanze,B,0.142962032645226
1998-11-01,Musanze,B,-0.27951211580291274
1998-12-01,Musanze,B,-0.24863409725674868
1999-01-01,Musanze,off,0.8145975050357556
1999-02-01,Musanze,off,-1.9227298596960847
1999-03-01,Musanze,A,1.1878596399947494
1999-04-01,Musanze,A,-0.0809425317337098
1999-05-01,Musanze,A,-1.338214758540423
1999-06-01,Musanze,off,-0.7652374219750839
1999-07-01,Musanze,off,-0.7561891872238727
1999-08-01,Musanze,off,2.545400421263945
1999-09-01,Musanze,off,0.34032654563559006
1999-10-01,Musanze,B,-1.2306644805790545
1999-11-01,Musanze,B,0.5760841997326044
1999-12-01,Musanze,B,-0.052382142650840596
2000-01-01,Musanze,off,-0.8834368133292944
2000-02-01,Musanze,off,-1.3813165311254214
2000-03-01,Musanze,A,-1.0982145131819232
2000-04-01,Musanze,A,-0.6023565165599197
2000-05-01,Musanze,A,-0.8045917687733395
2000-06-01,Musanze,off,-0.6657808378370009
2000-07-01,Musanze,off,0.20046948740691184
2000-08-01,Musanze,off,-0.9069547673277015
2000-09-01,Musanze,off,-1.3612584797153524
2000-10-01,Musanze,B,0.3775780030999039
2000-11-01,Musanze,B,0.6506334913110169
2000-12-01,Musanze,B,-0.21438029169560413
2001-01-01,Musanze,off,-0.6440478735692771
2001-02-01,Musanze,off,-0.5638584836220181
2001-03-01,Musanze,A,0.7867711542572314
2001-04-01,Musanze,A,0.025671563475495773
2001-05-01,Musanze,A,-0.4375541140612555
2001-06-01,Musanze,off,-0.41930697759076396
2001-07-01,Musanze,off,1.0297118957567426
2001-08-01,Musanze,off,0.6903149408609305
2001-09-01,Musanze,off,-0.1356546354334146
2001-10-01,Musanze,B,-0.5084230966698251
2001-11-01,Musanze,B,1.0586280677295545
2001-12-01,Musanze,B,-0.4424520537006954
2002-01-01,Musanze,off,0.5008915058237695
2002-02-01,Musanze,off,-0.27640193285380615
2002-03-01,Musanze,A,-0.7771822905417256
2002-04-01,Musanze,A,-0.6439075285637298
2002-05-01,Musanze,A,1.548032612178488
2002-06-01,Musanze,off,-1.649299737178631
2002-07-01,Musanze,off,0.12869953461529107
2002-08-01,Musanze,off,-0.972173895027094
2002-09-01,Musanze,off,-1.0847865422126644
2002-10-01,Musanze,B,0.3310086766816231
2002-11-01,Musanze,B,-0.4436333890778403
2002-12-01,Musanze,B,0.6529609134054198
2003-01-01,Musanze,off,-0.1233176044725639
2003-02-01,Musanze,off,-0.9704923775570583
2003-03-01,Musanze,A,-0.9938932169807174
2003-04-01,Musanze,A,0.7216853579221878
2003-05-01,Musanze,A,0.6505257723688197
2003-06-01,Musanze,off,-0.02451374611589733
2003-07-01,Musanze,off,0.06541948020830472
2003-08-01,Musanze,off,0.4945863506576758
2003-09-01,Musanze,off,0.9584757977539254
2003-10-01,Musanze,B,0.3326368038606754
2003-11-01,Musanze,B,-0.6281058069713209
2003-12-01,Musanze,B,-1.1130605509717668
2004-01-01,Musanze,off,0.9659616867841966
2004-02-01,Musanze,off,1.0801616304485933
2004-03-01,Musanze,A,-0.31043866441528384
2004-04-01,Musanze,A,0.5776220398152531
2004-05-01,Musanze,A,-0.40602214264722114
2004-06-01,Musanze,off,-1.8727683129285542
2004-07-01,Musanze,off,-0.02777634042067698
2004-08-01,Musanze,off,-1.2162208910551624
2004-09-01,Musanze,off,0.2947340281552883
2004-10-01,Musanze,B,-0.8304703122911702
2004-11-01,Musanze,B,-0.5094850798439833
2004-12-01,Musanze,B,-0.34545399742338384
2005-01-01,Musanze,off,-0.060411667070766006
2005-02-01,Musanze,off,-0.2653733971114037
2005-03-01,Musanze,A,0.07202641443013026
2005-04-01,Musanze,A,-0.5920172785873508
2005-05-01,Musanze,A,-0.6820307347111408
2005-06-01,Musanze,off,-0.8479854195106264
2005-07-01,Musanze,off,-0.7960670788786712
2005-08-01,Musanze,off,0.7948432176742108
2005-09-01,Musanze,off,-0.5547138022816177
2005-10-01,Musanze,B,-0.44070311865727585
2005-11-01,Musanze,B,-1.605400599004081
2005-12-01,Musanze,B,-1.5114763942926464
2006-01-01,Musanze,off,0.16518263144533965
2006-02-01,Musanze,off,0.8225155811330863
2006-03-01,Musanze,A,-0.09918586664224795
2006-04-01,Musanze,A,0.510650596569566
2006-05-01,Musanze,A,0.5089983848112994
2006-06-01,Musanze,off,-1.4004676694043208
2006-07-01,Musanze,off,0.9046648086003851
2006-08-01,Musanze,off,4.311605335065922
2006-09-01,Musanze,off,-1.1317692644329032
2006-10-01,Musanze,B,-1.0219878666032083
2006-11-01,Musanze,B,0.5240438843011253
2006-12-01,Musanze,B,0.8306163968699051
2007-01-01,Musanze,off,0.3026871604283565
2007-02-01,Musanze,off,0.9543300500801867
2007-03-01,Musanze,A,-0.8497430644618134
2007-04-01,Musanze,A,-0.2695274216035735
2007-05-01,Musanze,A,2.899407885532095
2007-06-01,Musanze,off,1.2660207161857626
2007-07-01,Musanze,off,1.922411107083892
2007-08-01,Musanze,off,-0.8786449204260023
2007-09-01,Musanze,off,0.49961656299864127
2007-10-01,Musanze,B,-0.6554974202678038
2007-11-01,Musanze,B,-0.3265201617190781
2007-12-01,Musanze,B,-0.9706996589256155
2008-01-01,Musanze,off,-0.6021715753829702
2008-02-01,Musanze,off,-0.6494612376402019
2008-03-01,Musanze,A,-0.5624536380564562
2008-04-01,Musanze,A,-0.7932739052936304
2008-05-01,Musanze,A,-0.37915444714532087
2008-06-01,Musanze,off,2.724811648898641
2008-07-01,Musanze,off,-0.08498408533123929
2008-08-01,Musanze,off,0.8198823979671075
2008-09-01,Musanze,off,-0.7898485897009164
2008-10-01,Musanze,B,-0.3229698156409656
2008-11-01,Musanze,B,-1.053433448724868
2008-12-01,Musanze,B,-0.5236569659605126
2009-01-01,Musanze,off,-0.5199495287558416
2009-02-01,Musanze,off,1.046951666430512
2009-03-01,Musanze,A,-0.14176937565455633
2009-04-01,Musanze,A,-0.6894332179533567
2009-05-01,Musanze,A,-0.40640743576334293
2009-06-01,Musanze,off,-1.0887109692051868
2009-07-01,Musanze,off,-0.8454874564597135
2009-08-01,Musanze,off,-0.519547946668563
2009-09-01,Musanze,off,-0.5777098595690123
2009-10-01,Musanze,B,0.201789567765113
2009-11-01,Musanze,B,0.12019625858226125
2009-12-01,Musanze,B,-0.2059742682791407
2010-01-01,Musanze,off,0.9510818319353267
2010-02-01,Musanze,off,5.247805458922703
2010-03-01,Musanze,A,0.8022673794437698
2010-04-01,Musanze,A,0.009283402830675613
2010-05-01,Musanze,A,-0.2622263173568787
2010-06-01,Musanze,off,0.9831446986943653
2010-07-01,Musanze,off,-0.9716987960249429
2010-08-01,Musanze,off,-2.1329259916695933
2010-09-01,Musanze,off,-0.02943477182302511
2010-10-01,Musanze,B,1.0258611300422045
2010-11-01,Musanze,B,-0.476542211643935
2010-12-01,Musanze,B,1.2077436135520598
2011-01-01,Musanze,off,0.377947692969652
2011-02-01,Musanze,off,0.3419463117843949
2011-03-01,Musanze,A,0.7353512513305619
2011-04-01,Musanze,A,-0.6769807927448456
2011-05-01,Musanze,A,-0.3551036488998947
2011-06-01,Musanze,off,2.9729807411105695
2011-07-01,Musanze,off,0.8352823810788653
2011-08-01,Musanze,off,1.8637403021827834
2011-09-01,Musanze,off,1.2396645834020952
2011-10-01,Musanze,B,0.10686677934628035
2011-11-01,Musanze,B,0.2682413038069896
2011-12-01,Musanze,B,-0.1920676493812226
2012-01-01,Musanze,off,-0.9111674633947084
2012-02-01,Musanze,off,-1.0997053029202644
2012-03-01,Musanze,A,-0.6597121975696786
2012-04-01,Musanze,A,0.7578273126879203
2012-05-01,Musanze,A,1.4655334244667702
2012-06-01,Musanze,off,0.29035020164906183
2012-07-01,Musanze,off,-0.19603631163736576
2012-08-01,Musanze,off,0.6422838055990772
2012-09-01,Musanze,off,0.13311182471513192
2012-10-01,Musanze,B,0.6206959503196037
2012-11-01,Musanze,B,-0.3331759748846322
2012-12-01,Musanze,B,0.6360129487023826
2013-01-01,Musanze,off,-0.2222593416316118
2013-02-01,Musanze,off,-0.5276950428130914
2013-03-01,Musanze,A,1.5958092232433272
2013-04-01,Musanze,A,0.15248234680349257
2013-05-01,Musanze,A,-0.3141243509110556
2013-06-01,Musanze,off,-1.3071947709037
2013-07-01,Musanze,off,-1.0239031801334038
2013-08-01,Musanze,off,-0.7865980376857431
2013-09-01,Musanze,off,0.11325359591282513
2013-10-01,Musanze,B,-0.9488682269851326
2013-11-01,Musanze,B,0.23114809237413225
2013-12-01,Musanze,B,1.421636572041496
2014-01-01,Musanze,off,-0.6578387373117532
2014-02-01,Musanze,off,0.983025346491379
2014-03-01,Musanze,A,0.48880256287118284
2014-04-01,Musanze,A,-0.0865757969152465
2014-05-01,Musanze,A,-1.6025575239032672
2014-06-01,Musanze,off,-0.2595056020238879
2014-07-01,Musanze,off,-0.6465279476245407
2014-08-01,Musanze,off,-0.022794032572432888
2014-09-01,Musanze,off,-0.043815443090530544
2014-10-01,Musanze,B,-0.10150746609112618
2014-11-01,Musanze,B,-0.01542398290941803
2014-12-01,Musanze,B,-0.6126703586550061
2015-01-01,Musanze,off,-1.735856779489294
2015-02-01,Musanze,off,-0.010573683096993974
2015-03-01,Musanze,A,0.18077900854094628
2015-04-01,Musanze,A,-0.05869533403017824
2015-05-01,Musanze,A,-0.03802950188761448
2015-06-01,Musanze,off,-0.07263495192948537
2015-07-01,Musanze,off,-0.5910662144043753
2015-08-01,Musanze,off,-0.024561229549541517
2015-09-01,Musanze,off,0.22037932602182064
2015-10-01,Musanze,B,0.29234722470074537
2015-11-01,Musanze,B,0.5852283397113341
2015-12-01,Musanze,B,0.799545605447957
2016-01-01,Musanze,off,0.7143718985991425
2016-02-01,Musanze,off,-1.8447611232915193
2016-03-01,Musanze,A,1.1245485956396835
2016-04-01,Musanze,A,0.973009193163846
2016-05-01,Musanze,A,-0.1409402742408457
2016-06-01,Musanze,off,-1.1747139098005641
2016-07-01,Musanze,off,-0.627618497255932
2016-08-01,Musanze,off,-1.0821102786879624
2016-09-01,Musanze,off,0.4359426499308774
2016-10-01,Musanze,B,1.8842383482982277
2016-11-01,Musanze,B,0.9802276374985647
2016-12-01,Musanze,B,-0.7439079646361351
2017-01-01,Musanze,off,-0.35000036476365265
2017-02-01,Musanze,off,-0.45873346985432595
2017-03-01,Musanze,A,-0.481507328251572
2017-04-01,Musanze,A,-0.6360883772890136
2017-05-01,Musanze,A,-1.216635886881613
2017-06-01,Musanze,off,-1.5275648571166025
2017-07-01,Musanze,off,-0.4224009678107881
2017-08-01,Musanze,off,0.9022943061472588
2017-09-01,Musanze,off,0.7049218411554652
2017-10-01,Musanze,B,0.7119346402368983
2017-11-01,Musanze,B,0.6313855575654088
2017-12-01,Musanze,B,-1.1492685759218362
2018-01-01,Musanze,off,-0.4376159135035233
2018-02-01,Musanze,off,0.5402149589160211
2018-03-01,Musanze,A,2.4140297485841735
2018-04-01,Musanze,A,1.8614727185983757
2018-05-01,Musanze,A,0.13589249886071111
2018-06-01,Musanze,off,-0.8536159297627726
2018-07-01,Musanze,off,-0.9666683069880125
2018-08-01,Musanze,off,0.20357167023355274
2018-09-01,Musanze,off,0.5383810300903116
2018-10-01,Musanze,B,-0.7704484731745613
2018-11-01,Musanze,B,0.2349417143567698
2018-12-01,Musanze,B,1.2339241045492535
2019-01-01,Musanze,off,0.4547096860893309
2019-02-01,Musanze,off,-0.7285065980445515
2019-03-01,Musanze,A,-1.3021279986045766
2019-04-01,Musanze,A,-0.15470515262313098
2019-05-01,Musanze,A,1.2132448105464797
2019-06-01,Musanze,off,0.6422752520846811
2019-07-01,Musanze,off,0.4401043136377331
2019-08-01,Musanze,off,-1.426516898241774
2019-09-01,Musanze,off,0.07262003554737287
2019-10-01,Musanze,B,-0.21483383247300536
2019-11-01,Musanze,B,0.4043606566984768
2019-12-01,Musanze,B,0.32070350840352674
2020-01-01,Musanze,off,0.2600017791798939
2020-02-01,Musanze,off,-0.4875021869383164
2020-03-01,Musanze,A,-0.13377183969423528
2020-04-01,Musanze,A,0.6791994263434462
2020-05-01,Musanze,A,-0.5556155424012683
2020-06-01,Musanze,off,1.1256146330112433
2020-07-01,Musanze,off,-0.7920187281846102
2020-08-01,Musanze,off,-1.472019020353339
2020-09-01,Musanze,off,-0.18979177694812355
2020-10-01,Musanze,B,0.4563201408174004
2020-11-01,Musanze,B,-0.12897995882120314
2020-12-01,Musanze,B,0.775671146744046
2021-01-01,Musanze,off,1.875494467078248
2021-02-01,Musanze,off,1.4950271691908554
2021-03-01,Musanze,A,-0.4157115421006168
2021-04-01,Musanze,A,-0.9958215953725634
2021-05-01,Musanze,A,-0.4482811233833717
2021-06-01,Musanze,off,-1.4319626357406017
2021-07-01,Musanze,off,1.6901002786833035
2021-08-01,Musanze,off,-0.06994391524630501
2021-09-01,Musanze,off,0.10477050665497979
2021-10-01,Musanze,B,-0.44540208983736757
2021-11-01,Musanze,B,-0.8782644995649159
2021-12-01,Musanze,B,0.5424137294169612
2022-01-01,Musanze,off,0.45869533507167176
2022-02-01,Musanze,off,2.800349202221931
2022-03-01,Musanze,A,-0.5572695105773978
2022-04-01,Musanze,A,-0.8027740206464525
2022-05-01,Musanze,A,1.3765719664018798
2022-06-01,Musanze,off,-0.7502615776868806
2022-07-01,Musanze,off,-0.6233905829108503
2022-08-01,Musanze,off,2.5280938104692408
2022-09-01,Musanze,off,0.17274431110950098
2022-10-01,Musanze,B,-0.159991669639495
2022-11-01,Musanze,B,0.4993483122757107
2022-12-01,Musanze,B,0.7739815449397288
2023-01-01,Musanze,off,0.4703756943260402
2023-02-01,Musanze,off,-1.9653250861809974
2023-03-01,Musanze,A,0.5528134074124914
2023-04-01,Musanze,A,1.3758579464490892
2023-05-01,Musanze,A,2.6644832667435967
2023-06-01,Musanze,off,-0.7210492568197112
2023-07-01,Musanze,off,-0.7928114500940535
2023-08-01,Musanze,off,-2.128673018294291
2023-09-01,Musanze,off,0.48571547802002446
2023-10-01,Musanze,B,-0.917712441780895
2023-11-01,Musanze,B,0.5213225193341297
2023-12-01,Musanze,B,0.435393480621925
2024-01-01,Musanze,off,-0.28563323206150887
2024-02-01,Musanze,off,-1.5824522296647399
2024-03-01,Musanze,A,-1.1497390793649165
2024-04-01,Musanze,A,0.7221062245152008
2024-05-01,Musanze,A,-0.7931260534062498
2024-06-01,Musanze,off,-1.5417269866928007
2024-07-01,Musanze,off,-0.4818501304916792
2024-08-01,Musanze,off,-1.229375498441268
2024-09-01,Musanze,off,0.47456342760490083
2024-10-01,Musanze,B,0.1857883604122033
2024-11-01,Musanze,B,4.11136664875433
2024-12-01,Musanze,B,-0.20546218825975454
2025-01-01,Musanze,off,0.10406656805952069
2025-02-01,Musanze,off,-0.75914650166745
2025-03-01,Musanze,A,-1.3988152651619057
2025-04-01,Musanze,A,1.4459966441942282
2025-05-01,Musanze,A,0.9977382814918031
2025-06-01,Musanze,off,2.525195841295023
2025-07-01,Musanze,off,1.0431000104767831
2025-08-01,Musanze,off,0.9353913180603265
2025-09-01,Musanze,off,-1.0636028194354503
2025-10-01,Musanze,B,0.4548491408556865
2025-11-01,Musanze,B,-0.4453132102813086
2025-12-01,Musanze,B,0.8568726785009874
2026-01-01,Musanze,off,2.296584943217276
2026-02-01,Musanze,off,-0.0853550383782192
2026-03-01,Musanze,A,0.1328991297298681
2026-04-01,Musanze,A,0.05564778175071231
2026-05-01,Musanze,A,-1.9144264303313352
2026-06-01,Musanze,off,-1.2021117427411294
2026-07-01,Musanze,off,1.7378584353303035
2026-08-01,Musanze,off,-1.530969612996092
2026-09-01,Musanze,off,-0.19713515552616526
1981-01-01,Ngoma,off,-0.5729875700281932
1981-02-01,Ngoma,off,-0.18500481872392413
1981-03-01,Ngoma,A,0.8881094806277675
1981-04-01,Ngoma,A,0.4795011205854679
1981-05-01,Ngoma,A,0.3495438576496342
1981-06-01,Ngoma,off,-0.21387788322685358
1981-07-01,Ngoma,off,-0.12028188096206577
1981-08-01,Ngoma,off,1.1768482273523557
1981-09-01,Ngoma,off,1.2672710850838669
1981-10-01,Ngoma,B,-0.45437378952438895
1981-11-01,Ngoma,B,-1.0948283053997614
1981-12-01,Ngoma,B,0.1961871592943619
1982-01-01,Ngoma,off,0.29998895117203755
1982-02-01,Ngoma,off,-0.8013739867754751
1982-03-01,Ngoma,A,-0.6782186924077375
1982-04-01,Ngoma,A,0.670726263436292
1982-05-01,Ngoma,A,1.430039618587217
1982-06-01,Ngoma,off,-0.1671072866041145
1982-07-01,Ngoma,off,-0.2542610285674729
1982-08-01,Ngoma,off,-1.27570593733963
1982-09-01,Ngoma,off,0.2035451563160753
1982-10-01,Ngoma,B,-0.394575806957296
1982-11-01,Ngoma,B,0.40819292876764823
1982-12-01,Ngoma,B,0.43240825393353477
1983-01-01,Ngoma,off,-1.6241992163288894
1983-02-01,Ngoma,off,-0.4974452734849888
1983-03-01,Ngoma,A,-0.18106835207230476
1983-04-01,Ngoma,A,0.26267347656502243
1983-05-01,Ngoma,A,-0.7303913570301825
1983-06-01,Ngoma,off,-0.5619333204529097
1983-07-01,Ngoma,off,-0.29399419380646397
1983-08-01,Ngoma,off,0.6665813240547815
1983-09-01,Ngoma,off,0.31560345124085964
1983-10-01,Ngoma,B,-0.0538851142743933
1983-11-01,Ngoma,B,-0.32130379455260033
1983-12-01,Ngoma,B,-0.15555618363780851
1984-01-01,Ngoma,off,-0.3966860417550728
1984-02-01,Ngoma,off,0.09992260569132447
1984-03-01,Ngoma,A,-0.7781231952842312
1984-04-01,Ngoma,A,-0.6087309071614092
1984-05-01,Ngoma,A,-2.144113814503217
1984-06-01,Ngoma,off,-0.8952598055926356
1984-07-01,Ngoma,off,1.512964147194538
1984-08-01,Ngoma,off,-0.37315230964593454
1984-09-01,Ngoma,off,-1.2755018773486742
1984-10-01,Ngoma,B,-0.4969055534871706
1984-11-01,Ngoma,B,1.1423347952733247
1984-12-01,Ngoma,B,-1.5179961239924242
1985-01-01,Ngoma,off,0.17460836392466592
1985-02-01,Ngoma,off,1.13897786833515
1985-03-01,Ngoma,A,-0.31734038451087054
1985-04-01,Ngoma,A,2.2152790991108113
1985-05-01,Ngoma,A,-0.9990968176644024
1985-06-01,Ngoma,off,-0.15456520855129405
1985-07-01,Ngoma,off,-0.1692831871598504
1985-08-01,Ngoma,off,-0.9988178928724168
1985-09-01,Ngoma,off,0.7937798780259285
1985-10-01,Ngoma,B,-0.18063746796096686
1985-11-01,Ngoma,B,0.6123749821529055
1985-12-01,Ngoma,B,0.47518075732042964
1986-01-01,Ngoma,off,-0.2951042778224814
1986-02-01,Ngoma,off,0.4004884967178113
1986-03-01,Ngoma,A,-0.9579552999443521
1986-04-01,Ngoma,A,1.0959533135029058
1986-05-01,Ngoma,A,-0.19203991532516543
1986-06-01,Ngoma,off,-0.6798286183363841
1986-07-01,Ngoma,off,-0.35844942540627445
1986-08-01,Ngoma,off,-0.9660664277587728
1986-09-01,Ngoma,off,-0.7735142178798096
1986-10-01,Ngoma,B,-0.6613223500479025
1986-11-01,Ngoma,B,0.7584537315046558
1986-12-01,Ngoma,B,0.40508115399252187
1987-01-01,Ngoma,off,1.019035830064129
1987-02-01,Ngoma,off,-0.3390760422431803
1987-03-01,Ngoma,A,0.25005955725451656
1987-04-01,Ngoma,A,-0.0989050909747209
1987-05-01,Ngoma,A,0.3531232309909937
1987-06-01,Ngoma,off,0.05649290772486203
1987-07-01,Ngoma,off,-0.22847615753636674
1987-08-01,Ngoma,off,-0.9354267033776215
1987-09-01,Ngoma,off,1.8421324197142128
1987-10-01,Ngoma,B,-0.39923358131607667
1987-11-01,Ngoma,B,1.2800559805172296
1987-12-01,Ngoma,B,-1.9184428315268889
1988-01-01,Ngoma,off,0.21405303176340035
1988-02-01,Ngoma,off,-0.7980854689647037
1988-03-01,Ngoma,A,-0.04549310045068204
1988-04-01,Ngoma,A,1.1381687961536173
1988-05-01,Ngoma,A,-0.5838211943306464
1988-06-01,Ngoma,off,-0.7721818158736451
1988-07-01,Ngoma,off,0.7921178514256774
1988-08-01,Ngoma,off,2.2362545516594223
1988-09-01,Ngoma,off,1.012176297433367
1988-10-01,Ngoma,B,0.06666678086090365
1988-11-01,Ngoma,B,-0.586354211544468
1988-12-01,Ngoma,B,-0.6087209259661991
1989-01-01,Ngoma,off,0.3791910776617308
1989-02-01,Ngoma,off,-0.6088138036142566
1989-03-01,Ngoma,A,0.05501055431230062
1989-04-01,Ngoma,A,-0.18643036687813322
1989-05-01,Ngoma,A,-0.6679972247303271
1989-06-01,Ngoma,off,-0.006909150182495049
1989-07-01,Ngoma,off,0.1317424225419133
1989-08-01,Ngoma,off,0.8624387571133423
1989-09-01,Ngoma,off,0.9002030469613349
1989-10-01,Ngoma,B,-0.5636438288118812
1989-11-01,Ngoma,B,-0.5431237755909127
1989-12-01,Ngoma,B,1.7137092139495171
1990-01-01,Ngoma,off,0.6699448117317961
1990-02-01,Ngoma,off,2.6416316310840635
1990-03-01,Ngoma,A,0.6333117240075803
1990-04-01,Ngoma,A,-0.31553134833017976
1990-05-01,Ngoma,A,-1.286479020731723
1990-06-01,Ngoma,off,-0.9725524185365253
1990-07-01,Ngoma,off,-0.07506343607488157
1990-08-01,Ngoma,off,-0.9225899057291679
1990-09-01,Ngoma,off,1.5604165003088002
1990-10-01,Ngoma,B,-1.0576973486541332
1990-11-01,Ngoma,B,-0.6285629349998276
1990-12-01,Ngoma,B,0.09261841373244363
1991-01-01,Ngoma,off,-0.41004175648922275
1991-02-01,Ngoma,off,0.20917518080567798
1991-03-01,Ngoma,A,-0.44399891496247335
1991-04-01,Ngoma,A,-0.46820555473743997
1991-05-01,Ngoma,A,3.6322126063110955
1991-06-01,Ngoma,off,0.9681438169936197
1991-07-01,Ngoma,off,0.3794057609130856
1991-08-01,Ngoma,off,-1.2367585081310313
1991-09-01,Ngoma,off,-1.4365622022538198
1991-10-01,Ngoma,B,0.608459656956872
1991-11-01,Ngoma,B,-0.671883411840696
1991-12-01,Ngoma,B,-0.2871438602187723
1992-01-01,Ngoma,off,-1.1524959156699701
1992-02-01,Ngoma,off,-0.1341302581526414
1992-03-01,Ngoma,A,-1.2032700689196159
1992-04-01,Ngoma,A,-0.050800096106775085
1992-05-01,Ngoma,A,0.5981456501748664
1992-06-01,Ngoma,off,0.23182866488861267
1992-07-01,Ngoma,off,-0.21560229521564359
1992-08-01,Ngoma,off,-1.1191459991045887
1992-09-01,Ngoma,off,1.3506800226914581
1992-10-01,Ngoma,B,0.10128602528307055
1992-11-01,Ngoma,B,-0.32522424459623417
1992-12-01,Ngoma,B,0.6351406875569544
1993-01-01,Ngoma,off,2.331906738506991
1993-02-01,Ngoma,off,0.1927559512507832
1993-03-01,Ngoma,A,-0.41298106088068937
1993-04-01,Ngoma,A,-0.4594473536256117
1993-05-01,Ngoma,A,0.2749345168476898
1993-06-01,Ngoma,off,-0.375195594555374
1993-07-01,Ngoma,off,-0.37953560501519484
1993-08-01,Ngoma,off,2.367947375170508
1993-09-01,Ngoma,off,-1.7979842926700633
1993-10-01,Ngoma,B,-1.7569594323578857
1993-11-01,Ngoma,B,-0.11776021079121973
1993-12-01,Ngoma,B,-0.7377152895751444
1994-01-01,Ngoma,off,0.17059717255896734
1994-02-01,Ngoma,off,0.17447232782199937
1994-03-01,Ngoma,A,1.3841961640972986
1994-04-01,Ngoma,A,-0.40908373685777016
1994-05-01,Ngoma,A,1.7309612137283719
1994-06-01,Ngoma,off,-0.3438660236613194
1994-07-01,Ngoma,off,0.27836507115216585
1994-08-01,Ngoma,off,-0.021984210427398627
1994-09-01,Ngoma,off,-0.8038859325771875
1994-10-01,Ngoma,B,-0.6789698152874902
1994-11-01,Ngoma,B,0.7099992430435049
1994-12-01,Ngoma,B,0.6086135424717902
1995-01-01,Ngoma,off,0.1622573294503347
1995-02-01,Ngoma,off,-0.2941535427124455
1995-03-01,Ngoma,A,-0.6112781782224253
1995-04-01,Ngoma,A,0.9519581707544594
1995-05-01,Ngoma,A,-0.5167710270849764
1995-06-01,Ngoma,off,3.4255705793826916
1995-07-01,Ngoma,off,-0.3335717924871335
1995-08-01,Ngoma,off,-1.1360949791360042
1995-09-01,Ngoma,off,-1.0054481848829044
1995-10-01,Ngoma,B,0.025789058542204955
1995-11-01,Ngoma,B,0.12698670405703785
1995-12-01,Ngoma,B,-1.5038287337942482
1996-01-01,Ngoma,off,-0.623485004855321
1996-02-01,Ngoma,off,0.760423937721683
1996-03-01,Ngoma,A,-0.13875275394776815
1996-04-01,Ngoma,A,-0.7285714874586666
1996-05-01,Ngoma,A,-0.7387333014430687
1996-06-01,Ngoma,off,0.7388652565032696
1996-07-01,Ngoma,off,1.7131422120181257
1996-08-01,Ngoma,off,1.477361282250749
1996-09-01,Ngoma,off,0.47794683252392095
1996-10-01,Ngoma,B,-1.3282601287712525
1996-11-01,Ngoma,B,-0.6372832776133346
1996-12-01,Ngoma,B,-0.7815896935653762
1997-01-01,Ngoma,off,1.5914582508895243
1997-02-01,Ngoma,off,-1.1549510678872426
1997-03-01,Ngoma,A,-0.642324913563798
1997-04-01,Ngoma,A,1.0074038852535798
1997-05-01,Ngoma,A,-0.27695109869226375
1997-06-01,Ngoma,off,0.10165513104932068
1997-07-01,Ngoma,off,-0.10502467266001701
1997-08-01,Ngoma,off,0.48508198622942444
1997-09-01,Ngoma,off,-1.1969089423102415
1997-10-01,Ngoma,B,1.8898976220102606
1997-11-01,Ngoma,B,1.368675592328662
1997-12-01,Ngoma,B,1.195780675165427
1998-01-01,Ngoma,off,2.279832683423654
1998-02-01,Ngoma,off,1.4376905257481212
1998-03-01,Ngoma,A,0.3672797761244331
1998-04-01,Ngoma,A,-0.2635454312864147
1998-05-01,Ngoma,A,0.16324324973272514
1998-06-01,Ngoma,off,0.26152463515941826
1998-07-01,Ngoma,off,-0.1636919667554842
1998-08-01,Ngoma,off,-0.7564613283529995
1998-09-01,Ngoma,off,-0.44953679726050816
1998-10-01,Ngoma,B,0.16544581350467055
1998-11-01,Ngoma,B,-1.1761827861636258
1998-12-01,Ngoma,B,-1.3244994245466257
1999-01-01,Ngoma,off,0.2538667236509975
1999-02-01,Ngoma,off,-2.214747616068318
1999-03-01,Ngoma,A,1.1656869630209457
1999-04-01,Ngoma,A,-1.2806470609032437
1999-05-01,Ngoma,A,-0.6942223190027905
1999-06-01,Ngoma,off,-0.6305866194101363
1999-07-01,Ngoma,off,-0.3692609276444905
1999-08-01,Ngoma,off,0.7531704222170786
1999-09-01,Ngoma,off,0.4035196281052079
1999-10-01,Ngoma,B,-0.928388396450435
1999-11-01,Ngoma,B,-0.8060367458949047
1999-12-01,Ngoma,B,0.08029152090921685
2000-01-01,Ngoma,off,-0.9678834021999818
2000-02-01,Ngoma,off,-1.335283212916505
2000-03-01,Ngoma,A,-0.03215480319402117
2000-04-01,Ngoma,A,-1.3104360022134072
2000-05-01,Ngoma,A,-1.061616818089114
2000-06-01,Ngoma,off,-0.7673543028267356
2000-07-01,Ngoma,off,-0.1951321479707237
2000-08-01,Ngoma,off,-1.265713815347707
2000-09-01,Ngoma,off,-1.4028810967900738
2000-10-01,Ngoma,B,-0.4483387736614316
2000-11-01,Ngoma,B,0.06738360578565494
2000-12-01,Ngoma,B,0.15857917146118058
2001-01-01,Ngoma,off,0.6354962048890228
2001-02-01,Ngoma,off,-0.9727067126383827
2001-03-01,Ngoma,A,1.5912557085071972
2001-04-01,Ngoma,A,-1.0776985431589674
2001-05-01,Ngoma,A,0.17802283157768128
2001-06-01,Ngoma,off,-0.981871842993046
2001-07-01,Ngoma,off,1.8445498418461999
2001-08-01,Ngoma,off,0.062244119100398135
2001-09-01,Ngoma,off,1.2326062657071981
2001-10-01,Ngoma,B,2.015735044476515
2001-11-01,Ngoma,B,1.3968905516868457
2001-12-01,Ngoma,B,-0.3208576176158539
2002-01-01,Ngoma,off,0.32016298962573314
2002-02-01,Ngoma,off,-0.3473322417685631
2002-03-01,Ngoma,A,0.5445274166382303
2002-04-01,Ngoma,A,0.8562217683019278
2002-05-01,Ngoma,A,0.5234034485744617
2002-06-01,Ngoma,off,-0.9846959141939674
2002-07-01,Ngoma,off,-0.42491693600385544
2002-08-01,Ngoma,off,-0.9156426436457725
2002-09-01,Ngoma,off,-1.6059550623983558
2002-10-01,Ngoma,B,-0.402948687238376
2002-11-01,Ngoma,B,-0.5366546302689355
2002-12-01,Ngoma,B,0.9002084169610963
2003-01-01,Ngoma,off,-0.9257076692214207
2003-02-01,Ngoma,off,-0.8483282607378997
2003-03-01,Ngoma,A,-1.3902725358054178
2003-04-01,Ngoma,A,-0.3261186530783328
2003-05-01,Ngoma,A,-0.13822759131886986
2003-06-01,Ngoma,off,-0.33638736507973654
2003-07-01,Ngoma,off,-0.24596122697880504
2003-08-01,Ngoma,off,-0.13962374456133897
2003-09-01,Ngoma,off,0.5805285371078469
2003-10-01,Ngoma,B,-0.0036171768936157094
2003-11-01,Ngoma,B,-0.43804565150893565
2003-12-01,Ngoma,B,-0.9608556601636317
2004-01-01,Ngoma,off,0.17796717036275747
2004-02-01,Ngoma,off,0.7493110734316061
2004-03-01,Ngoma,A,0.07941914110005635
2004-04-01,Ngoma,A,0.3030085253860336
2004-05-01,Ngoma,A,-1.2223997591587277
2004-06-01,Ngoma,off,-0.924667698724035
2004-07-01,Ngoma,off,-0.3616986838492213
2004-08-01,Ngoma,off,-0.7092049685561377
2004-09-01,Ngoma,off,0.5222186865400148
2004-10-01,Ngoma,B,0.03588874396414369
2004-11-01,Ngoma,B,2.009637409746767
2004-12-01,Ngoma,B,0.6803212856197284
2005-01-01,Ngoma,off,-0.7873055563337829
2005-02-01,Ngoma,off,-0.6469516119674342
2005-03-01,Ngoma,A,0.07636663477882423
2005-04-01,Ngoma,A,-0.868124916621364
2005-05-01,Ngoma,A,0.03832640866045233
2005-06-01,Ngoma,off,-0.40334536678601296
2005-07-01,Ngoma,off,-0.4425645763521311
2005-08-01,Ngoma,off,1.3215799823072854
2005-09-01,Ngoma,off,0.8481072784006989
2005-10-01,Ngoma,B,1.7878699613148232
2005-11-01,Ngoma,B,-1.1811757652466803
2005-12-01,Ngoma,B,-1.7394965900448973
2006-01-01,Ngoma,off,-0.47619755027453237
2006-02-01,Ngoma,off,0.04169701742410678
2006-03-01,Ngoma,A,-0.008365354030998586
2006-04-01,Ngoma,A,0.894230556573867
2006-05-01,Ngoma,A,0.7359961123260844
2006-06-01,Ngoma,off,-0.716554105078244
2006-07-01,Ngoma,off,0.3699446385063233
2006-08-01,Ngoma,off,1.7063391811239896
2006-09-01,Ngoma,off,-0.8252854750200452
2006-10-01,Ngoma,B,-1.3144541629048838
2006-11-01,Ngoma,B,1.7782867881526006
2006-12-01,Ngoma,B,2.4647282542506614
2007-01-01,Ngoma,off,0.13670228273513116
2007-02-01,Ngoma,off,0.5875939275120932
2007-03-01,Ngoma,A,-0.6536641700394933
2007-04-01,Ngoma,A,-0.16644301763355518
2007-05-01,Ngoma,A,1.686297875055716
2007-06-01,Ngoma,off,1.7728896932396305
2007-07-01,Ngoma,off,1.344483848466079
2007-08-01,Ngoma,off,0.3165311070258314
2007-09-01,Ngoma,off,0.8602192428204086
2007-10-01,Ngoma,B,-0.0880910088018362
2007-11-01,Ngoma,B,-0.12142439510708067
2007-12-01,Ngoma,B,-1.2317031086376993
2008-01-01,Ngoma,off,-0.5084575203230034
2008-02-01,Ngoma,off,-0.19197575550192245
2008-03-01,Ngoma,A,-0.19949229592965287
2008-04-01,Ngoma,A,-1.0419603775690003
2008-05-01,Ngoma,A,-0.9091684084979333
2008-06-01,Ngoma,off,1.8903864787712028
2008-07-01,Ngoma,off,0.4152985474744604
2008-08-01,Ngoma,off,-0.20035953921730268
2008-09-01,Ngoma,off,1.0767148807686129
2008-10-01,Ngoma,B,0.43758387137806004
2008-11-01,Ngoma,B,-0.5216925734972835
2008-12-01,Ngoma,B,-1.4396525787472862
2009-01-01,Ngoma,off,0.07018116553122984
2009-02-01,Ngoma,off,2.5388263710752645
2009-03-01,Ngoma,A,-0.42718851594665447
2009-04-01,Ngoma,A,0.17549356168978147
2009-05-01,Ngoma,A,1.3938312511485236
2009-06-01,Ngoma,off,-0.033075944935804076
2009-07-01,Ngoma,off,-0.0541656850880448
2009-08-01,Ngoma,off,-0.5525652157811556
2009-09-01,Ngoma,off,-1.6140977331244222
2009-10-01,Ngoma,B,0.11208535163052269
2009-11-01,Ngoma,B,-0.5520039457408144
2009-12-01,Ngoma,B,-0.05983587951065016
2010-01-01,Ngoma,off,0.6197585216952265
2010-02-01,Ngoma,off,3.6221538379525597
2010-03-01,Ngoma,A,0.23757150606886712
2010-04-01,Ngoma,A,0.30329775824278
2010-05-01,Ngoma,A,-0.5074541592152997
2010-06-01,Ngoma,off,0.677126532674366
2010-07-01,Ngoma,off,-0.16574213927331508
2010-08-01,Ngoma,off,-1.2401834823053204
2010-09-01,Ngoma,off,-0.33430663025891294
2010-10-01,Ngoma,B,0.16931269196372264
2010-11-01,Ngoma,B,-0.7467348812623449
2010-12-01,Ngoma,B,0.9452376744218833
2011-01-01,Ngoma,off,-0.6383756989997001
2011-02-01,Ngoma,off,0.7154402085197488
2011-03-01,Ngoma,A,0.16404799089271052
2011-04-01,Ngoma,A,-0.04421582265946624
2011-05-01,Ngoma,A,-0.030707273062524805
2011-06-01,Ngoma,off,1.9019602758234595
2011-07-01,Ngoma,off,0.18817061351922704
2011-08-01,Ngoma,off,0.39397181522402785
2011-09-01,Ngoma,off,3.4934388544181885
2011-10-01,Ngoma,B,1.626616573244321
2011-11-01,Ngoma,B,1.003489855861836
2011-12-01,Ngoma,B,0.4519740698707078
2012-01-01,Ngoma,off,-0.9450625258853366
2012-02-01,Ngoma,off,-0.6459490563596949
2012-03-01,Ngoma,A,-0.6651836367028539
2012-04-01,Ngoma,A,2.0071115252935
2012-05-01,Ngoma,A,2.5649184644623175
2012-06-01,Ngoma,off,0.5659465946019563
2012-07-01,Ngoma,off,-0.4380702367687155
2012-08-01,Ngoma,off,1.7934439043286505
2012-09-01,Ngoma,off,0.40848531358077694
2012-10-01,Ngoma,B,2.0600217827310803
2012-11-01,Ngoma,B,0.5390885991618918
2012-12-01,Ngoma,B,2.6477126888580242
2013-01-01,Ngoma,off,-0.016704216530978387
2013-02-01,Ngoma,off,-0.9148388714205264
2013-03-01,Ngoma,A,0.7130266854745445
2013-04-01,Ngoma,A,-0.16285716527074462
2013-05-01,Ngoma,A,-1.2178949480757761
2013-06-01,Ngoma,off,-1.2425661745475438
2013-07-01,Ngoma,off,-0.46306455044355477
2013-08-01,Ngoma,off,-0.3059999372960986
2013-09-01,Ngoma,off,1.3151250207890257
2013-10-01,Ngoma,B,-0.7713239000421036
2013-11-01,Ngoma,B,0.6019933016999874
2013-12-01,Ngoma,B,0.5373429990218662
2014-01-01,Ngoma,off,-0.5604187937374266
2014-02-01,Ngoma,off,0.5343914253483347
2014-03-01,Ngoma,A,-0.1461805609663877
2014-04-01,Ngoma,A,-0.591609538463721
2014-05-01,Ngoma,A,-1.772663039401019
2014-06-01,Ngoma,off,-0.5398518230620158
2014-07-01,Ngoma,off,-0.3933397730990347
2014-08-01,Ngoma,off,-0.044351777044744564
2014-09-01,Ngoma,off,-0.19104769113001152
2014-10-01,Ngoma,B,-0.07189888354122478
2014-11-01,Ngoma,B,-0.006346654381338573
2014-12-01,Ngoma,B,-1.27260505432489
2015-01-01,Ngoma,off,-2.095418960183154
2015-02-01,Ngoma,off,-0.7322867334679166
2015-03-01,Ngoma,A,-0.5326955862704909
2015-04-01,Ngoma,A,1.2242942765538531
2015-05-01,Ngoma,A,-1.0713778199608461
2015-06-01,Ngoma,off,0.5045817394956132
2015-07-01,Ngoma,off,-0.19027498318599753
2015-08-01,Ngoma,off,-0.247008435301957
2015-09-01,Ngoma,off,-0.7076063896704664
2015-10-01,Ngoma,B,-0.20850724139966761
2015-11-01,Ngoma,B,-0.09013143360270767
2015-12-01,Ngoma,B,-0.8017371154985111
2016-01-01,Ngoma,off,0.6894548380410078
2016-02-01,Ngoma,off,-0.7134077521742141
2016-03-01,Ngoma,A,0.48621610683133304
2016-04-01,Ngoma,A,0.5407950333253914
2016-05-01,Ngoma,A,-1.712558348130128
2016-06-01,Ngoma,off,-1.21089500162515
2016-07-01,Ngoma,off,-0.10311416683164931
2016-08-01,Ngoma,off,-0.9530102539461296
2016-09-01,Ngoma,off,-0.6047834436841902
2016-10-01,Ngoma,B,-0.33151716053471847
2016-11-01,Ngoma,B,0.10638750170914224
2016-12-01,Ngoma,B,-1.321498820440485
2017-01-01,Ngoma,off,-1.180520298406166
2017-02-01,Ngoma,off,-0.8243269650842664
2017-03-01,Ngoma,A,-0.9346741446066273
2017-04-01,Ngoma,A,-0.775202277304993
2017-05-01,Ngoma,A,0.9177657479220708
2017-06-01,Ngoma,off,-1.191661273477606
2017-07-01,Ngoma,off,-0.46694958183658375
2017-08-01,Ngoma,off,0.9252483756339132
2017-09-01,Ngoma,off,0.6213468508857003
2017-10-01,Ngoma,B,0.3502027682943443
2017-11-01,Ngoma,B,0.43491124584433916
2017-12-01,Ngoma,B,-0.9735011223857823
2018-01-01,Ngoma,off,1.3567844282904715
2018-02-01,Ngoma,off,-1.0678937290935246
2018-03-01,Ngoma,A,1.5020476381131498
2018-04-01,Ngoma,A,2.8205994809781414
2018-05-01,Ngoma,A,-0.055351556144181684
2018-06-01,Ngoma,off,-0.8209590996900543
2018-07-01,Ngoma,off,-0.5208727146205776
2018-08-01,Ngoma,off,-0.14117135514492143
2018-09-01,Ngoma,off,-1.1177803848172878
2018-10-01,Ngoma,B,-0.8740895854874398
2018-11-01,Ngoma,B,-0.485975257515089
2018-12-01,Ngoma,B,2.2017433142759466
2019-01-01,Ngoma,off,1.7247484275254676
2019-02-01,Ngoma,off,-0.4120427818353183
2019-03-01,Ngoma,A,-1.170258427317503
2019-04-01,Ngoma,A,-0.14744488071469977
2019-05-01,Ngoma,A,1.6628576509859114
2019-06-01,Ngoma,off,-0.5898958431266306
2019-07-01,Ngoma,off,-0.23313679200371654
2019-08-01,Ngoma,off,1.0236080229701812
2019-09-01,Ngoma,off,0.517683371523634
2019-10-01,Ngoma,B,-0.2895877587843701
2019-11-01,Ngoma,B,0.6196392376570344
2019-12-01,Ngoma,B,-0.302379518478298
2020-01-01,Ngoma,off,2.0907777559331664
2020-02-01,Ngoma,off,2.201376636683502
2020-03-01,Ngoma,A,-0.033870938378829686
2020-04-01,Ngoma,A,0.9190686149295443
2020-05-01,Ngoma,A,-1.2442870610147507
2020-06-01,Ngoma,off,-1.0524381926915711
2020-07-01,Ngoma,off,0.05386143273279671
2020-08-01,Ngoma,off,-1.3115171466002722
2020-09-01,Ngoma,off,-0.7193644711058601
2020-10-01,Ngoma,B,2.630500088533945
2020-11-01,Ngoma,B,-0.15073212606900563
2020-12-01,Ngoma,B,1.342699082349529
2021-01-01,Ngoma,off,-0.7137495643329783
2021-02-01,Ngoma,off,0.2459211085683711
2021-03-01,Ngoma,A,-0.4997922785766194
2021-04-01,Ngoma,A,-0.13783318818417642
2021-05-01,Ngoma,A,2.7370342296818264
2021-06-01,Ngoma,off,-1.1597937219986985
2021-07-01,Ngoma,off,-0.31735037737999344
2021-08-01,Ngoma,off,-0.39936899870137943
2021-09-01,Ngoma,off,-0.414548552137304
2021-10-01,Ngoma,B,0.5559818479349068
2021-11-01,Ngoma,B,-0.6922148379830683
2021-12-01,Ngoma,B,0.48679361528399795
2022-01-01,Ngoma,off,0.6235936237643827
2022-02-01,Ngoma,off,1.411560048536681
2022-03-01,Ngoma,A,-0.5245788316302323
2022-04-01,Ngoma,A,0.7932382318325427
2022-05-01,Ngoma,A,-0.020807947001270904
2022-06-01,Ngoma,off,-0.8049023918147458
2022-07-01,Ngoma,off,0.07150596782033977
2022-08-01,Ngoma,off,0.4678116117122529
2022-09-01,Ngoma,off,-0.5011342648649676
2022-10-01,Ngoma,B,-1.196784311620113
2022-11-01,Ngoma,B,0.2269075037154184
2022-12-01,Ngoma,B,0.18586226075197035
2023-01-01,Ngoma,off,1.558501511698022
2023-02-01,Ngoma,off,-1.5388241466997432
2023-03-01,Ngoma,A,0.6941633238758024
2023-04-01,Ngoma,A,0.5933555403436898
2023-05-01,Ngoma,A,-0.8012655711498455
2023-06-01,Ngoma,off,-1.1931060602396584
2023-07-01,Ngoma,off,-0.47814000760148445
2023-08-01,Ngoma,off,-1.4241659313684505
2023-09-01,Ngoma,off,0.23891449631369205
2023-10-01,Ngoma,B,-0.8929001226320014
2023-11-01,Ngoma,B,0.1888642190319651
2023-12-01,Ngoma,B,0.08768612732061222
2024-01-01,Ngoma,off,-0.4532811113119479
2024-02-01,Ngoma,off,-1.315266842325387
2024-03-01,Ngoma,A,-1.3493088117731393
2024-04-01,Ngoma,A,0.7972602682629788
2024-05-01,Ngoma,A,-1.4467404064114087
2024-06-01,Ngoma,off,-1.1911680389994665
2024-07-01,Ngoma,off,-0.39319980288784717
2024-08-01,Ngoma,off,-0.8622817148151231
2024-09-01,Ngoma,off,-0.002035361746331565
2024-10-01,Ngoma,B,-0.17792199916827492
2024-11-01,Ngoma,B,3.1193442416505595
2024-12-01,Ngoma,B,-0.5654843845563934
2025-01-01,Ngoma,off,-0.01604439532109169
2025-02-01,Ngoma,off,-1.398541226417203
2025-03-01,Ngoma,A,-1.504415207811733
2025-04-01,Ngoma,A,1.7365592633715663
2025-05-01,Ngoma,A,0.710336373963346
2025-06-01,Ngoma,off,1.038739818429961
2025-07-01,Ngoma,off,-0.25397357014543037
2025-08-01,Ngoma,off,0.001331896604428694
2025-09-01,Ngoma,off,-1.1323124446949537
2025-10-01,Ngoma,B,0.7670276365594356
2025-11-01,Ngoma,B,-0.8886602626677415
2025-12-01,Ngoma,B,0.9578489437542451
2026-01-01,Ngoma,off,1.8729454666746377
2026-02-01,Ngoma,off,-0.20323426352467439
2026-03-01,Ngoma,A,0.10490473970964281
2026-04-01,Ngoma,A,-0.3852534873704692
2026-05-01,Ngoma,A,-1.466112552139775
2026-06-01,Ngoma,off,-1.136852452624171
2026-07-01,Ngoma,off,0.2681051612808068
2026-08-01,Ngoma,off,-1.2128043050405288
2026-09-01,Ngoma,off,-1.2915182635301186
1981-01-01,Ngororero,off,0.16513902565027022
1981-02-01,Ngororero,off,-1.1292254781754691
1981-03-01,Ngororero,A,0.4695605187668522
1981-04-01,Ngororero,A,1.3297804547688585
1981-05-01,Ngororero,A,0.4898169663888422
1981-06-01,Ngororero,off,-0.45252458410458063
1981-07-01,Ngororero,off,-0.06852165981565386
1981-08-01,Ngororero,off,1.3959692136854294
1981-09-01,Ngororero,off,0.028039615235292942
1981-10-01,Ngororero,B,-0.034508691332881605
1981-11-01,Ngororero,B,-1.0233458797096249
1981-12-01,Ngororero,B,-0.328770583284317
1982-01-01,Ngororero,off,0.6242570119735869
1982-02-01,Ngororero,off,-0.5219451151632004
1982-03-01,Ngororero,A,-0.9918799587145526
1982-04-01,Ngororero,A,0.742653088253855
1982-05-01,Ngororero,A,0.8431758466230106
1982-06-01,Ngororero,off,1.6822102888466497
1982-07-01,Ngororero,off,-0.7870874996784679
1982-08-01,Ngororero,off,-1.5608541971112653
1982-09-01,Ngororero,off,1.1661940290044546
1982-10-01,Ngororero,B,-0.3731955898836291
1982-11-01,Ngororero,B,0.39277597413644655
1982-12-01,Ngororero,B,1.2079516506598444
1983-01-01,Ngororero,off,-1.4694881920211917
1983-02-01,Ngororero,off,-0.019366359178115362
1983-03-01,Ngororero,A,0.5706701516365629
1983-04-01,Ngororero,A,1.190779240633975
1983-05-01,Ngororero,A,-0.6180896064753946
1983-06-01,Ngororero,off,-0.9497392902325275
1983-07-01,Ngororero,off,0.7335019240287398
1983-08-01,Ngororero,off,1.35168655516639
1983-09-01,Ngororero,off,-0.40357656705919237
1983-10-01,Ngororero,B,1.950033655556538
1983-11-01,Ngororero,B,0.3620207329333401
1983-12-01,Ngororero,B,-0.6979581767849616
1984-01-01,Ngororero,off,0.2671169996850707
1984-02-01,Ngororero,off,-0.17150612832610249
1984-03-01,Ngororero,A,-0.5865633260808595
1984-04-01,Ngororero,A,-0.3697692852960089
1984-05-01,Ngororero,A,-2.237981849415941
1984-06-01,Ngororero,off,-1.7435580236823838
1984-07-01,Ngororero,off,2.4686807510281135
1984-08-01,Ngororero,off,0.46479592771941536
1984-09-01,Ngororero,off,-1.0977529551848775
1984-10-01,Ngororero,B,0.6874542565669738
1984-11-01,Ngororero,B,-0.3737957160430574
1984-12-01,Ngororero,B,-1.0702266260535598
1985-01-01,Ngororero,off,-0.43228088762917033
1985-02-01,Ngororero,off,-0.003354363075761522
1985-03-01,Ngororero,A,-0.7891418643128695
1985-04-01,Ngororero,A,2.0966689096467035
1985-05-01,Ngororero,A,-0.8276053881284441
1985-06-01,Ngororero,off,-0.4386466413442686
1985-07-01,Ngororero,off,-0.5086670483061684
1985-08-01,Ngororero,off,-1.8058652620784532
1985-09-01,Ngororero,off,1.2535335437626831
1985-10-01,Ngororero,B,0.35702152078884425
1985-11-01,Ngororero,B,0.17403389182913967
1985-12-01,Ngororero,B,-0.3061415524605369
1986-01-01,Ngororero,off,1.059404487268182
1986-02-01,Ngororero,off,0.3324416479571434
1986-03-01,Ngororero,A,-0.7438517222105494
1986-04-01,Ngororero,A,1.7321068839449043
1986-05-01,Ngororero,A,0.7747963334714777
1986-06-01,Ngororero,off,0.12897596359807745
1986-07-01,Ngororero,off,-0.9149421024012088
1986-08-01,Ngororero,off,-0.9988584348151855
1986-09-01,Ngororero,off,-0.7904980142948569
1986-10-01,Ngororero,B,1.333785208566722
1986-11-01,Ngororero,B,-0.5210358988272976
1986-12-01,Ngororero,B,0.21437248962464317
1987-01-01,Ngororero,off,0.6558037180365676
1987-02-01,Ngororero,off,0.39443815163633766
1987-03-01,Ngororero,A,0.5612581847545424
1987-04-01,Ngororero,A,0.031087079682953874
1987-05-01,Ngororero,A,1.3044459523988507
1987-06-01,Ngororero,off,0.4094963023897614
1987-07-01,Ngororero,off,-0.3625965865907503
1987-08-01,Ngororero,off,-0.7905693492139447
1987-09-01,Ngororero,off,1.8258356884130842
1987-10-01,Ngororero,B,-0.2145277699502045
1987-11-01,Ngororero,B,1.2922594909416432
1987-12-01,Ngororero,B,-1.1834292079999083
1988-01-01,Ngororero,off,0.04361329365322281
1988-02-01,Ngororero,off,0.9909849331329986
1988-03-01,Ngororero,A,0.9756571015879022
1988-04-01,Ngororero,A,1.6614573806952264
1988-05-01,Ngororero,A,0.20643524647083894
1988-06-01,Ngororero,off,-1.563498332067358
1988-07-01,Ngororero,off,1.5682886375689034
1988-08-01,Ngororero,off,3.0732598015129926
1988-09-01,Ngororero,off,0.534546975647548
1988-10-01,Ngororero,B,-0.22357519704356768
1988-11-01,Ngororero,B,-0.07044112446942069
1988-12-01,Ngororero,B,-0.6432191371433793
1989-01-01,Ngororero,off,-0.3205440082727577
1989-02-01,Ngororero,off,-0.6089479758178159
1989-03-01,Ngororero,A,0.26400119147513773
1989-04-01,Ngororero,A,-0.15389573429067194
1989-05-01,Ngororero,A,-0.2748917812754227
1989-06-01,Ngororero,off,-0.6445610821097388
1989-07-01,Ngororero,off,0.7241334659655629
1989-08-01,Ngororero,off,0.4928830808779952
1989-09-01,Ngororero,off,-0.25526273773297325
1989-10-01,Ngororero,B,-0.2096404461377016
1989-11-01,Ngororero,B,-0.11931978481098458
1989-12-01,Ngororero,B,1.4083949081029912
1990-01-01,Ngororero,off,0.9156499674464327
1990-02-01,Ngororero,off,1.939995809965783
1990-03-01,Ngororero,A,-0.009586575343600115
1990-04-01,Ngororero,A,1.016895799245352
1990-05-01,Ngororero,A,-0.45789142253022214
1990-06-01,Ngororero,off,-1.8130286536384053
1990-07-01,Ngororero,off,-0.7828511874421166
1990-08-01,Ngororero,off,0.5951393635830894
1990-09-01,Ngororero,off,1.013085530225221
1990-10-01,Ngororero,B,-0.30837638752839336
1990-11-01,Ngororero,B,-0.07549343858509273
1990-12-01,Ngororero,B,0.7769532435416868
1991-01-01,Ngororero,off,0.5276928172675834
1991-02-01,Ngororero,off,-0.32947663929602944
1991-03-01,Ngororero,A,-0.11895876052535766
1991-04-01,Ngororero,A,-0.19253748815133195
1991-05-01,Ngororero,A,1.0444630035474796
1991-06-01,Ngororero,off,1.3039219041083592
1991-07-01,Ngororero,off,0.5063344679928303
1991-08-01,Ngororero,off,-1.50687926099073
1991-09-01,Ngororero,off,-0.2566025018957591
1991-10-01,Ngororero,B,0.14779716837840787
1991-11-01,Ngororero,B,-1.1425601863406238
1991-12-01,Ngororero,B,0.4360262783778984
1992-01-01,Ngororero,off,0.07074409890139369
1992-02-01,Ngororero,off,0.03040215244029318
1992-03-01,Ngororero,A,-0.5188751872470326
1992-04-01,Ngororero,A,0.3455370278262681
1992-05-01,Ngororero,A,-0.1770425570012488
1992-06-01,Ngororero,off,1.1394694609859495
1992-07-01,Ngororero,off,-0.2714945302348684
1992-08-01,Ngororero,off,-1.7326570446378042
1992-09-01,Ngororero,off,0.7058206029232069
1992-10-01,Ngororero,B,1.4336045207382788
1992-11-01,Ngororero,B,-0.6988786427305561
1992-12-01,Ngororero,B,0.5151051117867075
1993-01-01,Ngororero,off,0.8127128211818397
1993-02-01,Ngororero,off,-0.09997823791454179
1993-03-01,Ngororero,A,-0.3926341169958322
1993-04-01,Ngororero,A,-0.4857522845463768
1993-05-01,Ngororero,A,0.39241400841102536
1993-06-01,Ngororero,off,-0.913449813074808
1993-07-01,Ngororero,off,-0.8454359122382791
1993-08-01,Ngororero,off,1.3576591088054268
1993-09-01,Ngororero,off,-1.7954825992668837
1993-10-01,Ngororero,B,-1.26678910182769
1993-11-01,Ngororero,B,-0.0682984074978806
1993-12-01,Ngororero,B,-0.23283248179231725
1994-01-01,Ngororero,off,0.27134163330119104
1994-02-01,Ngororero,off,-0.8717178843839278
1994-03-01,Ngororero,A,0.40526256421664425
1994-04-01,Ngororero,A,-0.28005143144458966
1994-05-01,Ngororero,A,-0.5561081062481091
1994-06-01,Ngororero,off,-0.6150021963797581
1994-07-01,Ngororero,off,-0.20321528637989555
1994-08-01,Ngororero,off,0.39571541134696536
1994-09-01,Ngororero,off,0.4115239730350618
1994-10-01,Ngororero,B,-0.7010184519639985
1994-11-01,Ngororero,B,0.9659027842956677
1994-12-01,Ngororero,B,0.4289454951806451
1995-01-01,Ngororero,off,-0.4606828153538671
1995-02-01,Ngororero,off,-0.30150846506029905
1995-03-01,Ngororero,A,-0.16550842990268802
1995-04-01,Ngororero,A,0.4797095257550765
1995-05-01,Ngororero,A,0.8354895865515494
1995-06-01,Ngororero,off,3.0609754422341506
1995-07-01,Ngororero,off,0.10575145422904153
1995-08-01,Ngororero,off,-1.8951940391217714
1995-09-01,Ngororero,off,-0.6164819728987677
1995-10-01,Ngororero,B,0.7963179450902829
1995-11-01,Ngororero,B,0.8464970436285465
1995-12-01,Ngororero,B,-1.0634576381825702
1996-01-01,Ngororero,off,-0.9105548737907636
1996-02-01,Ngororero,off,-0.2622206332446891
1996-03-01,Ngororero,A,-0.67722761293245
1996-04-01,Ngororero,A,-0.5203069384195806
1996-05-01,Ngororero,A,-0.3918080333688428
1996-06-01,Ngororero,off,0.62787966038461
1996-07-01,Ngororero,off,3.233721779271884
1996-08-01,Ngororero,off,1.360997347062934
1996-09-01,Ngororero,off,-0.6452723935005544
1996-10-01,Ngororero,B,-0.9303958962073742
1996-11-01,Ngororero,B,-0.4136126846908306
1996-12-01,Ngororero,B,-0.6136512779429559
1997-01-01,Ngororero,off,1.4068331905710107
1997-02-01,Ngororero,off,-1.83519043240029
1997-03-01,Ngororero,A,-1.073457456755815
1997-04-01,Ngororero,A,0.048938684894001785
1997-05-01,Ngororero,A,-0.5681883995138441
1997-06-01,Ngororero,off,0.701138453401037
1997-07-01,Ngororero,off,0.2943072109759498
1997-08-01,Ngororero,off,-0.4378850880525388
1997-09-01,Ngororero,off,1.1743791210802736
1997-10-01,Ngororero,B,1.1596824832078123
1997-11-01,Ngororero,B,-0.007206401038658942
1997-12-01,Ngororero,B,1.1868585609848192
1998-01-01,Ngororero,off,2.0477481228535908
1998-02-01,Ngororero,off,2.4455269330623564
1998-03-01,Ngororero,A,-0.04188410943483366
1998-04-01,Ngororero,A,0.33530100320036044
1998-05-01,Ngororero,A,0.8529792260371776
1998-06-01,Ngororero,off,2.3944908859722074
1998-07-01,Ngororero,off,0.17113573496605197
1998-08-01,Ngororero,off,-0.8222614183479291
1998-09-01,Ngororero,off,-0.537111591077751
1998-10-01,Ngororero,B,-0.11674804538336714
1998-11-01,Ngororero,B,-0.6064409812307275
1998-12-01,Ngororero,B,-1.2904980355971454
1999-01-01,Ngororero,off,0.34622189548413074
1999-02-01,Ngororero,off,-1.8356742252018605
1999-03-01,Ngororero,A,1.1070073179342492
1999-04-01,Ngororero,A,-0.05202489372105582
1999-05-01,Ngororero,A,-1.9054785061877209
1999-06-01,Ngororero,off,-0.8566045938592679
1999-07-01,Ngororero,off,-0.59109570325704
1999-08-01,Ngororero,off,2.0918999808260375
1999-09-01,Ngororero,off,0.32770663480298684
1999-10-01,Ngororero,B,-1.5322786273708602
1999-11-01,Ngororero,B,0.3697017614596158
1999-12-01,Ngororero,B,0.02443717798744646
2000-01-01,Ngororero,off,-1.0861030190746745
2000-02-01,Ngororero,off,-1.1208910665981189
2000-03-01,Ngororero,A,-1.1286500320390003
2000-04-01,Ngororero,A,-1.0276555646651255
2000-05-01,Ngororero,A,-0.6543575616044015
2000-06-01,Ngororero,off,-1.071735754043621
2000-07-01,Ngororero,off,-0.5380264560524189
2000-08-01,Ngororero,off,-1.1753580897239806
2000-09-01,Ngororero,off,-1.5034750504458745
2000-10-01,Ngororero,B,0.1569790306909885
2000-11-01,Ngororero,B,0.8911008642039535
2000-12-01,Ngororero,B,-0.5360413408692069
2001-01-01,Ngororero,off,-0.04733354430621425
2001-02-01,Ngororero,off,-0.43271890738960916
2001-03-01,Ngororero,A,0.956018548311836
2001-04-01,Ngororero,A,-0.1741920560588811
2001-05-01,Ngororero,A,-0.3862083733070139
2001-06-01,Ngororero,off,-0.6680323678744413
2001-07-01,Ngororero,off,1.6265030320030767
2001-08-01,Ngororero,off,-0.1115295611855438
2001-09-01,Ngororero,off,0.17919843986862824
2001-10-01,Ngororero,B,0.07895547978969249
2001-11-01,Ngororero,B,1.9395168673666963
2001-12-01,Ngororero,B,-0.7314883296568344
2002-01-01,Ngororero,off,0.27033016945346516
2002-02-01,Ngororero,off,-0.7180509092184401
2002-03-01,Ngororero,A,-0.5904924191033653
2002-04-01,Ngororero,A,-0.5299531212220399
2002-05-01,Ngororero,A,1.6602071724824816
2002-06-01,Ngororero,off,-1.5079583774170826
2002-07-01,Ngororero,off,-0.14444556163675298
2002-08-01,Ngororero,off,-1.135924894837366
2002-09-01,Ngororero,off,-1.2431703913580037
2002-10-01,Ngororero,B,-0.2932405977843486
2002-11-01,Ngororero,B,-0.5912010015104738
2002-12-01,Ngororero,B,0.2745775406281587
2003-01-01,Ngororero,off,-0.648712700515493
2003-02-01,Ngororero,off,-0.9556055088426615
2003-03-01,Ngororero,A,-1.0534356659817632
2003-04-01,Ngororero,A,0.8310077372833097
2003-05-01,Ngororero,A,0.3660719747899009
2003-06-01,Ngororero,off,-0.7892346259249943
2003-07-01,Ngororero,off,-0.22385398239223833
2003-08-01,Ngororero,off,-0.2276351859483425
2003-09-01,Ngororero,off,0.39716384626270046
2003-10-01,Ngororero,B,1.3266386080025923
2003-11-01,Ngororero,B,-0.5241244172001599
2003-12-01,Ngororero,B,-1.2345511882844353
2004-01-01,Ngororero,off,0.7179462402195353
2004-02-01,Ngororero,off,0.4553061430923844
2004-03-01,Ngororero,A,-0.23140331659996374
2004-04-01,Ngororero,A,0.3636745923955569
2004-05-01,Ngororero,A,-0.7308695415389548
2004-06-01,Ngororero,off,-1.697311259579589
2004-07-01,Ngororero,off,-0.3559866662940973
2004-08-01,Ngororero,off,-0.5975523118707552
2004-09-01,Ngororero,off,-0.222933349609211
2004-10-01,Ngororero,B,-0.9199898165705439
2004-11-01,Ngororero,B,0.16479226596506877
2004-12-01,Ngororero,B,0.2446795101500468
2005-01-01,Ngororero,off,-0.1450319475419692
2005-02-01,Ngororero,off,-0.3130199380190016
2005-03-01,Ngororero,A,-0.08043555657700818
2005-04-01,Ngororero,A,-0.8065968969483411
2005-05-01,Ngororero,A,-0.6343360330034569
2005-06-01,Ngororero,off,-0.6393836875879952
2005-07-01,Ngororero,off,-0.5394046524093336
2005-08-01,Ngororero,off,0.8247383202681623
2005-09-01,Ngororero,off,-0.19774618852547132
2005-10-01,Ngororero,B,0.7814752529631722
2005-11-01,Ngororero,B,-1.5663939387011305
2005-12-01,Ngororero,B,-1.240703747595511
2006-01-01,Ngororero,off,-0.3171872510603117
2006-02-01,Ngororero,off,0.6551283601123222
2006-03-01,Ngororero,A,-0.013928817432235152
2006-04-01,Ngororero,A,0.2824785562253256
2006-05-01,Ngororero,A,0.5968756645705731
2006-06-01,Ngororero,off,-1.2864454232902514
2006-07-01,Ngororero,off,1.2914197623961179
2006-08-01,Ngororero,off,2.586264853361345
2006-09-01,Ngororero,off,-1.041451423408953
2006-10-01,Ngororero,B,-1.3583685396609744
2006-11-01,Ngororero,B,0.7378041966354805
2006-12-01,Ngororero,B,1.4186513703143049
2007-01-01,Ngororero,off,0.05830869216190364
2007-02-01,Ngororero,off,0.9468272358504362
2007-03-01,Ngororero,A,-0.7537826965092252
2007-04-01,Ngororero,A,-0.07083431262852195
2007-05-01,Ngororero,A,2.883280516295537
2007-06-01,Ngororero,off,1.2540711893038712
2007-07-01,Ngororero,off,1.2504028393534738
2007-08-01,Ngororero,off,-0.5167780168943961
2007-09-01,Ngororero,off,0.43486575720174797
2007-10-01,Ngororero,B,-0.6715161717912623
2007-11-01,Ngororero,B,-0.3531911263685739
2007-12-01,Ngororero,B,-1.0432005589617315
2008-01-01,Ngororero,off,-1.0427367151502298
2008-02-01,Ngororero,off,-0.7844485485997225
2008-03-01,Ngororero,A,-0.968892799426284
2008-04-01,Ngororero,A,-1.318307607019956
2008-05-01,Ngororero,A,-0.8619760560651647
2008-06-01,Ngororero,off,2.4662793645354038
2008-07-01,Ngororero,off,0.4030993977427404
2008-08-01,Ngororero,off,1.2371293724427779
2008-09-01,Ngororero,off,-0.8175676378733655
2008-10-01,Ngororero,B,-0.605130187196292
2008-11-01,Ngororero,B,-1.2602613012983996
2008-12-01,Ngororero,B,-0.5451676224830528
2009-01-01,Ngororero,off,-0.13134505747507805
2009-02-01,Ngororero,off,1.2701420909366392
2009-03-01,Ngororero,A,-0.1763136561783291
2009-04-01,Ngororero,A,-0.2881741739887244
2009-05-01,Ngororero,A,0.5970844258656907
2009-06-01,Ngororero,off,-0.8418666398884981
2009-07-01,Ngororero,off,-0.8593247470995008
2009-08-01,Ngororero,off,-1.1763102190307548
2009-09-01,Ngororero,off,-0.8240882048082881
2009-10-01,Ngororero,B,1.227603979941
2009-11-01,Ngororero,B,-0.1252767749010198
2009-12-01,Ngororero,B,-0.343595411889258
2010-01-01,Ngororero,off,0.7403062814352888
2010-02-01,Ngororero,off,4.198029861064055
2010-03-01,Ngororero,A,0.6508367770181807
2010-04-01,Ngororero,A,-0.17006344930176676
2010-05-01,Ngororero,A,-0.028800646525128988
2010-06-01,Ngororero,off,1.194958756641731
2010-07-01,Ngororero,off,-0.8051601644867565
2010-08-01,Ngororero,off,-2.0540223089968257
2010-09-01,Ngororero,off,0.8988378786055842
2010-10-01,Ngororero,B,0.3037776662948027
2010-11-01,Ngororero,B,-0.613209623509894
2010-12-01,Ngororero,B,0.3141791698192145
2011-01-01,Ngororero,off,0.2140019794393182
2011-02-01,Ngororero,off,0.24961217799314264
2011-03-01,Ngororero,A,0.10725344396041057
2011-04-01,Ngororero,A,-0.83529565229827
2011-05-01,Ngororero,A,-0.5123698382692906
2011-06-01,Ngororero,off,3.795613768685335
2011-07-01,Ngororero,off,0.779070124545205
2011-08-01,Ngororero,off,1.0462143199038325
2011-09-01,Ngororero,off,1.1405362195253839
2011-10-01,Ngororero,B,0.3604289369957837
2011-11-01,Ngororero,B,0.692068264915181
2011-12-01,Ngororero,B,0.8092284929188045
2012-01-01,Ngororero,off,-1.195625620118231
2012-02-01,Ngororero,off,-0.9748565941001481
2012-03-01,Ngororero,A,-0.3933281607124485
2012-04-01,Ngororero,A,0.32934837471747264
2012-05-01,Ngororero,A,0.7589672150283822
2012-06-01,Ngororero,off,0.16595948447241327
2012-07-01,Ngororero,off,-0.5427156484976057
2012-08-01,Ngororero,off,0.916716380394044
2012-09-01,Ngororero,off,-0.4792917195021332
2012-10-01,Ngororero,B,0.8867556309585051
2012-11-01,Ngororero,B,-0.4895198312669858
2012-12-01,Ngororero,B,0.4086500195165557
2013-01-01,Ngororero,off,-0.4204466795754574
2013-02-01,Ngororero,off,-0.7276036749760058
2013-03-01,Ngororero,A,1.2297250080463957
2013-04-01,Ngororero,A,-0.10266875367669684
2013-05-01,Ngororero,A,-0.711759267073974
2013-06-01,Ngororero,off,-1.5327456649274867
2013-07-01,Ngororero,off,-0.8994012671234408
2013-08-01,Ngororero,off,0.4324395953504051
2013-09-01,Ngororero,off,1.0635335945375926
2013-10-01,Ngororero,B,-1.2285004951424805
2013-11-01,Ngororero,B,-0.6440563392935083
2013-12-01,Ngororero,B,1.072679503383603
2014-01-01,Ngororero,off,-0.782267959531146
2014-02-01,Ngororero,off,1.1281056391544597
2014-03-01,Ngororero,A,0.186615483909833
2014-04-01,Ngororero,A,-0.25459818849092103
2014-05-01,Ngororero,A,-1.8090436104914223
2014-06-01,Ngororero,off,-0.25437300562572235
2014-07-01,Ngororero,off,-0.8814303731485986
2014-08-01,Ngororero,off,-0.2050009950811329
2014-09-01,Ngororero,off,-0.10169549560087138
2014-10-01,Ngororero,B,-0.16143313962201933
2014-11-01,Ngororero,B,-0.14865564464542075
2014-12-01,Ngororero,B,-0.5022722410440049
2015-01-01,Ngororero,off,-1.7915776023363246
2015-02-01,Ngororero,off,-0.18759383287165116
2015-03-01,Ngororero,A,0.05595011138743112
2015-04-01,Ngororero,A,0.21467516847694912
2015-05-01,Ngororero,A,0.48483214993132523
2015-06-01,Ngororero,off,-0.07520159224889876
2015-07-01,Ngororero,off,-0.5572088757897278
2015-08-01,Ngororero,off,-0.7039305516696076
2015-09-01,Ngororero,off,0.016389059443199655
2015-10-01,Ngororero,B,0.015932759067011543
2015-11-01,Ngororero,B,0.45439499620905544
2015-12-01,Ngororero,B,0.02296865107812921
2016-01-01,Ngororero,off,0.7198065371697826
2016-02-01,Ngororero,off,-1.2831745396873862
2016-03-01,Ngororero,A,1.0872103286826953
2016-04-01,Ngororero,A,0.5597284046738064
2016-05-01,Ngororero,A,-0.1866733311751775
2016-06-01,Ngororero,off,-1.0415776240092098
2016-07-01,Ngororero,off,-0.7107266029554403
2016-08-01,Ngororero,off,-1.4089417677981324
2016-09-01,Ngororero,off,0.8389824473575295
2016-10-01,Ngororero,B,1.1706510909971002
2016-11-01,Ngororero,B,1.0442132240780384
2016-12-01,Ngororero,B,-0.9492351909321056
2017-01-01,Ngororero,off,-0.4271924651264563
2017-02-01,Ngororero,off,-0.41455304004169774
2017-03-01,Ngororero,A,-0.530609388177295
2017-04-01,Ngororero,A,-0.6293869078394027
2017-05-01,Ngororero,A,-0.27521993858696886
2017-06-01,Ngororero,off,-1.5731903713296649
2017-07-01,Ngororero,off,-0.8932538440218745
2017-08-01,Ngororero,off,0.890970659505332
2017-09-01,Ngororero,off,1.1866632539368862
2017-10-01,Ngororero,B,0.3491382137933752
2017-11-01,Ngororero,B,0.3533582474631583
2017-12-01,Ngororero,B,-1.1220186850493101
2018-01-01,Ngororero,off,-0.2351385564435858
2018-02-01,Ngororero,off,-0.1046818856315046
2018-03-01,Ngororero,A,2.026685612096437
2018-04-01,Ngororero,A,2.2421628288653865
2018-05-01,Ngororero,A,-0.19247942872503807
2018-06-01,Ngororero,off,-1.125891017594099
2018-07-01,Ngororero,off,-0.5836859762289179
2018-08-01,Ngororero,off,0.6362563056661454
2018-09-01,Ngororero,off,-0.09389393894702246
2018-10-01,Ngororero,B,-0.7351524371696793
2018-11-01,Ngororero,B,0.14551508256645185
2018-12-01,Ngororero,B,1.2635450290391992
2019-01-01,Ngororero,off,0.4420357984250568
2019-02-01,Ngororero,off,-1.0623091650523935
2019-03-01,Ngororero,A,-1.1156019863326916
2019-04-01,Ngororero,A,-0.1908699361027419
2019-05-01,Ngororero,A,0.3586907292947938
2019-06-01,Ngororero,off,-0.2878272832169688
2019-07-01,Ngororero,off,0.07733930175316267
2019-08-01,Ngororero,off,-0.7974021643195881
2019-09-01,Ngororero,off,0.5821551689453525
2019-10-01,Ngororero,B,0.033028114033270536
2019-11-01,Ngororero,B,0.6521230936179667
2019-12-01,Ngororero,B,0.9492658628413316
2020-01-01,Ngororero,off,0.5553645333038238
2020-02-01,Ngororero,off,-0.053508400248364965
2020-03-01,Ngororero,A,-0.289267531181583
2020-04-01,Ngororero,A,1.106305266020902
2020-05-01,Ngororero,A,-0.9585483185526961
2020-06-01,Ngororero,off,0.6353563964755496
2020-07-01,Ngororero,off,-0.6041742087116254
2020-08-01,Ngororero,off,-1.3791068733710274
2020-09-01,Ngororero,off,-0.015946656586015077
2020-10-01,Ngororero,B,0.6471714301415563
2020-11-01,Ngororero,B,0.09588655947034992
2020-12-01,Ngororero,B,0.39591001529429315
2021-01-01,Ngororero,off,1.4306874874114697
2021-02-01,Ngororero,off,1.156713789861918
2021-03-01,Ngororero,A,-0.3678358062979637
2021-04-01,Ngororero,A,-1.1668059672149873
2021-05-01,Ngororero,A,-0.17560751674790095
2021-06-01,Ngororero,off,-1.600970841537572
2021-07-01,Ngororero,off,0.4411660510587527
2021-08-01,Ngororero,off,-0.27115816213828126
2021-09-01,Ngororero,off,0.3812585903658713
2021-10-01,Ngororero,B,-0.43994373087537053
2021-11-01,Ngororero,B,-0.6176650886299784
2021-12-01,Ngororero,B,0.2970348838175765
2022-01-01,Ngororero,off,0.5525698871502567
2022-02-01,Ngororero,off,2.3470732567724863
2022-03-01,Ngororero,A,-0.5415379311490128
2022-04-01,Ngororero,A,-0.7233427780523708
2022-05-01,Ngororero,A,0.4697568745072143
2022-06-01,Ngororero,off,-0.6716014972207089
2022-07-01,Ngororero,off,-0.27255351891676094
2022-08-01,Ngororero,off,1.667602718328893
2022-09-01,Ngororero,off,-0.4948510022330842
2022-10-01,Ngororero,B,-0.36193991445887463
2022-11-01,Ngororero,B,0.42697126018138337
2022-12-01,Ngororero,B,0.7886243560887791
2023-01-01,Ngororero,off,0.803679468017551
2023-02-01,Ngororero,off,-1.8511262672149913
2023-03-01,Ngororero,A,0.38474028498087515
2023-04-01,Ngororero,A,1.6612022385940455
2023-05-01,Ngororero,A,1.5062872241024274
2023-06-01,Ngororero,off,-1.438064278308074
2023-07-01,Ngororero,off,-0.6628250737015134
2023-08-01,Ngororero,off,-2.0631721504394447
2023-09-01,Ngororero,off,0.5143339057578468
2023-10-01,Ngororero,B,-1.0583147194244287
2023-11-01,Ngororero,B,-0.07733055704926875
2023-12-01,Ngororero,B,-0.38937625862961234
2024-01-01,Ngororero,off,-0.10645517686102696
2024-02-01,Ngororero,off,-1.3254658266195192
2024-03-01,Ngororero,A,-1.1688617142166808
2024-04-01,Ngororero,A,1.4184326345241516
2024-05-01,Ngororero,A,-1.4809416889723168
2024-06-01,Ngororero,off,-1.5823210979693743
2024-07-01,Ngororero,off,-0.4469693027996308
2024-08-01,Ngororero,off,-1.4735644952434124
2024-09-01,Ngororero,off,-0.21627864537905808
2024-10-01,Ngororero,B,0.19439703198881592
2024-11-01,Ngororero,B,4.151712691565007
2024-12-01,Ngororero,B,-0.41474335388363376
2025-01-01,Ngororero,off,-0.015967535098918115
2025-02-01,Ngororero,off,-0.8616765947919016
2025-03-01,Ngororero,A,-1.3331807827292634
2025-04-01,Ngororero,A,1.1667848003507377
2025-05-01,Ngororero,A,0.2506967047190715
2025-06-01,Ngororero,off,3.0699373532267167
2025-07-01,Ngororero,off,0.4820889373746144
2025-08-01,Ngororero,off,0.6220804389203353
2025-09-01,Ngororero,off,-1.147666412780712
2025-10-01,Ngororero,B,-0.06524665294482877
2025-11-01,Ngororero,B,-0.5128628905483299
2025-12-01,Ngororero,B,0.6217819190868656
2026-01-01,Ngororero,off,2.7718325874541794
2026-02-01,Ngororero,off,-0.15538121903324453
2026-03-01,Ngororero,A,0.49430846839421283
2026-04-01,Ngororero,A,-0.1627573402358018
2026-05-01,Ngororero,A,-1.9527049158565901
2026-06-01,Ngororero,off,-1.1318836989775967
2026-07-01,Ngororero,off,0.457946130946599
2026-08-01,Ngororero,off,-1.973533306028979
2026-09-01,Ngororero,off,0.2244642594567722
1981-01-01,Nyabihu,off,-0.04366701478520928
1981-02-01,Nyabihu,off,-0.9428523503832421
1981-03-01,Nyabihu,A,0.3485202253559367
1981-04-01,Nyabihu,A,0.961680441182821
1981-05-01,Nyabihu,A,0.39150664314813605
1981-06-01,Nyabihu,off,-0.6454781474102451
1981-07-01,Nyabihu,off,0.5118410964367545
1981-08-01,Nyabihu,off,1.4934902927842624
1981-09-01,Nyabihu,off,-0.05832369240989368
1981-10-01,Nyabihu,B,-0.3212515399697607
1981-11-01,Nyabihu,B,-1.0183968735658386
1981-12-01,Nyabihu,B,-0.41826200000163244
1982-01-01,Nyabihu,off,0.8555998680223079
1982-02-01,Nyabihu,off,-0.8251500957940072
1982-03-01,Nyabihu,A,-0.9227354080329189
1982-04-01,Nyabihu,A,1.2243231974490938
1982-05-01,Nyabihu,A,0.8712076567519315
1982-06-01,Nyabihu,off,2.426618349403176
1982-07-01,Nyabihu,off,-0.7342978741899275
1982-08-01,Nyabihu,off,-0.7809228426558326
1982-09-01,Nyabihu,off,0.48207326004492124
1982-10-01,Nyabihu,B,-0.32313135533883697
1982-11-01,Nyabihu,B,-0.10933636770797857
1982-12-01,Nyabihu,B,-0.3758113171821232
1983-01-01,Nyabihu,off,-1.5414521414302123
1983-02-01,Nyabihu,off,-0.2183424699289549
1983-03-01,Nyabihu,A,0.4020351323422797
1983-04-01,Nyabihu,A,0.7480405656102941
1983-05-01,Nyabihu,A,-0.42254959116214896
1983-06-01,Nyabihu,off,-0.799438398776698
1983-07-01,Nyabihu,off,0.8808973624243981
1983-08-01,Nyabihu,off,1.7215926655853357
1983-09-01,Nyabihu,off,0.14587276937693966
1983-10-01,Nyabihu,B,1.0186192307952393
1983-11-01,Nyabihu,B,-0.18643152250846456
1983-12-01,Nyabihu,B,-0.6559052373984722
1984-01-01,Nyabihu,off,-0.21748196411807758
1984-02-01,Nyabihu,off,-0.07964967512914853
1984-03-01,Nyabihu,A,-0.637021771464414
1984-04-01,Nyabihu,A,-0.6658170067206876
1984-05-01,Nyabihu,A,-2.299863180843883
1984-06-01,Nyabihu,off,-1.957850749289325
1984-07-01,Nyabihu,off,2.427079443803072
1984-08-01,Nyabihu,off,0.3597768818674983
1984-09-01,Nyabihu,off,-0.6530614266853928
1984-10-01,Nyabihu,B,0.07450552675399329
1984-11-01,Nyabihu,B,-0.14676793041222755
1984-12-01,Nyabihu,B,-1.2253849612303023
1985-01-01,Nyabihu,off,-0.24309842289388237
1985-02-01,Nyabihu,off,-0.6019178797901371
1985-03-01,Nyabihu,A,-0.891724768209256
1985-04-01,Nyabihu,A,1.6591559364609452
1985-05-01,Nyabihu,A,-0.2749053795916822
1985-06-01,Nyabihu,off,0.07650820691133517
1985-07-01,Nyabihu,off,0.34977759995756164
1985-08-01,Nyabihu,off,-1.5392270064507783
1985-09-01,Nyabihu,off,0.8853422293152705
1985-10-01,Nyabihu,B,0.21457708182326576
1985-11-01,Nyabihu,B,-0.02260667475959541
1985-12-01,Nyabihu,B,-1.1454008030869272
1986-01-01,Nyabihu,off,0.011003048579747784
1986-02-01,Nyabihu,off,0.3777612748424398
1986-03-01,Nyabihu,A,-0.6519817787932087
1986-04-01,Nyabihu,A,0.5341382867400959
1986-05-01,Nyabihu,A,0.3654716910854699
1986-06-01,Nyabihu,off,0.420407800540548
1986-07-01,Nyabihu,off,-0.9766551661706436
1986-08-01,Nyabihu,off,-1.7814532190240167
1986-09-01,Nyabihu,off,-0.7227551729021848
1986-10-01,Nyabihu,B,0.9384568814252671
1986-11-01,Nyabihu,B,-0.43012919097244073
1986-12-01,Nyabihu,B,-0.0925925411480279
1987-01-01,Nyabihu,off,0.34282261681088316
1987-02-01,Nyabihu,off,-0.05514930439415254
1987-03-01,Nyabihu,A,0.6327210517825141
1987-04-01,Nyabihu,A,0.1556077165757588
1987-05-01,Nyabihu,A,1.7969514552495867
1987-06-01,Nyabihu,off,1.0783291830820703
1987-07-01,Nyabihu,off,-0.4481224342216533
1987-08-01,Nyabihu,off,-0.6184527591979825
1987-09-01,Nyabihu,off,1.1513880749527363
1987-10-01,Nyabihu,B,-0.3015282025659443
1987-11-01,Nyabihu,B,0.41519964639029106
1987-12-01,Nyabihu,B,-1.4802067887986172
1988-01-01,Nyabihu,off,0.09741436391293329
1988-02-01,Nyabihu,off,0.6695092215506631
1988-03-01,Nyabihu,A,0.8489921725718387
1988-04-01,Nyabihu,A,1.0069424307384933
1988-05-01,Nyabihu,A,1.4650096578852454
1988-06-01,Nyabihu,off,-1.5345241858476415
1988-07-01,Nyabihu,off,2.520473625536546
1988-08-01,Nyabihu,off,2.963819827208108
1988-09-01,Nyabihu,off,1.20260292523173
1988-10-01,Nyabihu,B,0.2831465253800358
1988-11-01,Nyabihu,B,-0.8263453106654234
1988-12-01,Nyabihu,B,-0.75631864011191
1989-01-01,Nyabihu,off,-0.996791667138142
1989-02-01,Nyabihu,off,-1.015672639348511
1989-03-01,Nyabihu,A,0.5187532339876856
1989-04-01,Nyabihu,A,-0.24291056237591796
1989-05-01,Nyabihu,A,-0.4227194333040404
1989-06-01,Nyabihu,off,-0.8828095104320963
1989-07-01,Nyabihu,off,0.5265962394747795
1989-08-01,Nyabihu,off,0.18602005830004484
1989-09-01,Nyabihu,off,-0.16734819195515033
1989-10-01,Nyabihu,B,0.07888048381260272
1989-11-01,Nyabihu,B,-0.24649172073235243
1989-12-01,Nyabihu,B,0.6212275526411019
1990-01-01,Nyabihu,off,0.4906207302502441
1990-02-01,Nyabihu,off,1.8547307397626853
1990-03-01,Nyabihu,A,-0.3451106692165446
1990-04-01,Nyabihu,A,1.254901934108993
1990-05-01,Nyabihu,A,0.14283416706093435
1990-06-01,Nyabihu,off,-1.7898498800667857
1990-07-01,Nyabihu,off,-1.005578864869349
1990-08-01,Nyabihu,off,0.28494940203880137
1990-09-01,Nyabihu,off,0.7127906444105366
1990-10-01,Nyabihu,B,-0.21972037450891962
1990-11-01,Nyabihu,B,0.04506594507903191
1990-12-01,Nyabihu,B,0.7875711468856074
1991-01-01,Nyabihu,off,0.4253290542251197
1991-02-01,Nyabihu,off,0.2853526762766749
1991-03-01,Nyabihu,A,-0.20354058179588264
1991-04-01,Nyabihu,A,-0.17661363454868886
1991-05-01,Nyabihu,A,1.5867205977540835
1991-06-01,Nyabihu,off,1.279854769004057
1991-07-01,Nyabihu,off,0.41022100038844733
1991-08-01,Nyabihu,off,-1.9971204919563401
1991-09-01,Nyabihu,off,-0.7309334375359257
1991-10-01,Nyabihu,B,0.29195004233244826
1991-11-01,Nyabihu,B,-0.6600189402281691
1991-12-01,Nyabihu,B,-0.3271609927870896
1992-01-01,Nyabihu,off,-0.11001382931037026
1992-02-01,Nyabihu,off,-0.42908751124584726
1992-03-01,Nyabihu,A,-0.7541229775237307
1992-04-01,Nyabihu,A,-0.1681645197394833
1992-05-01,Nyabihu,A,-0.4372888428237193
1992-06-01,Nyabihu,off,0.8107572029947273
1992-07-01,Nyabihu,off,-0.4148717948695034
1992-08-01,Nyabihu,off,-1.6932072931756998
1992-09-01,Nyabihu,off,1.5048676626362003
1992-10-01,Nyabihu,B,0.5035657721652839
1992-11-01,Nyabihu,B,-0.6900021169950971
1992-12-01,Nyabihu,B,0.7524409855436366
1993-01-01,Nyabihu,off,1.2745666078854214
1993-02-01,Nyabihu,off,-0.5483119518891175
1993-03-01,Nyabihu,A,-0.3786711904095579
1993-04-01,Nyabihu,A,-0.570287684095055
1993-05-01,Nyabihu,A,0.37187443667621795
1993-06-01,Nyabihu,off,-0.11847200220415441
1993-07-01,Nyabihu,off,-1.1164486588243687
1993-08-01,Nyabihu,off,0.7887513016217981
1993-09-01,Nyabihu,off,-1.7513182918360837
1993-10-01,Nyabihu,B,-0.9286855672222425
1993-11-01,Nyabihu,B,0.2640015118378069
1993-12-01,Nyabihu,B,-0.6180169076383779
1994-01-01,Nyabihu,off,-0.08185325895728308
1994-02-01,Nyabihu,off,-0.7609011018746071
1994-03-01,Nyabihu,A,0.4147844047235353
1994-04-01,Nyabihu,A,0.10755181522907449
1994-05-01,Nyabihu,A,-1.0825080648031067
1994-06-01,Nyabihu,off,-0.9421913180192771
1994-07-01,Nyabihu,off,-0.37243002344494436
1994-08-01,Nyabihu,off,0.3358070630716402
1994-09-01,Nyabihu,off,0.6510702740884439
1994-10-01,Nyabihu,B,-0.23742231660358445
1994-11-01,Nyabihu,B,0.2644998898516925
1994-12-01,Nyabihu,B,0.3193535475112423
1995-01-01,Nyabihu,off,-0.8415186536110524
1995-02-01,Nyabihu,off,-0.15906775799494224
1995-03-01,Nyabihu,A,-0.31822996587483293
1995-04-01,Nyabihu,A,0.11100197974698046
1995-05-01,Nyabihu,A,0.7017382776553658
1995-06-01,Nyabihu,off,2.563911896282026
1995-07-01,Nyabihu,off,0.49586292861851866
1995-08-01,Nyabihu,off,-2.1306334681525234
1995-09-01,Nyabihu,off,-0.96660572863179
1995-10-01,Nyabihu,B,1.166517142078736
1995-11-01,Nyabihu,B,0.4760224228736895
1995-12-01,Nyabihu,B,-0.7764209134993522
1996-01-01,Nyabihu,off,-0.8239465318378849
1996-02-01,Nyabihu,off,-0.07216020387162536
1996-03-01,Nyabihu,A,-0.6353702540543092
1996-04-01,Nyabihu,A,-0.39458798084227276
1996-05-01,Nyabihu,A,-0.26743142076240517
1996-06-01,Nyabihu,off,1.5885242689816723
1996-07-01,Nyabihu,off,2.385404370171764
1996-08-01,Nyabihu,off,0.8216929392708571
1996-09-01,Nyabihu,off,-0.31928022694471225
1996-10-01,Nyabihu,B,-0.47942886145767827
1996-11-01,Nyabihu,B,0.2774648082114358
1996-12-01,Nyabihu,B,-0.35651595899449867
1997-01-01,Nyabihu,off,1.4503316369195682
1997-02-01,Nyabihu,off,-2.2441070763637523
1997-03-01,Nyabihu,A,-1.0165461394156732
1997-04-01,Nyabihu,A,-0.4185642295335261
1997-05-01,Nyabihu,A,-0.48673398052419403
1997-06-01,Nyabihu,off,-0.3253759755906316
1997-07-01,Nyabihu,off,0.24003298880033633
1997-08-01,Nyabihu,off,-0.17414253773414595
1997-09-01,Nyabihu,off,0.6984376387657614
1997-10-01,Nyabihu,B,0.7159963262137569
1997-11-01,Nyabihu,B,0.08705561906759605
1997-12-01,Nyabihu,B,0.9353592365336658
1998-01-01,Nyabihu,off,2.4333037292362363
1998-02-01,Nyabihu,off,2.2017168665441162
1998-03-01,Nyabihu,A,-0.3293696374074175
1998-04-01,Nyabihu,A,-0.10274918435727154
1998-05-01,Nyabihu,A,0.9438506713007823
1998-06-01,Nyabihu,off,2.1369163562927924
1998-07-01,Nyabihu,off,0.2626358313935765
1998-08-01,Nyabihu,off,-0.9982204730193043
1998-09-01,Nyabihu,off,-0.46839396299247205
1998-10-01,Nyabihu,B,-0.05463391038332529
1998-11-01,Nyabihu,B,-0.4140501495861261
1998-12-01,Nyabihu,B,-0.7924274413124911
1999-01-01,Nyabihu,off,0.796034588381892
1999-02-01,Nyabihu,off,-1.8375567212175794
1999-03-01,Nyabihu,A,1.1409198140753551
1999-04-01,Nyabihu,A,-0.017140713586704086
1999-05-01,Nyabihu,A,-1.6939154495829205
1999-06-01,Nyabihu,off,-0.9593250333884714
1999-07-01,Nyabihu,off,-0.6188692110541767
1999-08-01,Nyabihu,off,2.2141304763822443
1999-09-01,Nyabihu,off,0.5833589404119472
1999-10-01,Nyabihu,B,-1.2963390525137026
1999-11-01,Nyabihu,B,0.674409633083808
1999-12-01,Nyabihu,B,0.2811215361749791
2000-01-01,Nyabihu,off,-1.0424749370836233
2000-02-01,Nyabihu,off,-1.1840232044219996
2000-03-01,Nyabihu,A,-1.1060780932397756
2000-04-01,Nyabihu,A,-0.892448351475773
2000-05-01,Nyabihu,A,-0.8006892090174328
2000-06-01,Nyabihu,off,-0.7567909562684095
2000-07-01,Nyabihu,off,0.038011836415683446
2000-08-01,Nyabihu,off,-1.001053758751516
2000-09-01,Nyabihu,off,-1.4162394145182626
2000-10-01,Nyabihu,B,0.26364151104043343
2000-11-01,Nyabihu,B,0.6565158942994728
2000-12-01,Nyabihu,B,-0.33698748653842175
2001-01-01,Nyabihu,off,-0.5800376547566917
2001-02-01,Nyabihu,off,-0.3688738389978155
2001-03-01,Nyabihu,A,0.64943706843367
2001-04-01,Nyabihu,A,0.1256264956705485
2001-05-01,Nyabihu,A,-0.4240125146061448
2001-06-01,Nyabihu,off,-0.4751759379461046
2001-07-01,Nyabihu,off,1.3758759419550937
2001-08-01,Nyabihu,off,0.13205663554947744
2001-09-01,Nyabihu,off,-0.2622053582532998
2001-10-01,Nyabihu,B,-0.546367972031572
2001-11-01,Nyabihu,B,1.4479802021697281
2001-12-01,Nyabihu,B,-0.7073399509827819
2002-01-01,Nyabihu,off,0.3356518165478155
2002-02-01,Nyabihu,off,-0.6635574730232973
2002-03-01,Nyabihu,A,-0.7356432625688392
2002-04-01,Nyabihu,A,-0.6814060558502312
2002-05-01,Nyabihu,A,1.3522182786893446
2002-06-01,Nyabihu,off,-1.5302613363378517
2002-07-01,Nyabihu,off,0.14848196225287197
2002-08-01,Nyabihu,off,-1.0571466870676685
2002-09-01,Nyabihu,off,-1.2015746185092335
2002-10-01,Nyabihu,B,0.2543240914217534
2002-11-01,Nyabihu,B,-0.46015127716341175
2002-12-01,Nyabihu,B,0.3627897646019184
2003-01-01,Nyabihu,off,-0.3526220950218471
2003-02-01,Nyabihu,off,-1.1422682216153976
2003-03-01,Nyabihu,A,-1.1128461693510785
2003-04-01,Nyabihu,A,0.748150753969802
2003-05-01,Nyabihu,A,0.6270077352230413
2003-06-01,Nyabihu,off,-0.3217021827336029
2003-07-01,Nyabihu,off,0.14506384941886183
2003-08-01,Nyabihu,off,0.30451596490182564
2003-09-01,Nyabihu,off,0.5901869270124825
2003-10-01,Nyabihu,B,0.6248471803526918
2003-11-01,Nyabihu,B,-0.6484340289997366
2003-12-01,Nyabihu,B,-1.1580077009592866
2004-01-01,Nyabihu,off,0.8260290113536949
2004-02-01,Nyabihu,off,0.5802316275429186
2004-03-01,Nyabihu,A,-0.300391235701301
2004-04-01,Nyabihu,A,0.47994434123785085
2004-05-01,Nyabihu,A,-0.43464031267899333
2004-06-01,Nyabihu,off,-1.8107776737886336
2004-07-01,Nyabihu,off,0.06528449444557854
2004-08-01,Nyabihu,off,-0.9527138418351819
2004-09-01,Nyabihu,off,0.0943558118074104
2004-10-01,Nyabihu,B,-0.868301233815225
2004-11-01,Nyabihu,B,-0.4781499723771614
2004-12-01,Nyabihu,B,-0.1405489991505145
2005-01-01,Nyabihu,off,0.0065150549380056395
2005-02-01,Nyabihu,off,-0.35002284036826664
2005-03-01,Nyabihu,A,-0.14396197784751652
2005-04-01,Nyabihu,A,-0.72120544587034
2005-05-01,Nyabihu,A,-0.67918079862944
2005-06-01,Nyabihu,off,-0.8812670812092849
2005-07-01,Nyabihu,off,-0.6119412310233342
2005-08-01,Nyabihu,off,0.6984446431955369
2005-09-01,Nyabihu,off,-0.587874230348389
2005-10-01,Nyabihu,B,-0.3379225106807345
2005-11-01,Nyabihu,B,-1.7161125486628694
2005-12-01,Nyabihu,B,-1.3515715972603357
2006-01-01,Nyabihu,off,0.058357883517938365
2006-02-01,Nyabihu,off,0.7687445109585757
2006-03-01,Nyabihu,A,-0.07340205382086745
2006-04-01,Nyabihu,A,0.5191286371960842
2006-05-01,Nyabihu,A,0.2457531508758217
2006-06-01,Nyabihu,off,-1.2587832314697154
2006-07-01,Nyabihu,off,1.2951678704935357
2006-08-01,Nyabihu,off,3.9856224734431303
2006-09-01,Nyabihu,off,-1.0621445860832954
2006-10-01,Nyabihu,B,-1.1881434227160426
2006-11-01,Nyabihu,B,0.414259488110971
2006-12-01,Nyabihu,B,1.1287101028212727
2007-01-01,Nyabihu,off,0.1301778347836668
2007-02-01,Nyabihu,off,0.9884199313085309
2007-03-01,Nyabihu,A,-0.8765194591486818
2007-04-01,Nyabihu,A,-0.21616004607977718
2007-05-01,Nyabihu,A,2.672803763954565
2007-06-01,Nyabihu,off,1.4552078446639598
2007-07-01,Nyabihu,off,1.522344130547246
2007-08-01,Nyabihu,off,-0.8807322263743688
2007-09-01,Nyabihu,off,0.5553021529712425
2007-10-01,Nyabihu,B,-0.7044473781922584
2007-11-01,Nyabihu,B,-0.2738486641781345
2007-12-01,Nyabihu,B,-1.024143011929758
2008-01-01,Nyabihu,off,-0.7087294929399657
2008-02-01,Nyabihu,off,-0.8464788289438026
2008-03-01,Nyabihu,A,-0.8656781176486915
2008-04-01,Nyabihu,A,-0.9534748065087754
2008-05-01,Nyabihu,A,-0.5429820575710852
2008-06-01,Nyabihu,off,2.6623947901354956
2008-07-01,Nyabihu,off,-0.015167970337776117
2008-08-01,Nyabihu,off,0.9786122627262285
2008-09-01,Nyabihu,off,-0.5230879734393331
2008-10-01,Nyabihu,B,-0.3328881837406203
2008-11-01,Nyabihu,B,-1.2011225699697807
2008-12-01,Nyabihu,B,-0.3706520840230762
2009-01-01,Nyabihu,off,-0.4373621142933101
2009-02-01,Nyabihu,off,0.8915555741469537
2009-03-01,Nyabihu,A,-0.23518188923034714
2009-04-01,Nyabihu,A,-0.5986597808928883
2009-05-01,Nyabihu,A,-0.21499123534154643
2009-06-01,Nyabihu,off,-0.8489749852366005
2009-07-01,Nyabihu,off,-0.7366169272042068
2009-08-01,Nyabihu,off,-0.8098091966198693
2009-09-01,Nyabihu,off,-0.8655737846501999
2009-10-01,Nyabihu,B,0.41764766403656806
2009-11-01,Nyabihu,B,0.1355621998505312
2009-12-01,Nyabihu,B,-0.2152737228942293
2010-01-01,Nyabihu,off,0.9030808560412746
2010-02-01,Nyabihu,off,4.571035404721967
2010-03-01,Nyabihu,A,0.7893726666653048
2010-04-01,Nyabihu,A,0.10169420497139474
2010-05-01,Nyabihu,A,0.0004205409297954455
2010-06-01,Nyabihu,off,1.4467629227333123
2010-07-01,Nyabihu,off,-0.7591271841933961
2010-08-01,Nyabihu,off,-2.15971586058133
2010-09-01,Nyabihu,off,0.4345414073971632
2010-10-01,Nyabihu,B,0.7193958583614518
2010-11-01,Nyabihu,B,-0.5880064588246263
2010-12-01,Nyabihu,B,0.9538354064891958
2011-01-01,Nyabihu,off,0.33274841317303067
2011-02-01,Nyabihu,off,0.4677937459041799
2011-03-01,Nyabihu,A,0.5017489233193743
2011-04-01,Nyabihu,A,-0.6635122926176241
2011-05-01,Nyabihu,A,-0.47329190525019954
2011-06-01,Nyabihu,off,3.4852925584603263
2011-07-01,Nyabihu,off,0.8599828318898222
2011-08-01,Nyabihu,off,1.4398027443289452
2011-09-01,Nyabihu,off,1.1510475105311804
2011-10-01,Nyabihu,B,0.11950464849483626
2011-11-01,Nyabihu,B,0.2867002650000175
2011-12-01,Nyabihu,B,0.24717009934532103
2012-01-01,Nyabihu,off,-1.1455269928401124
2012-02-01,Nyabihu,off,-0.9718524988268292
2012-03-01,Nyabihu,A,-0.5435409083844478
2012-04-01,Nyabihu,A,0.4533233029874067
2012-05-01,Nyabihu,A,0.661844566203932
2012-06-01,Nyabihu,off,0.4580132271273439
2012-07-01,Nyabihu,off,-0.08909766074160597
2012-08-01,Nyabihu,off,0.49824535155244565
2012-09-01,Nyabihu,off,-0.05458150551343307
2012-10-01,Nyabihu,B,0.5657854006390337
2012-11-01,Nyabihu,B,-0.30471939876831994
2012-12-01,Nyabihu,B,0.6477963449354188
2013-01-01,Nyabihu,off,-0.35901019609798634
2013-02-01,Nyabihu,off,-0.34286497324080634
2013-03-01,Nyabihu,A,1.514059234777495
2013-04-01,Nyabihu,A,-0.10809959077506574
2013-05-01,Nyabihu,A,-0.24387826163304846
2013-06-01,Nyabihu,off,-1.463340500846881
2013-07-01,Nyabihu,off,-0.8999423089911108
2013-08-01,Nyabihu,off,-0.2819984710238868
2013-09-01,Nyabihu,off,0.47404333529831494
2013-10-01,Nyabihu,B,-1.2017668185953831
2013-11-01,Nyabihu,B,-0.38587767292483355
2013-12-01,Nyabihu,B,1.0574523884545062
2014-01-01,Nyabihu,off,-0.7542777962028054
2014-02-01,Nyabihu,off,1.0515594259962828
2014-03-01,Nyabihu,A,0.38571312403411123
2014-04-01,Nyabihu,A,-0.04370553303690777
2014-05-01,Nyabihu,A,-1.467123222977437
2014-06-01,Nyabihu,off,-0.4789634886102753
2014-07-01,Nyabihu,off,-0.7422987543900282
2014-08-01,Nyabihu,off,0.1316040980445952
2014-09-01,Nyabihu,off,-0.07299421998036562
2014-10-01,Nyabihu,B,-0.19465606772009578
2014-11-01,Nyabihu,B,-0.04050244275046226
2014-12-01,Nyabihu,B,-0.48725243056895523
2015-01-01,Nyabihu,off,-1.7847806043226075
2015-02-01,Nyabihu,off,0.008106405152025495
2015-03-01,Nyabihu,A,0.09942154255222545
2015-04-01,Nyabihu,A,0.09107369248344324
2015-05-01,Nyabihu,A,0.32462992456302975
2015-06-01,Nyabihu,off,-0.12965318690169259
2015-07-01,Nyabihu,off,-0.5783001772241045
2015-08-01,Nyabihu,off,0.030587532025759253
2015-09-01,Nyabihu,off,0.1548792681032193
2015-10-01,Nyabihu,B,0.10656520523396269
2015-11-01,Nyabihu,B,0.6207261185932831
2015-12-01,Nyabihu,B,0.7242421047491585
2016-01-01,Nyabihu,off,0.5586589250921392
2016-02-01,Nyabihu,off,-1.5845685873542161
2016-03-01,Nyabihu,A,1.1266843801680733
2016-04-01,Nyabihu,A,0.972698775944107
2016-05-01,Nyabihu,A,0.11643268651241243
2016-06-01,Nyabihu,off,-0.9700928833844275
2016-07-01,Nyabihu,off,-0.7072939637841503
2016-08-01,Nyabihu,off,-1.077791064202518
2016-09-01,Nyabihu,off,0.43615682693444435
2016-10-01,Nyabihu,B,2.006705840382439
2016-11-01,Nyabihu,B,1.0439352325388325
2016-12-01,Nyabihu,B,-0.7947604053932372
2017-01-01,Nyabihu,off,-0.2600183381290852
2017-02-01,Nyabihu,off,-0.3338848175270342
2017-03-01,Nyabihu,A,-0.4456794895917068
2017-04-01,Nyabihu,A,-0.5315916934628627
2017-05-01,Nyabihu,A,-0.8975921455513873
2017-06-01,Nyabihu,off,-1.6046280518183171
2017-07-01,Nyabihu,off,-0.8609154721252711
2017-08-01,Nyabihu,off,0.9490695826904829
2017-09-01,Nyabihu,off,0.9547253235706481
2017-10-01,Nyabihu,B,0.5592168835435934
2017-11-01,Nyabihu,B,0.40281488551249595
2017-12-01,Nyabihu,B,-1.168904613380325
2018-01-01,Nyabihu,off,-0.5258891219187004
2018-02-01,Nyabihu,off,0.4025703539012673
2018-03-01,Nyabihu,A,2.495547317016025
2018-04-01,Nyabihu,A,1.752740374642987
2018-05-01,Nyabihu,A,0.03740556817980758
2018-06-01,Nyabihu,off,-1.1226468090553334
2018-07-01,Nyabihu,off,-1.0255095113910824
2018-08-01,Nyabihu,off,0.6509304910963225
2018-09-01,Nyabihu,off,0.6709497748262656
2018-10-01,Nyabihu,B,-0.5872622412169898
2018-11-01,Nyabihu,B,0.22702795082711272
2018-12-01,Nyabihu,B,1.0234694622511962
2019-01-01,Nyabihu,off,0.41493316023128546
2019-02-01,Nyabihu,off,-0.9993870589648305
2019-03-01,Nyabihu,A,-1.286261915083275
2019-04-01,Nyabihu,A,-0.2016842856639585
2019-05-01,Nyabihu,A,0.7380944464666657
2019-06-01,Nyabihu,off,0.3276130048545296
2019-07-01,Nyabihu,off,0.2404833381849227
2019-08-01,Nyabihu,off,-1.328902120903208
2019-09-01,Nyabihu,off,0.5462234951717244
2019-10-01,Nyabihu,B,-0.21826350201211167
2019-11-01,Nyabihu,B,0.6027950228501441
2019-12-01,Nyabihu,B,0.40824198615788676
2020-01-01,Nyabihu,off,0.162178250653596
2020-02-01,Nyabihu,off,-0.5647819944810284
2020-03-01,Nyabihu,A,-0.27716826270226314
2020-04-01,Nyabihu,A,0.6825227430740853
2020-05-01,Nyabihu,A,-0.5306732696968773
2020-06-01,Nyabihu,off,1.1996953778749313
2020-07-01,Nyabihu,off,-0.6707897606891084
2020-08-01,Nyabihu,off,-1.3120691926178907
2020-09-01,Nyabihu,off,-0.3557602140268645
2020-10-01,Nyabihu,B,0.3587997578017178
2020-11-01,Nyabihu,B,-0.174369124314116
2020-12-01,Nyabihu,B,0.5222191431924171
2021-01-01,Nyabihu,off,1.7810691980003213
2021-02-01,Nyabihu,off,1.405632373228287
2021-03-01,Nyabihu,A,-0.3769567920452363
2021-04-01,Nyabihu,A,-1.2124332693854236
2021-05-01,Nyabihu,A,-0.5533588207924954
2021-06-01,Nyabihu,off,-1.4723799802913713
2021-07-01,Nyabihu,off,0.9236798694084142
2021-08-01,Nyabihu,off,0.0064665251191397535
2021-09-01,Nyabihu,off,0.27848479009710125
2021-10-01,Nyabihu,B,-0.5038935621646022
2021-11-01,Nyabihu,B,-0.7907547394751596
2021-12-01,Nyabihu,B,0.3580071937372515
2022-01-01,Nyabihu,off,0.5177994091246133
2022-02-01,Nyabihu,off,2.8556001892078666
2022-03-01,Nyabihu,A,-0.5414493587603183
2022-04-01,Nyabihu,A,-0.8473007676064377
2022-05-01,Nyabihu,A,0.8615420081785901
2022-06-01,Nyabihu,off,-0.5781936438811807
2022-07-01,Nyabihu,off,-0.6630782135577006
2022-08-01,Nyabihu,off,1.9236785325445656
2022-09-01,Nyabihu,off,-0.22775561675457057
2022-10-01,Nyabihu,B,0.057213239896055146
2022-11-01,Nyabihu,B,0.4585101260208053
2022-12-01,Nyabihu,B,0.7663864262788956
2023-01-01,Nyabihu,off,0.5016610806799874
2023-02-01,Nyabihu,off,-1.9797383943731615
2023-03-01,Nyabihu,A,0.4849336589101924
2023-04-01,Nyabihu,A,1.6875449025660905
2023-05-01,Nyabihu,A,2.4157931437623557
2023-06-01,Nyabihu,off,-1.101290168203657
2023-07-01,Nyabihu,off,-0.6999443488635622
2023-08-01,Nyabihu,off,-2.067769566604899
2023-09-01,Nyabihu,off,0.4897096654139701
2023-10-01,Nyabihu,B,-0.8479662617799459
2023-11-01,Nyabihu,B,0.6110606167095705
2023-12-01,Nyabihu,B,-0.047062708554282795
2024-01-01,Nyabihu,off,-0.13216947634604465
2024-02-01,Nyabihu,off,-1.6101805965446137
2024-03-01,Nyabihu,A,-1.2147739468958172
2024-04-01,Nyabihu,A,1.1704511256648678
2024-05-01,Nyabihu,A,-1.2029601753981678
2024-06-01,Nyabihu,off,-1.4823703752546291
2024-07-01,Nyabihu,off,-0.47040748595821036
2024-08-01,Nyabihu,off,-1.4214374593082661
2024-09-01,Nyabihu,off,0.5386929997146759
2024-10-01,Nyabihu,B,0.3313320392379103
2024-11-01,Nyabihu,B,4.045797541870513
2024-12-01,Nyabihu,B,-0.252661608761499
2025-01-01,Nyabihu,off,0.05666799454576428
2025-02-01,Nyabihu,off,-0.9848714356423829
2025-03-01,Nyabihu,A,-1.3948768449607551
2025-04-01,Nyabihu,A,1.4105917784404856
2025-05-01,Nyabihu,A,0.9081166498776775
2025-06-01,Nyabihu,off,3.306852081734568
2025-07-01,Nyabihu,off,1.0342862332383602
2025-08-01,Nyabihu,off,0.5718460048947175
2025-09-01,Nyabihu,off,-1.0655674907785133
2025-10-01,Nyabihu,B,0.2950738468745208
2025-11-01,Nyabihu,B,-0.38567903071915155
2025-12-01,Nyabihu,B,0.7299738797535906
2026-01-01,Nyabihu,off,2.37000035778483
2026-02-01,Nyabihu,off,-0.13342787777507117
2026-03-01,Nyabihu,A,0.30565091478407247
2026-04-01,Nyabihu,A,-0.006907755098071604
2026-05-01,Nyabihu,A,-2.0104186280320646
2026-06-01,Nyabihu,off,-1.1087670974979174
2026-07-01,Nyabihu,off,1.2409066433482103
2026-08-01,Nyabihu,off,-1.919956075202784
2026-09-01,Nyabihu,off,0.5383059835773297
1981-01-01,Nyagatare,off,-0.8895241515881025
1981-02-01,Nyagatare,off,-0.7843978920070156
1981-03-01,Nyagatare,A,1.3693451870051139
1981-04-01,Nyagatare,A,0.4873257910827342
1981-05-01,Nyagatare,A,1.0113703063149035
1981-06-01,Nyagatare,off,-0.03061586976723321
1981-07-01,Nyagatare,off,-0.13505013235155328
1981-08-01,Nyagatare,off,0.36109691945945854
1981-09-01,Nyagatare,off,-0.29037617523953224
1981-10-01,Nyagatare,B,0.037562971905597806
1981-11-01,Nyagatare,B,-0.9233382757641799
1981-12-01,Nyagatare,B,-0.567141080459083
1982-01-01,Nyagatare,off,0.410113196558064
1982-02-01,Nyagatare,off,-1.0394032857698052
1982-03-01,Nyagatare,A,-0.9507576776887333
1982-04-01,Nyagatare,A,1.10029707654899
1982-05-01,Nyagatare,A,1.300090003582672
1982-06-01,Nyagatare,off,0.956052034204689
1982-07-01,Nyagatare,off,-0.4750090211467343
1982-08-01,Nyagatare,off,-1.8384069689984697
1982-09-01,Nyagatare,off,0.6619248295584829
1982-10-01,Nyagatare,B,0.6130073836271304
1982-11-01,Nyagatare,B,0.18710092992995003
1982-12-01,Nyagatare,B,-0.47584732165188776
1983-01-01,Nyagatare,off,-1.9109948371388916
1983-02-01,Nyagatare,off,-0.9571142027074617
1983-03-01,Nyagatare,A,-1.0220309601656277
1983-04-01,Nyagatare,A,0.09790391785035138
1983-05-01,Nyagatare,A,-1.1841428535240968
1983-06-01,Nyagatare,off,-0.8773550544659958
1983-07-01,Nyagatare,off,0.027711376242574862
1983-08-01,Nyagatare,off,0.48710243741343606
1983-09-01,Nyagatare,off,-0.003402689981539114
1983-10-01,Nyagatare,B,-0.1176091375648203
1983-11-01,Nyagatare,B,0.15423005327535028
1983-12-01,Nyagatare,B,1.3226452072705501
1984-01-01,Nyagatare,off,-0.5811928576695592
1984-02-01,Nyagatare,off,-0.11508491325408932
1984-03-01,Nyagatare,A,0.07476807807442971
1984-04-01,Nyagatare,A,0.06206392164985266
1984-05-01,Nyagatare,A,-2.0324922232581657
1984-06-01,Nyagatare,off,-0.9567866650127566
1984-07-01,Nyagatare,off,1.7216068393937203
1984-08-01,Nyagatare,off,-0.2436683986915335
1984-09-01,Nyagatare,off,-0.578795206398963
1984-10-01,Nyagatare,B,-0.9026930886986294
1984-11-01,Nyagatare,B,0.03737967525945679
1984-12-01,Nyagatare,B,-0.4517818012867353
1985-01-01,Nyagatare,off,0.17937280952009377
1985-02-01,Nyagatare,off,0.04912931812479259
1985-03-01,Nyagatare,A,-0.8413865896698011
1985-04-01,Nyagatare,A,2.1483027740990828
1985-05-01,Nyagatare,A,-1.3830183555101574
1985-06-01,Nyagatare,off,-0.3771530039730089
1985-07-01,Nyagatare,off,-0.09277256719083142
1985-08-01,Nyagatare,off,-1.930105923669669
1985-09-01,Nyagatare,off,0.13411243866389402
1985-10-01,Nyagatare,B,0.13040156080734158
1985-11-01,Nyagatare,B,-0.02535733636539254
1985-12-01,Nyagatare,B,-0.10983137505841051
1986-01-01,Nyagatare,off,-0.2175100419272346
1986-02-01,Nyagatare,off,-0.2190434271580242
1986-03-01,Nyagatare,A,-0.6371480722131657
1986-04-01,Nyagatare,A,0.9343069599666914
1986-05-01,Nyagatare,A,-0.8311844473672233
1986-06-01,Nyagatare,off,0.1395233556579941
1986-07-01,Nyagatare,off,-0.3961393057236127
1986-08-01,Nyagatare,off,-1.6610433998382488
1986-09-01,Nyagatare,off,-0.3307653855669371
1986-10-01,Nyagatare,B,-0.7913402986763447
1986-11-01,Nyagatare,B,-0.3227104427663605
1986-12-01,Nyagatare,B,0.4454314500319453
1987-01-01,Nyagatare,off,0.5807385902583898
1987-02-01,Nyagatare,off,0.18652240398866113
1987-03-01,Nyagatare,A,-0.20488577303604244
1987-04-01,Nyagatare,A,-0.7547216702447688
1987-05-01,Nyagatare,A,0.3520120342944295
1987-06-01,Nyagatare,off,0.41485530432624196
1987-07-01,Nyagatare,off,-0.600561143669856
1987-08-01,Nyagatare,off,-0.6119371236551907
1987-09-01,Nyagatare,off,1.4032197066809864
1987-10-01,Nyagatare,B,-0.3849934986388993
1987-11-01,Nyagatare,B,1.6257096702610285
1987-12-01,Nyagatare,B,-1.4382692221415239
1988-01-01,Nyagatare,off,0.19219078273040777
1988-02-01,Nyagatare,off,0.165999903478261
1988-03-01,Nyagatare,A,-0.085145960338172
1988-04-01,Nyagatare,A,0.16904187673502674
1988-05-01,Nyagatare,A,-0.5804263617627607
1988-06-01,Nyagatare,off,-1.0703217878844364
1988-07-01,Nyagatare,off,2.7138470806256776
1988-08-01,Nyagatare,off,4.740750811828583
1988-09-01,Nyagatare,off,1.9316461979683806
1988-10-01,Nyagatare,B,0.06443142285748298
1988-11-01,Nyagatare,B,-0.5180674717460854
1988-12-01,Nyagatare,B,-0.7661032653663853
1989-01-01,Nyagatare,off,-0.9193985960063106
1989-02-01,Nyagatare,off,-1.2034124275744715
1989-03-01,Nyagatare,A,-0.040161410698565964
1989-04-01,Nyagatare,A,-0.1471599903819736
1989-05-01,Nyagatare,A,-0.38803407705289455
1989-06-01,Nyagatare,off,0.7411685655135967
1989-07-01,Nyagatare,off,0.5288071632995485
1989-08-01,Nyagatare,off,0.23386396371078613
1989-09-01,Nyagatare,off,0.0069276944038060215
1989-10-01,Nyagatare,B,-0.7345876155633917
1989-11-01,Nyagatare,B,-0.547459670139378
1989-12-01,Nyagatare,B,1.6649509488316634
1990-01-01,Nyagatare,off,-0.598807337516107
1990-02-01,Nyagatare,off,2.4070719186046454
1990-03-01,Nyagatare,A,-0.4674812693047944
1990-04-01,Nyagatare,A,0.7684014042371446
1990-05-01,Nyagatare,A,-0.890936173576113
1990-06-01,Nyagatare,off,-1.0954461369733008
1990-07-01,Nyagatare,off,-0.33341377472772143
1990-08-01,Nyagatare,off,-0.8650565469312808
1990-09-01,Nyagatare,off,0.08261174392131916
1990-10-01,Nyagatare,B,-0.7987665011958892
1990-11-01,Nyagatare,B,-0.5532031677212771
1990-12-01,Nyagatare,B,-0.5279313229507172
1991-01-01,Nyagatare,off,0.06441548350035207
1991-02-01,Nyagatare,off,-0.010417199292549459
1991-03-01,Nyagatare,A,-0.44179680143052
1991-04-01,Nyagatare,A,-0.5297003054706803
1991-05-01,Nyagatare,A,1.7597953216375846
1991-06-01,Nyagatare,off,0.5408711226576027
1991-07-01,Nyagatare,off,1.2938043890323179
1991-08-01,Nyagatare,off,-1.1753648814555402
1991-09-01,Nyagatare,off,-1.1896684814339156
1991-10-01,Nyagatare,B,0.7395234855655597
1991-11-01,Nyagatare,B,-0.7842929926776239
1991-12-01,Nyagatare,B,-0.07556945866602452
1992-01-01,Nyagatare,off,-1.234870638467474
1992-02-01,Nyagatare,off,-0.49232901034268134
1992-03-01,Nyagatare,A,-0.5626901729431748
1992-04-01,Nyagatare,A,-0.5255840529241272
1992-05-01,Nyagatare,A,-0.8919735193368102
1992-06-01,Nyagatare,off,0.7335779503731137
1992-07-01,Nyagatare,off,-0.3817890679254199
1992-08-01,Nyagatare,off,-1.7697358551232003
1992-09-01,Nyagatare,off,0.4862704792702823
1992-10-01,Nyagatare,B,0.5196826264502881
1992-11-01,Nyagatare,B,-0.6864797149169988
1992-12-01,Nyagatare,B,0.0379784204600531
1993-01-01,Nyagatare,off,0.6682196715302422
1993-02-01,Nyagatare,off,-0.1255816892680644
1993-03-01,Nyagatare,A,-0.6117489271767521
1993-04-01,Nyagatare,A,-0.8799527285742486
1993-05-01,Nyagatare,A,0.421548451400284
1993-06-01,Nyagatare,off,-0.5587233235556109
1993-07-01,Nyagatare,off,-0.525015791595023
1993-08-01,Nyagatare,off,1.5368278211171948
1993-09-01,Nyagatare,off,-1.4673994762155305
1993-10-01,Nyagatare,B,-1.4670479639155964
1993-11-01,Nyagatare,B,-0.36343988743420363
1993-12-01,Nyagatare,B,-1.0806156440796169
1994-01-01,Nyagatare,off,0.9196627918393514
1994-02-01,Nyagatare,off,-0.19990133219949843
1994-03-01,Nyagatare,A,0.45918746096638097
1994-04-01,Nyagatare,A,-0.43866812140904554
1994-05-01,Nyagatare,A,1.7913722253051563
1994-06-01,Nyagatare,off,-0.704422090110244
1994-07-01,Nyagatare,off,0.06567644520847524
1994-08-01,Nyagatare,off,-0.07920336981379754
1994-09-01,Nyagatare,off,-0.4989221698413619
1994-10-01,Nyagatare,B,-0.3019964792226577
1994-11-01,Nyagatare,B,1.022580359619198
1994-12-01,Nyagatare,B,1.3928286883611847
1995-01-01,Nyagatare,off,0.0674585654782949
1995-02-01,Nyagatare,off,-0.14920902633377495
1995-03-01,Nyagatare,A,-0.16319088257972234
1995-04-01,Nyagatare,A,0.33646729845004714
1995-05-01,Nyagatare,A,0.17803961403122456
1995-06-01,Nyagatare,off,3.6852742887120185
1995-07-01,Nyagatare,off,-0.5759083825765311
1995-08-01,Nyagatare,off,-1.8737779761412416
1995-09-01,Nyagatare,off,0.07686492017589046
1995-10-01,Nyagatare,B,0.4567464861177639
1995-11-01,Nyagatare,B,0.03624984069350661
1995-12-01,Nyagatare,B,-0.3578491310965562
1996-01-01,Nyagatare,off,0.10653682627076247
1996-02-01,Nyagatare,off,0.20611648761353732
1996-03-01,Nyagatare,A,-0.5193133405401262
1996-04-01,Nyagatare,A,-0.7580640354100118
1996-05-01,Nyagatare,A,-1.6123194317130911
1996-06-01,Nyagatare,off,0.5306107546106503
1996-07-01,Nyagatare,off,1.9239014825060743
1996-08-01,Nyagatare,off,1.4588548226913314
1996-09-01,Nyagatare,off,-0.0910921035390059
1996-10-01,Nyagatare,B,-1.2722112470545195
1996-11-01,Nyagatare,B,-0.06579881157063042
1996-12-01,Nyagatare,B,-0.002091513933672803
1997-01-01,Nyagatare,off,1.1483181154481457
1997-02-01,Nyagatare,off,-1.8570176765483137
1997-03-01,Nyagatare,A,-0.3890678224502013
1997-04-01,Nyagatare,A,1.2695609487226436
1997-05-01,Nyagatare,A,0.082018446952742
1997-06-01,Nyagatare,off,0.8487006189089754
1997-07-01,Nyagatare,off,-0.529527809914711
1997-08-01,Nyagatare,off,-0.645329373462682
1997-09-01,Nyagatare,off,-0.993202433234203
1997-10-01,Nyagatare,B,0.7890722468722892
1997-11-01,Nyagatare,B,1.3804065524544038
1997-12-01,Nyagatare,B,1.593794654321507
1998-01-01,Nyagatare,off,2.9473296927855244
1998-02-01,Nyagatare,off,1.167015029049907
1998-03-01,Nyagatare,A,-0.22135668448012963
1998-04-01,Nyagatare,A,-0.904912438529245
1998-05-01,Nyagatare,A,1.4655557188918766
1998-06-01,Nyagatare,off,0.1407863440607406
1998-07-01,Nyagatare,off,-0.16701754430797147
1998-08-01,Nyagatare,off,-0.6845261958906536
1998-09-01,Nyagatare,off,-0.9721225320935359
1998-10-01,Nyagatare,B,-0.05148523310166589
1998-11-01,Nyagatare,B,-0.44673239892662564
1998-12-01,Nyagatare,B,-0.7658929063861473
1999-01-01,Nyagatare,off,0.1902931289452866
1999-02-01,Nyagatare,off,-1.764486811420893
1999-03-01,Nyagatare,A,0.7994387302654078
1999-04-01,Nyagatare,A,-0.5832878399806594
1999-05-01,Nyagatare,A,-1.4435794600997431
1999-06-01,Nyagatare,off,-0.13824916251994743
1999-07-01,Nyagatare,off,-0.41185548801145283
1999-08-01,Nyagatare,off,1.1234685742285628
1999-09-01,Nyagatare,off,-0.7419800676565801
1999-10-01,Nyagatare,B,-0.6019873405985006
1999-11-01,Nyagatare,B,-0.4332211888593041
1999-12-01,Nyagatare,B,-0.6614672512931125
2000-01-01,Nyagatare,off,-0.5035161619977245
2000-02-01,Nyagatare,off,-0.9129943006031209
2000-03-01,Nyagatare,A,-0.7450589863641683
2000-04-01,Nyagatare,A,-1.0285443751917194
2000-05-01,Nyagatare,A,-0.6258900100897489
2000-06-01,Nyagatare,off,-0.6768824098206222
2000-07-01,Nyagatare,off,0.19719485866133943
2000-08-01,Nyagatare,off,-1.3512439325688772
2000-09-01,Nyagatare,off,-1.6475054850888224
2000-10-01,Nyagatare,B,0.8235650276258141
2000-11-01,Nyagatare,B,0.6848502507455013
2000-12-01,Nyagatare,B,-0.23455971774727144
2001-01-01,Nyagatare,off,0.5828948741210002
2001-02-01,Nyagatare,off,-0.7105792360649026
2001-03-01,Nyagatare,A,0.784833415066184
2001-04-01,Nyagatare,A,-0.15391037369654487
2001-05-01,Nyagatare,A,-1.0833242618359333
2001-06-01,Nyagatare,off,-0.7126973226947164
2001-07-01,Nyagatare,off,1.0959538580480157
2001-08-01,Nyagatare,off,0.15078625800504217
2001-09-01,Nyagatare,off,1.3614171868183984
2001-10-01,Nyagatare,B,1.3142386567961755
2001-11-01,Nyagatare,B,1.0485098906387125
2001-12-01,Nyagatare,B,-0.4103975792728084
2002-01-01,Nyagatare,off,1.2644113561177082
2002-02-01,Nyagatare,off,-0.16692553237204127
2002-03-01,Nyagatare,A,-0.08397900149540376
2002-04-01,Nyagatare,A,-0.1524153287593483
2002-05-01,Nyagatare,A,1.4309251825125844
2002-06-01,Nyagatare,off,-1.2349412628142544
2002-07-01,Nyagatare,off,-0.5692422739931194
2002-08-01,Nyagatare,off,-1.4410756338743156
2002-09-01,Nyagatare,off,-1.2391183877299259
2002-10-01,Nyagatare,B,0.29907560523674365
2002-11-01,Nyagatare,B,-0.4368195970859574
2002-12-01,Nyagatare,B,0.29552269034353335
2003-01-01,Nyagatare,off,-0.279467384130229
2003-02-01,Nyagatare,off,-1.2129957127127426
2003-03-01,Nyagatare,A,-0.9013185724828963
2003-04-01,Nyagatare,A,0.3715820360184792
2003-05-01,Nyagatare,A,0.48226090239135094
2003-06-01,Nyagatare,off,0.14612363243132448
2003-07-01,Nyagatare,off,-0.41316659252892113
2003-08-01,Nyagatare,off,0.5296045722602306
2003-09-01,Nyagatare,off,0.7040736876888464
2003-10-01,Nyagatare,B,-0.36454437639562093
2003-11-01,Nyagatare,B,-0.44268170399029316
2003-12-01,Nyagatare,B,-0.9960906757428719
2004-01-01,Nyagatare,off,0.5920495729549602
2004-02-01,Nyagatare,off,0.6625483838856226
2004-03-01,Nyagatare,A,0.04038329630089745
2004-04-01,Nyagatare,A,0.477298600213141
2004-05-01,Nyagatare,A,-0.6730105647239916
2004-06-01,Nyagatare,off,-1.188108486894887
2004-07-01,Nyagatare,off,-0.3098976674316705
2004-08-01,Nyagatare,off,-1.0538636088512816
2004-09-01,Nyagatare,off,0.783855832953428
2004-10-01,Nyagatare,B,-0.38180131154529484
2004-11-01,Nyagatare,B,0.17442810381991367
2004-12-01,Nyagatare,B,0.18513154307687163
2005-01-01,Nyagatare,off,-0.3380979428731201
2005-02-01,Nyagatare,off,-0.6776671698225032
2005-03-01,Nyagatare,A,0.9616955442112266
2005-04-01,Nyagatare,A,-0.272081858563962
2005-05-01,Nyagatare,A,-0.008508839791120406
2005-06-01,Nyagatare,off,-0.6568510370262837
2005-07-01,Nyagatare,off,-0.6619479355709936
2005-08-01,Nyagatare,off,1.11426710643572
2005-09-01,Nyagatare,off,0.8886414290116863
2005-10-01,Nyagatare,B,0.5243184519680364
2005-11-01,Nyagatare,B,-1.3258168906770513
2005-12-01,Nyagatare,B,-1.803382788914531
2006-01-01,Nyagatare,off,-0.26750176714837287
2006-02-01,Nyagatare,off,0.5144463032371791
2006-03-01,Nyagatare,A,-0.1676240028698718
2006-04-01,Nyagatare,A,0.6040729984205326
2006-05-01,Nyagatare,A,0.797626221497961
2006-06-01,Nyagatare,off,-0.967549963291522
2006-07-01,Nyagatare,off,0.42152448871678877
2006-08-01,Nyagatare,off,2.8244664933156667
2006-09-01,Nyagatare,off,-0.8607084643632078
2006-10-01,Nyagatare,B,-0.9588671147312295
2006-11-01,Nyagatare,B,1.427925436034396
2006-12-01,Nyagatare,B,2.100099392292433
2007-01-01,Nyagatare,off,-0.15456095459258307
2007-02-01,Nyagatare,off,1.2897053395466034
2007-03-01,Nyagatare,A,-0.4650602752808228
2007-04-01,Nyagatare,A,-0.14035618578146034
2007-05-01,Nyagatare,A,1.9178964459438146
2007-06-01,Nyagatare,off,0.6652145602721669
2007-07-01,Nyagatare,off,1.9606543973390902
2007-08-01,Nyagatare,off,0.35348928008413333
2007-09-01,Nyagatare,off,0.3183461091822986
2007-10-01,Nyagatare,B,-0.3506171216871903
2007-11-01,Nyagatare,B,-0.00484322875508234
2007-12-01,Nyagatare,B,-0.8773926436904053
2008-01-01,Nyagatare,off,-0.9036724948365455
2008-02-01,Nyagatare,off,-0.5763532301247671
2008-03-01,Nyagatare,A,0.6442726055049954
2008-04-01,Nyagatare,A,-1.4015572346181795
2008-05-01,Nyagatare,A,-0.8513779557314818
2008-06-01,Nyagatare,off,1.5530654838535247
2008-07-01,Nyagatare,off,-0.5266858594956014
2008-08-01,Nyagatare,off,2.2142415817344006
2008-09-01,Nyagatare,off,0.2268590513949058
2008-10-01,Nyagatare,B,-0.009345709688304314
2008-11-01,Nyagatare,B,-0.6157550825182891
2008-12-01,Nyagatare,B,-0.9101888545307093
2009-01-01,Nyagatare,off,-0.10579288797675356
2009-02-01,Nyagatare,off,2.8598406954829043
2009-03-01,Nyagatare,A,-0.7942164406259349
2009-04-01,Nyagatare,A,-0.3923223959730258
2009-05-01,Nyagatare,A,0.48853775446788955
2009-06-01,Nyagatare,off,-0.847925600656821
2009-07-01,Nyagatare,off,-0.6280412749027313
2009-08-01,Nyagatare,off,-1.0801432930931598
2009-09-01,Nyagatare,off,-1.2796250032847258
2009-10-01,Nyagatare,B,-0.713530949880502
2009-11-01,Nyagatare,B,-0.20014279498134932
2009-12-01,Nyagatare,B,-0.08246150793481317
2010-01-01,Nyagatare,off,0.6705912618923199
2010-02-01,Nyagatare,off,4.353925027113951
2010-03-01,Nyagatare,A,-0.13270071641300876
2010-04-01,Nyagatare,A,-0.6530539888830115
2010-05-01,Nyagatare,A,-0.6794590897569166
2010-06-01,Nyagatare,off,0.288703578237742
2010-07-01,Nyagatare,off,-0.1478248654359782
2010-08-01,Nyagatare,off,-1.8638964688499147
2010-09-01,Nyagatare,off,-0.6597673909815617
2010-10-01,Nyagatare,B,0.7365258373123935
2010-11-01,Nyagatare,B,-0.3214179242307685
2010-12-01,Nyagatare,B,0.5449687415353474
2011-01-01,Nyagatare,off,-0.27878856064851937
2011-02-01,Nyagatare,off,0.5655276152533816
2011-03-01,Nyagatare,A,0.1957935185461699
2011-04-01,Nyagatare,A,0.11625535154911963
2011-05-01,Nyagatare,A,-0.015283400380382308
2011-06-01,Nyagatare,off,1.8969456094854966
2011-07-01,Nyagatare,off,0.5440996471936419
2011-08-01,Nyagatare,off,2.3205573799207135
2011-09-01,Nyagatare,off,3.113457016593869
2011-10-01,Nyagatare,B,1.6218491150456262
2011-11-01,Nyagatare,B,0.30160730447411793
2011-12-01,Nyagatare,B,-0.39382195924706
2012-01-01,Nyagatare,off,-1.4148451387031356
2012-02-01,Nyagatare,off,-0.23564981717685773
2012-03-01,Nyagatare,A,-0.7289242320278061
2012-04-01,Nyagatare,A,1.5306454726188004
2012-05-01,Nyagatare,A,1.9107894835927497
2012-06-01,Nyagatare,off,1.018303867058285
2012-07-01,Nyagatare,off,-0.35905985462147083
2012-08-01,Nyagatare,off,2.385269393534923
2012-09-01,Nyagatare,off,0.5592097285715731
2012-10-01,Nyagatare,B,1.4490110476852103
2012-11-01,Nyagatare,B,0.2368892942281689
2012-12-01,Nyagatare,B,1.6042187792940785
2013-01-01,Nyagatare,off,0.1848822834815862
2013-02-01,Nyagatare,off,-0.4179522503880489
2013-03-01,Nyagatare,A,1.1088066307971969
2013-04-01,Nyagatare,A,0.1162814601445702
2013-05-01,Nyagatare,A,-0.8307697618036861
2013-06-01,Nyagatare,off,-1.2265802056733217
2013-07-01,Nyagatare,off,-0.3998303815815156
2013-08-01,Nyagatare,off,-0.6180625220346507
2013-09-01,Nyagatare,off,1.8160070561119246
2013-10-01,Nyagatare,B,-0.6018965804445452
2013-11-01,Nyagatare,B,0.8551739649901772
2013-12-01,Nyagatare,B,0.47176578349827325
2014-01-01,Nyagatare,off,-0.6203279016766983
2014-02-01,Nyagatare,off,0.15904006723516545
2014-03-01,Nyagatare,A,0.269056442900649
2014-04-01,Nyagatare,A,-0.5090129870004159
2014-05-01,Nyagatare,A,-1.870954444799744
2014-06-01,Nyagatare,off,-0.3688700103402998
2014-07-01,Nyagatare,off,-0.18692226061004266
2014-08-01,Nyagatare,off,-0.04679087187448215
2014-09-01,Nyagatare,off,0.36130359462417466
2014-10-01,Nyagatare,B,-0.24593960806105708
2014-11-01,Nyagatare,B,-0.11372203264984435
2014-12-01,Nyagatare,B,-0.3446870132173526
2015-01-01,Nyagatare,off,-1.7250938407185172
2015-02-01,Nyagatare,off,-0.8775968510563732
2015-03-01,Nyagatare,A,-0.2563624216429903
2015-04-01,Nyagatare,A,1.032858753326571
2015-05-01,Nyagatare,A,-1.289335123741261
2015-06-01,Nyagatare,off,0.32261852451049683
2015-07-01,Nyagatare,off,-0.38071663650426074
2015-08-01,Nyagatare,off,-0.43333822451297355
2015-09-01,Nyagatare,off,0.013580081072438877
2015-10-01,Nyagatare,B,-0.08424685899429786
2015-11-01,Nyagatare,B,0.3156260704056892
2015-12-01,Nyagatare,B,-0.5055398642667255
2016-01-01,Nyagatare,off,0.6934618431071587
2016-02-01,Nyagatare,off,-1.3657946581523168
2016-03-01,Nyagatare,A,0.6821859818362509
2016-04-01,Nyagatare,A,1.0503875159122555
2016-05-01,Nyagatare,A,-1.6713641156980643
2016-06-01,Nyagatare,off,-1.1459496502739326
2016-07-01,Nyagatare,off,-0.2522312311648847
2016-08-01,Nyagatare,off,-1.7551802535509302
2016-09-01,Nyagatare,off,0.38260315369688436
2016-10-01,Nyagatare,B,0.3757661113045378
2016-11-01,Nyagatare,B,0.408814204521407
2016-12-01,Nyagatare,B,-0.5925514200028612
2017-01-01,Nyagatare,off,-1.0698618951090504
2017-02-01,Nyagatare,off,-0.3984023963929077
2017-03-01,Nyagatare,A,-0.5032491032549459
2017-04-01,Nyagatare,A,-0.9355964639976118
2017-05-01,Nyagatare,A,0.21032254657540095
2017-06-01,Nyagatare,off,-1.128358751615422
2017-07-01,Nyagatare,off,0.321953339491433
2017-08-01,Nyagatare,off,0.5990727851311208
2017-09-01,Nyagatare,off,1.257063634367046
2017-10-01,Nyagatare,B,0.277109454380466
2017-11-01,Nyagatare,B,-0.05670610574869909
2017-12-01,Nyagatare,B,-1.217019333393245
2018-01-01,Nyagatare,off,0.503064684272096
2018-02-01,Nyagatare,off,-0.6409817081552678
2018-03-01,Nyagatare,A,2.438633037897615
2018-04-01,Nyagatare,A,2.921356528222927
2018-05-01,Nyagatare,A,2.0784172767268414
2018-06-01,Nyagatare,off,-0.27142438690620185
2018-07-01,Nyagatare,off,-0.40448869148785777
2018-08-01,Nyagatare,off,0.08080448071642908
2018-09-01,Nyagatare,off,-0.6089942200003391
2018-10-01,Nyagatare,B,-0.7986271838230887
2018-11-01,Nyagatare,B,-0.30554058395512057
2018-12-01,Nyagatare,B,2.137237200278013
2019-01-01,Nyagatare,off,1.3430142035457822
2019-02-01,Nyagatare,off,-0.3334568598710819
2019-03-01,Nyagatare,A,-1.0680133111772963
2019-04-01,Nyagatare,A,-0.0327475471727618
2019-05-01,Nyagatare,A,1.7093654011952701
2019-06-01,Nyagatare,off,0.3558865975462022
2019-07-01,Nyagatare,off,-0.28710706912408024
2019-08-01,Nyagatare,off,-0.2460514816043024
2019-09-01,Nyagatare,off,0.07004999259841183
2019-10-01,Nyagatare,B,0.03305095358591018
2019-11-01,Nyagatare,B,1.0648822570371406
2019-12-01,Nyagatare,B,0.28426896773095744
2020-01-01,Nyagatare,off,1.3234215505288758
2020-02-01,Nyagatare,off,0.07853901762225096
2020-03-01,Nyagatare,A,0.22225982559771984
2020-04-01,Nyagatare,A,1.8725809966807738
2020-05-01,Nyagatare,A,-1.18640810202708
2020-06-01,Nyagatare,off,-0.7810545134944609
2020-07-01,Nyagatare,off,-0.16212021557506004
2020-08-01,Nyagatare,off,-1.4926512924745114
2020-09-01,Nyagatare,off,-0.5208121646667093
2020-10-01,Nyagatare,B,1.927368918573085
2020-11-01,Nyagatare,B,-0.23911458277565803
2020-12-01,Nyagatare,B,1.6895645589535464
2021-01-01,Nyagatare,off,1.2588228529876144
2021-02-01,Nyagatare,off,0.14158665000256082
2021-03-01,Nyagatare,A,-0.19195132449351374
2021-04-01,Nyagatare,A,-0.21329043987659096
2021-05-01,Nyagatare,A,1.3119467632197532
2021-06-01,Nyagatare,off,-0.8788851135332549
2021-07-01,Nyagatare,off,-0.15976316972734206
2021-08-01,Nyagatare,off,0.23687169775013983
2021-09-01,Nyagatare,off,0.17999990460196053
2021-10-01,Nyagatare,B,0.09694041530436717
2021-11-01,Nyagatare,B,-0.6875415717609132
2021-12-01,Nyagatare,B,0.4840729223677406
2022-01-01,Nyagatare,off,0.2694807373810511
2022-02-01,Nyagatare,off,2.086667759793435
2022-03-01,Nyagatare,A,-0.5118782324859689
2022-04-01,Nyagatare,A,0.17739027299542626
2022-05-01,Nyagatare,A,0.6819149293128896
2022-06-01,Nyagatare,off,-0.954780356552323
2022-07-01,Nyagatare,off,0.2560691453153655
2022-08-01,Nyagatare,off,0.6521939414429176
2022-09-01,Nyagatare,off,-0.3548402048838941
2022-10-01,Nyagatare,B,-0.42210935871387467
2022-11-01,Nyagatare,B,0.2025700104561921
2022-12-01,Nyagatare,B,0.37062107280164125
2023-01-01,Nyagatare,off,1.655281421876274
2023-02-01,Nyagatare,off,-1.6704238724533231
2023-03-01,Nyagatare,A,0.6022105018262722
2023-04-01,Nyagatare,A,1.2266607114430295
2023-05-01,Nyagatare,A,-0.054019090172727526
2023-06-01,Nyagatare,off,-0.8629110403153764
2023-07-01,Nyagatare,off,-0.6296189374501877
2023-08-01,Nyagatare,off,-2.1328186261960225
2023-09-01,Nyagatare,off,0.6249005045501131
2023-10-01,Nyagatare,B,-0.17408075389862293
2023-11-01,Nyagatare,B,0.6221189853959982
2023-12-01,Nyagatare,B,1.0628117023571255
2024-01-01,Nyagatare,off,-0.49051187594279866
2024-02-01,Nyagatare,off,-0.6822457590997235
2024-03-01,Nyagatare,A,-1.1479319006770063
2024-04-01,Nyagatare,A,0.8016261298513623
2024-05-01,Nyagatare,A,-1.6563775077096663
2024-06-01,Nyagatare,off,-1.2066826781762992
2024-07-01,Nyagatare,off,0.0065064995740052615
2024-08-01,Nyagatare,off,-1.1966048318628384
2024-09-01,Nyagatare,off,0.03622213458582345
2024-10-01,Nyagatare,B,-0.10510564775148666
2024-11-01,Nyagatare,B,2.8947444779844447
2024-12-01,Nyagatare,B,0.07137813327245436
2025-01-01,Nyagatare,off,-0.4917086629617396
2025-02-01,Nyagatare,off,-1.3535614697931595
2025-03-01,Nyagatare,A,-1.3446974824204139
2025-04-01,Nyagatare,A,0.7622991220981313
2025-05-01,Nyagatare,A,0.6087186593680753
2025-06-01,Nyagatare,off,1.6414758642191476
2025-07-01,Nyagatare,off,-0.46046265891760346
2025-08-01,Nyagatare,off,0.37540929383338295
2025-09-01,Nyagatare,off,-1.25421111106449
2025-10-01,Nyagatare,B,0.711478752975636
2025-11-01,Nyagatare,B,-0.9591483245711768
2025-12-01,Nyagatare,B,1.3875074227998638
2026-01-01,Nyagatare,off,0.9442762231352371
2026-02-01,Nyagatare,off,0.8427352459526805
2026-03-01,Nyagatare,A,0.35762364174323713
2026-04-01,Nyagatare,A,-0.4117868545940978
2026-05-01,Nyagatare,A,-1.6304062267808965
2026-06-01,Nyagatare,off,-0.4972106858400549
2026-07-01,Nyagatare,off,0.43890406273468147
2026-08-01,Nyagatare,off,-1.8794918124512319
2026-09-01,Nyagatare,off,-0.9728219682517458
1981-01-01,Nyamagabe,off,-0.7706148045575492
1981-02-01,Nyamagabe,off,-0.9028821905129395
1981-03-01,Nyamagabe,A,0.1133429603655523
1981-04-01,Nyamagabe,A,1.266668906118418
1981-05-01,Nyamagabe,A,1.2730689665693902
1981-06-01,Nyamagabe,off,-0.25982198360482583
1981-07-01,Nyamagabe,off,-0.16887801891085347
1981-08-01,Nyamagabe,off,2.3800888177407313
1981-09-01,Nyamagabe,off,0.41639420592210025
1981-10-01,Nyamagabe,B,-0.20665939207195316
1981-11-01,Nyamagabe,B,-0.4616809719467409
1981-12-01,Nyamagabe,B,-0.5732124864201721
1982-01-01,Nyamagabe,off,0.728929465288611
1982-02-01,Nyamagabe,off,-0.4328940453496719
1982-03-01,Nyamagabe,A,-1.055501428876602
1982-04-01,Nyamagabe,A,1.2794382019111963
1982-05-01,Nyamagabe,A,0.051638781057386174
1982-06-01,Nyamagabe,off,-0.10726806403365029
1982-07-01,Nyamagabe,off,-0.5566290433596965
1982-08-01,Nyamagabe,off,-1.2256176420547473
1982-09-01,Nyamagabe,off,1.2630338261576848
1982-10-01,Nyamagabe,B,-0.20585212403251849
1982-11-01,Nyamagabe,B,0.8344635538430927
1982-12-01,Nyamagabe,B,0.8463030534911752
1983-01-01,Nyamagabe,off,-1.8354510730848617
1983-02-01,Nyamagabe,off,0.023499681496634194
1983-03-01,Nyamagabe,A,0.2088929618855194
1983-04-01,Nyamagabe,A,1.841710624768572
1983-05-01,Nyamagabe,A,-0.671019785469958
1983-06-01,Nyamagabe,off,-0.7014669179189083
1983-07-01,Nyamagabe,off,-0.21462081131324884
1983-08-01,Nyamagabe,off,2.1936473359886377
1983-09-01,Nyamagabe,off,-0.15234175621274762
1983-10-01,Nyamagabe,B,0.059318821796671084
1983-11-01,Nyamagabe,B,0.45385166556504186
1983-12-01,Nyamagabe,B,-0.15075940818081063
1984-01-01,Nyamagabe,off,0.5090668868063796
1984-02-01,Nyamagabe,off,-0.06828247856627186
1984-03-01,Nyamagabe,A,-0.16972207491218363
1984-04-01,Nyamagabe,A,-0.8314625478463336
1984-05-01,Nyamagabe,A,-2.356052684559624
1984-06-01,Nyamagabe,off,-1.219094315240559
1984-07-01,Nyamagabe,off,2.248591105458034
1984-08-01,Nyamagabe,off,1.3778026017732714
1984-09-01,Nyamagabe,off,-1.0949757751850662
1984-10-01,Nyamagabe,B,1.0114520399772389
1984-11-01,Nyamagabe,B,0.34179551091380694
1984-12-01,Nyamagabe,B,-0.3587996713886377
1985-01-01,Nyamagabe,off,-1.0464988160437831
1985-02-01,Nyamagabe,off,0.11073890875216086
1985-03-01,Nyamagabe,A,-0.30737197469728167
1985-04-01,Nyamagabe,A,1.965818886001738
1985-05-01,Nyamagabe,A,-1.0082066138075862
1985-06-01,Nyamagabe,off,0.5699314169453278
1985-07-01,Nyamagabe,off,-0.69693472960426
1985-08-01,Nyamagabe,off,-1.8429835303796023
1985-09-01,Nyamagabe,off,1.7132356245078648
1985-10-01,Nyamagabe,B,-0.08569162339948133
1985-11-01,Nyamagabe,B,0.3067689757143947
1985-12-01,Nyamagabe,B,-0.494598395025059
1986-01-01,Nyamagabe,off,1.0127737488768538
1986-02-01,Nyamagabe,off,-0.1318276801367497
1986-03-01,Nyamagabe,A,0.09304784024183371
1986-04-01,Nyamagabe,A,2.6409186477724003
1986-05-01,Nyamagabe,A,-0.4328857541449228
1986-06-01,Nyamagabe,off,-0.27602292953878865
1986-07-01,Nyamagabe,off,-0.72358460385601
1986-08-01,Nyamagabe,off,-1.3370687318421062
1986-09-01,Nyamagabe,off,-0.9491598337685772
1986-10-01,Nyamagabe,B,0.5176112572462802
1986-11-01,Nyamagabe,B,0.020107783706989176
1986-12-01,Nyamagabe,B,-0.1832790692296241
1987-01-01,Nyamagabe,off,0.39342025433283784
1987-02-01,Nyamagabe,off,1.0716443692094695
1987-03-01,Nyamagabe,A,0.7807862942937444
1987-04-01,Nyamagabe,A,-0.3615044100295708
1987-05-01,Nyamagabe,A,1.735152799583802
1987-06-01,Nyamagabe,off,-0.012773725961165891
1987-07-01,Nyamagabe,off,-0.40002864106279723
1987-08-01,Nyamagabe,off,-0.623261378477289
1987-09-01,Nyamagabe,off,1.3144226564070502
1987-10-01,Nyamagabe,B,0.11934287364592686
1987-11-01,Nyamagabe,B,1.6402866520884607
1987-12-01,Nyamagabe,B,-0.664468711514395
1988-01-01,Nyamagabe,off,0.3635013170577009
1988-02-01,Nyamagabe,off,0.9182217585368221
1988-03-01,Nyamagabe,A,0.7105829600060991
1988-04-01,Nyamagabe,A,0.63964193565203
1988-05-01,Nyamagabe,A,-0.8675177603254408
1988-06-01,Nyamagabe,off,-1.3106248883494787
1988-07-01,Nyamagabe,off,0.399723716569569
1988-08-01,Nyamagabe,off,4.401010687679335
1988-09-01,Nyamagabe,off,-0.1295177959247512
1988-10-01,Nyamagabe,B,-0.007595153052671344
1988-11-01,Nyamagabe,B,1.2423767438364766
1988-12-01,Nyamagabe,B,-0.876479871190948
1989-01-01,Nyamagabe,off,-0.18015627214427207
1989-02-01,Nyamagabe,off,0.23028266868778532
1989-03-01,Nyamagabe,A,0.6303946300587633
1989-04-01,Nyamagabe,A,-0.1473493946766786
1989-05-01,Nyamagabe,A,-0.7409856846407643
1989-06-01,Nyamagabe,off,-0.43951265287159313
1989-07-01,Nyamagabe,off,1.1412482380358975
1989-08-01,Nyamagabe,off,0.40517166276991057
1989-09-01,Nyamagabe,off,-0.25404037888129144
1989-10-01,Nyamagabe,B,0.035846023626846656
1989-11-01,Nyamagabe,B,0.10813130214276123
1989-12-01,Nyamagabe,B,0.3979077496465412
1990-01-01,Nyamagabe,off,-0.6185274299418556
1990-02-01,Nyamagabe,off,2.875828808818841
1990-03-01,Nyamagabe,A,0.19148193165506533
1990-04-01,Nyamagabe,A,0.5814512622557757
1990-05-01,Nyamagabe,A,-0.8764590523165565
1990-06-01,Nyamagabe,off,-1.5061420363987053
1990-07-01,Nyamagabe,off,-0.4146692504097606
1990-08-01,Nyamagabe,off,-0.7065745839900714
1990-09-01,Nyamagabe,off,0.5702525023676198
1990-10-01,Nyamagabe,B,-0.494247324971891
1990-11-01,Nyamagabe,B,-0.7569034234645441
1990-12-01,Nyamagabe,B,-0.464413639454084
1991-01-01,Nyamagabe,off,-0.5908496848152565
1991-02-01,Nyamagabe,off,-0.45543244745983846
1991-03-01,Nyamagabe,A,-0.5456431970663876
1991-04-01,Nyamagabe,A,-0.036796344584041095
1991-05-01,Nyamagabe,A,1.5503923879892403
1991-06-01,Nyamagabe,off,1.7346625963002462
1991-07-01,Nyamagabe,off,-0.16541479404473158
1991-08-01,Nyamagabe,off,-1.511792821812231
1991-09-01,Nyamagabe,off,-0.8200279997244756
1991-10-01,Nyamagabe,B,1.6472641665557095
1991-11-01,Nyamagabe,B,-0.3002039896770843
1991-12-01,Nyamagabe,B,-0.480351084086413
1992-01-01,Nyamagabe,off,-0.9126024355113787
1992-02-01,Nyamagabe,off,0.24248739022618332
1992-03-01,Nyamagabe,A,-0.5672808449641125
1992-04-01,Nyamagabe,A,0.7467030823963633
1992-05-01,Nyamagabe,A,0.3557248257557665
1992-06-01,Nyamagabe,off,1.1332060420162735
1992-07-01,Nyamagabe,off,-0.6609649392497041
1992-08-01,Nyamagabe,off,-1.8392958864523183
1992-09-01,Nyamagabe,off,0.2766267778751965
1992-10-01,Nyamagabe,B,1.3376766462761867
1992-11-01,Nyamagabe,B,-0.2998035812767494
1992-12-01,Nyamagabe,B,-0.5156030264768687
1993-01-01,Nyamagabe,off,0.6011977772126191
1993-02-01,Nyamagabe,off,0.7839969895072565
1993-03-01,Nyamagabe,A,-0.8214288725927276
1993-04-01,Nyamagabe,A,-0.39273424356470454
1993-05-01,Nyamagabe,A,0.15411977543548566
1993-06-01,Nyamagabe,off,-0.9068152313851838
1993-07-01,Nyamagabe,off,-0.7065194985886527
1993-08-01,Nyamagabe,off,2.330305698548193
1993-09-01,Nyamagabe,off,-1.9253946414578067
1993-10-01,Nyamagabe,B,-1.6696681388120758
1993-11-01,Nyamagabe,B,-0.6349718760657191
1993-12-01,Nyamagabe,B,-1.2296857954909675
1994-01-01,Nyamagabe,off,0.9584778291594035
1994-02-01,Nyamagabe,off,-0.3767903363357972
1994-03-01,Nyamagabe,A,-0.009150003815158382
1994-04-01,Nyamagabe,A,-0.11245426939364093
1994-05-01,Nyamagabe,A,0.27066924060156333
1994-06-01,Nyamagabe,off,-0.9647421536078813
1994-07-01,Nyamagabe,off,0.025774538208018918
1994-08-01,Nyamagabe,off,-0.31757038369566726
1994-09-01,Nyamagabe,off,-0.703710790511722
1994-10-01,Nyamagabe,B,-0.21385087641081657
1994-11-01,Nyamagabe,B,0.40889038167828345
1994-12-01,Nyamagabe,B,0.8709924439853295
1995-01-01,Nyamagabe,off,-0.030311259532034125
1995-02-01,Nyamagabe,off,-0.35648498282101115
1995-03-01,Nyamagabe,A,0.04899434105483067
1995-04-01,Nyamagabe,A,0.5191073994644505
1995-05-01,Nyamagabe,A,0.4441036393517842
1995-06-01,Nyamagabe,off,3.8048864683996126
1995-07-01,Nyamagabe,off,-0.13789634226965847
1995-08-01,Nyamagabe,off,-1.7947545804806673
1995-09-01,Nyamagabe,off,-0.46336224654493813
1995-10-01,Nyamagabe,B,1.1864777821486592
1995-11-01,Nyamagabe,B,0.342533882449117
1995-12-01,Nyamagabe,B,-0.8229164055873355
1996-01-01,Nyamagabe,off,-0.2495252045731026
1996-02-01,Nyamagabe,off,-0.4090962092380316
1996-03-01,Nyamagabe,A,-0.5697547587363779
1996-04-01,Nyamagabe,A,-0.7427556296985234
1996-05-01,Nyamagabe,A,-0.6653783588957666
1996-06-01,Nyamagabe,off,-0.010193786988437571
1996-07-01,Nyamagabe,off,1.055488048129564
1996-08-01,Nyamagabe,off,1.5240849632092808
1996-09-01,Nyamagabe,off,0.021984355929392525
1996-10-01,Nyamagabe,B,-0.36943646931980173
1996-11-01,Nyamagabe,B,-0.3337043298805635
1996-12-01,Nyamagabe,B,-0.22849013417782774
1997-01-01,Nyamagabe,off,1.477774098345571
1997-02-01,Nyamagabe,off,-1.0269546178406461
1997-03-01,Nyamagabe,A,-0.7439631925601461
1997-04-01,Nyamagabe,A,0.5804400078638693
1997-05-01,Nyamagabe,A,1.06303912088264
1997-06-01,Nyamagabe,off,2.0277211683143475
1997-07-01,Nyamagabe,off,0.2861202300291957
1997-08-01,Nyamagabe,off,-0.6340883289425876
1997-09-01,Nyamagabe,off,-1.3760804062099092
1997-10-01,Nyamagabe,B,0.27876747607904306
1997-11-01,Nyamagabe,B,0.5270773597824202
1997-12-01,Nyamagabe,B,1.175873444851982
1998-01-01,Nyamagabe,off,1.6023551854057623
1998-02-01,Nyamagabe,off,2.305783949399389
1998-03-01,Nyamagabe,A,0.22959018272396664
1998-04-01,Nyamagabe,A,0.1173216369373642
1998-05-01,Nyamagabe,A,0.48056983435673645
1998-06-01,Nyamagabe,off,1.6525010277693768
1998-07-01,Nyamagabe,off,0.22712946673241288
1998-08-01,Nyamagabe,off,-1.0749202935942423
1998-09-01,Nyamagabe,off,0.5862522105402742
1998-10-01,Nyamagabe,B,-0.32449751489679307
1998-11-01,Nyamagabe,B,-0.8338154327448831
1998-12-01,Nyamagabe,B,-1.0506109810120654
1999-01-01,Nyamagabe,off,0.6564960695108594
1999-02-01,Nyamagabe,off,-1.8902861369095199
1999-03-01,Nyamagabe,A,1.7767129744931727
1999-04-01,Nyamagabe,A,-0.7617103459595889
1999-05-01,Nyamagabe,A,-1.3996252015672797
1999-06-01,Nyamagabe,off,-0.6613620993150273
1999-07-01,Nyamagabe,off,-0.6681577410950761
1999-08-01,Nyamagabe,off,3.4004746655298272
1999-09-01,Nyamagabe,off,0.5432582250999463
1999-10-01,Nyamagabe,B,-1.493685273593731
1999-11-01,Nyamagabe,B,0.1701165760075703
1999-12-01,Nyamagabe,B,0.21944220242296253
2000-01-01,Nyamagabe,off,-0.9038624267128298
2000-02-01,Nyamagabe,off,-0.8634822606065571
2000-03-01,Nyamagabe,A,-0.32890218902551766
2000-04-01,Nyamagabe,A,-0.6827512268687423
2000-05-01,Nyamagabe,A,-1.006918978352148
2000-06-01,Nyamagabe,off,-1.6777102780426265
2000-07-01,Nyamagabe,off,-0.4892179256020015
2000-08-01,Nyamagabe,off,-1.5611403801678583
2000-09-01,Nyamagabe,off,-1.103089048409243
2000-10-01,Nyamagabe,B,-0.14174682318666315
2000-11-01,Nyamagabe,B,0.9906402074303952
2000-12-01,Nyamagabe,B,0.5382669652719064
2001-01-01,Nyamagabe,off,1.3893953642542562
2001-02-01,Nyamagabe,off,-1.0184079758378004
2001-03-01,Nyamagabe,A,0.2630130512732016
2001-04-01,Nyamagabe,A,-0.26605582243728887
2001-05-01,Nyamagabe,A,-0.36801129072803657
2001-06-01,Nyamagabe,off,-0.7591614706101352
2001-07-01,Nyamagabe,off,2.8611297521573005
2001-08-01,Nyamagabe,off,0.3309112034841446
2001-09-01,Nyamagabe,off,2.1891615670627727
2001-10-01,Nyamagabe,B,0.5629698715655834
2001-11-01,Nyamagabe,B,0.30156630152305197
2001-12-01,Nyamagabe,B,-0.29745778365458825
2002-01-01,Nyamagabe,off,0.5780415213391965
2002-02-01,Nyamagabe,off,-0.5937633050268074
2002-03-01,Nyamagabe,A,-0.4151224385751252
2002-04-01,Nyamagabe,A,0.23463918568207273
2002-05-01,Nyamagabe,A,1.0328485160370808
2002-06-01,Nyamagabe,off,-1.6011122101191169
2002-07-01,Nyamagabe,off,-0.38639347090660076
2002-08-01,Nyamagabe,off,-1.21029453026311
2002-09-01,Nyamagabe,off,-0.9931147357659471
2002-10-01,Nyamagabe,B,-0.34539396316334287
2002-11-01,Nyamagabe,B,-0.4477673990359914
2002-12-01,Nyamagabe,B,0.9300506499859531
2003-01-01,Nyamagabe,off,-1.105817581672026
2003-02-01,Nyamagabe,off,-0.5349186032273954
2003-03-01,Nyamagabe,A,-1.098495107655932
2003-04-01,Nyamagabe,A,0.5260276705454823
2003-05-01,Nyamagabe,A,-0.04801298167257354
2003-06-01,Nyamagabe,off,-0.9341694945905838
2003-07-01,Nyamagabe,off,-0.7089516496761721
2003-08-01,Nyamagabe,off,0.26576090417883297
2003-09-01,Nyamagabe,off,0.6142462026600922
2003-10-01,Nyamagabe,B,0.8599307956365412
2003-11-01,Nyamagabe,B,-0.1777456327578433
2003-12-01,Nyamagabe,B,-1.1239556369808787
2004-01-01,Nyamagabe,off,0.4306849491442571
2004-02-01,Nyamagabe,off,-0.0036471652962480677
2004-03-01,Nyamagabe,A,0.04943525142247832
2004-04-01,Nyamagabe,A,0.4307283927855824
2004-05-01,Nyamagabe,A,-1.204722022908673
2004-06-01,Nyamagabe,off,-1.7268710344194624
2004-07-01,Nyamagabe,off,-0.2797173995127229
2004-08-01,Nyamagabe,off,-0.6024536801750051
2004-09-01,Nyamagabe,off,0.09415273981615252
2004-10-01,Nyamagabe,B,-0.6277026702006882
2004-11-01,Nyamagabe,B,-0.5061281670655764
2004-12-01,Nyamagabe,B,0.7374696333370628
2005-01-01,Nyamagabe,off,0.20823465158621032
2005-02-01,Nyamagabe,off,-0.4971800263121811
2005-03-01,Nyamagabe,A,0.7047505972085565
2005-04-01,Nyamagabe,A,-0.9596147249390957
2005-05-01,Nyamagabe,A,1.0870200108942132
2005-06-01,Nyamagabe,off,-0.5535756084488739
2005-07-01,Nyamagabe,off,-0.7024272552273997
2005-08-01,Nyamagabe,off,1.131076928783447
2005-09-01,Nyamagabe,off,-0.29965497562887994
2005-10-01,Nyamagabe,B,0.05552399417182192
2005-11-01,Nyamagabe,B,-0.9210226423206989
2005-12-01,Nyamagabe,B,-0.880861909194924
2006-01-01,Nyamagabe,off,-0.20033818892862088
2006-02-01,Nyamagabe,off,0.7639026755478869
2006-03-01,Nyamagabe,A,0.4269396643072409
2006-04-01,Nyamagabe,A,0.4749338141023542
2006-05-01,Nyamagabe,A,1.0788938351925073
2006-06-01,Nyamagabe,off,-1.541508408772522
2006-07-01,Nyamagabe,off,1.436095018473838
2006-08-01,Nyamagabe,off,2.3165216274409444
2006-09-01,Nyamagabe,off,-0.7933916639878786
2006-10-01,Nyamagabe,B,-1.0786493594718307
2006-11-01,Nyamagabe,B,1.1021450537548512
2006-12-01,Nyamagabe,B,1.4129070629395166
2007-01-01,Nyamagabe,off,0.05931141650146937
2007-02-01,Nyamagabe,off,0.29289216804991164
2007-03-01,Nyamagabe,A,-1.048924152442467
2007-04-01,Nyamagabe,A,0.18704681858287672
2007-05-01,Nyamagabe,A,1.1544543099517626
2007-06-01,Nyamagabe,off,1.4626768934888257
2007-07-01,Nyamagabe,off,0.8955469036405431
2007-08-01,Nyamagabe,off,-0.19635708178445824
2007-09-01,Nyamagabe,off,0.4625993863197888
2007-10-01,Nyamagabe,B,-0.5965481844084447
2007-11-01,Nyamagabe,B,-0.5327773484906274
2007-12-01,Nyamagabe,B,-0.5667509801915351
2008-01-01,Nyamagabe,off,-1.012163119925054
2008-02-01,Nyamagabe,off,0.04311122018327956
2008-03-01,Nyamagabe,A,-0.6014898560173927
2008-04-01,Nyamagabe,A,-1.0946332348507581
2008-05-01,Nyamagabe,A,-1.0079642834726017
2008-06-01,Nyamagabe,off,2.528249807163609
2008-07-01,Nyamagabe,off,0.23141704179131642
2008-08-01,Nyamagabe,off,-0.18825417824512514
2008-09-01,Nyamagabe,off,-1.10743688803308
2008-10-01,Nyamagabe,B,-0.5219252291078971
2008-11-01,Nyamagabe,B,-1.1462087648585826
2008-12-01,Nyamagabe,B,-0.5411140299304563
2009-01-01,Nyamagabe,off,-0.0031504085535952286
2009-02-01,Nyamagabe,off,0.9636265537308005
2009-03-01,Nyamagabe,A,-0.6513942085243121
2009-04-01,Nyamagabe,A,-0.942530163735113
2009-05-01,Nyamagabe,A,0.36571854421716776
2009-06-01,Nyamagabe,off,-0.9848572864416437
2009-07-01,Nyamagabe,off,-0.5723772781565122
2009-08-01,Nyamagabe,off,-1.1154088246108125
2009-09-01,Nyamagabe,off,-0.5068210619107245
2009-10-01,Nyamagabe,B,1.102237551797976
2009-11-01,Nyamagabe,B,0.47239050408211564
2009-12-01,Nyamagabe,B,-0.09171892037115938
2010-01-01,Nyamagabe,off,0.5798163956885466
2010-02-01,Nyamagabe,off,2.9380755395786324
2010-03-01,Nyamagabe,A,-0.4190944026784346
2010-04-01,Nyamagabe,A,0.11777556336068692
2010-05-01,Nyamagabe,A,0.052462904093872664
2010-06-01,Nyamagabe,off,0.21305479457759588
2010-07-01,Nyamagabe,off,-0.6727773618674816
2010-08-01,Nyamagabe,off,-1.8555901595498803
2010-09-01,Nyamagabe,off,0.4066000896966867
2010-10-01,Nyamagabe,B,-0.3693282520610967
2010-11-01,Nyamagabe,B,-0.5803429111470713
2010-12-01,Nyamagabe,B,0.05858372131200179
2011-01-01,Nyamagabe,off,0.2044082719520531
2011-02-01,Nyamagabe,off,-0.5523890007554196
2011-03-01,Nyamagabe,A,-0.5114298246122527
2011-04-01,Nyamagabe,A,-0.8447851736569121
2011-05-01,Nyamagabe,A,-0.6724012024015853
2011-06-01,Nyamagabe,off,3.8595537318695143
2011-07-01,Nyamagabe,off,1.9970306719692725
2011-08-01,Nyamagabe,off,0.28732263644293304
2011-09-01,Nyamagabe,off,0.8141429467831297
2011-10-01,Nyamagabe,B,0.6374763184026755
2011-11-01,Nyamagabe,B,1.1238393771480564
2011-12-01,Nyamagabe,B,0.43637612294694644
2012-01-01,Nyamagabe,off,-1.066237562255355
2012-02-01,Nyamagabe,off,-0.7386925191320418
2012-03-01,Nyamagabe,A,-0.3730617134129828
2012-04-01,Nyamagabe,A,-0.3617516696561476
2012-05-01,Nyamagabe,A,0.708922617860442
2012-06-01,Nyamagabe,off,1.4748352069962556
2012-07-01,Nyamagabe,off,-0.7807765505300006
2012-08-01,Nyamagabe,off,1.2464762334835253
2012-09-01,Nyamagabe,off,0.19249265222967932
2012-10-01,Nyamagabe,B,0.4642462694549977
2012-11-01,Nyamagabe,B,-0.34425208254427775
2012-12-01,Nyamagabe,B,0.8708226446551819
2013-01-01,Nyamagabe,off,-0.3029511724716473
2013-02-01,Nyamagabe,off,-1.669199424513981
2013-03-01,Nyamagabe,A,1.8877342504978722
2013-04-01,Nyamagabe,A,0.3578642064531041
2013-05-01,Nyamagabe,A,-0.8037096139862508
2013-06-01,Nyamagabe,off,-1.640103781154856
2013-07-01,Nyamagabe,off,-0.6234340172611177
2013-08-01,Nyamagabe,off,0.8713566891035787
2013-09-01,Nyamagabe,off,1.8282901740997626
2013-10-01,Nyamagabe,B,-0.8603302285061017
2013-11-01,Nyamagabe,B,-0.6123658154532325
2013-12-01,Nyamagabe,B,1.3062382151158023
2014-01-01,Nyamagabe,off,-0.4400905384848299
2014-02-01,Nyamagabe,off,0.7191296474402041
2014-03-01,Nyamagabe,A,0.07896919285186223
2014-04-01,Nyamagabe,A,-0.3942679347183578
2014-05-01,Nyamagabe,A,-1.4405192974320695
2014-06-01,Nyamagabe,off,-0.2718591433025789
2014-07-01,Nyamagabe,off,-0.8270721391329047
2014-08-01,Nyamagabe,off,-0.5062111926912197
2014-09-01,Nyamagabe,off,-0.07385604219747835
2014-10-01,Nyamagabe,B,-0.3422881687266346
2014-11-01,Nyamagabe,B,-0.16301142365972712
2014-12-01,Nyamagabe,B,-0.5397816446849995
2015-01-01,Nyamagabe,off,-1.785663706069616
2015-02-01,Nyamagabe,off,-0.35356959079036243
2015-03-01,Nyamagabe,A,0.1630555361708301
2015-04-01,Nyamagabe,A,-0.05490149630363345
2015-05-01,Nyamagabe,A,0.016104653760072953
2015-06-01,Nyamagabe,off,-0.5133657641322259
2015-07-01,Nyamagabe,off,-0.6495655549222366
2015-08-01,Nyamagabe,off,0.08867400258008966
2015-09-01,Nyamagabe,off,0.21793104517372502
2015-10-01,Nyamagabe,B,0.9728594348993647
2015-11-01,Nyamagabe,B,0.8287220649211678
2015-12-01,Nyamagabe,B,-0.10115981991642276
2016-01-01,Nyamagabe,off,0.606480069685189
2016-02-01,Nyamagabe,off,-0.9441170889663852
2016-03-01,Nyamagabe,A,0.4367433210970242
2016-04-01,Nyamagabe,A,0.5815980620111031
2016-05-01,Nyamagabe,A,-1.0681979437926183
2016-06-01,Nyamagabe,off,-1.237024556613378
2016-07-01,Nyamagabe,off,-0.6087108138854703
2016-08-01,Nyamagabe,off,-0.9666136716027319
2016-09-01,Nyamagabe,off,0.41959634870112533
2016-10-01,Nyamagabe,B,0.3943008711397702
2016-11-01,Nyamagabe,B,1.0078747372200136
2016-12-01,Nyamagabe,B,-1.2822512612724581
2017-01-01,Nyamagabe,off,-0.7951231969162363
2017-02-01,Nyamagabe,off,-0.3686192859081114
2017-03-01,Nyamagabe,A,-0.43735852973074085
2017-04-01,Nyamagabe,A,-0.5656434115307563
2017-05-01,Nyamagabe,A,0.22117471212338688
2017-06-01,Nyamagabe,off,-1.6689934732595622
2017-07-01,Nyamagabe,off,-0.5199260492755312
2017-08-01,Nyamagabe,off,0.12138064733272956
2017-09-01,Nyamagabe,off,0.7859976004242785
2017-10-01,Nyamagabe,B,-0.24686147900114377
2017-11-01,Nyamagabe,B,0.20903905745633375
2017-12-01,Nyamagabe,B,-0.789205820875472
2018-01-01,Nyamagabe,off,0.018108229066737758
2018-02-01,Nyamagabe,off,-0.332671847732935
2018-03-01,Nyamagabe,A,1.4280916207493157
2018-04-01,Nyamagabe,A,2.0785136224281033
2018-05-01,Nyamagabe,A,0.4401006911299035
2018-06-01,Nyamagabe,off,-1.1188518552823516
2018-07-01,Nyamagabe,off,-0.40859521603048626
2018-08-01,Nyamagabe,off,0.935212935788131
2018-09-01,Nyamagabe,off,-0.430192271098382
2018-10-01,Nyamagabe,B,-0.6660041744871457
2018-11-01,Nyamagabe,B,0.17147121121207518
2018-12-01,Nyamagabe,B,1.2248107475819068
2019-01-01,Nyamagabe,off,-0.12963097654849193
2019-02-01,Nyamagabe,off,-1.2319641163358435
2019-03-01,Nyamagabe,A,-0.9741690376097735
2019-04-01,Nyamagabe,A,0.0815721881884838
2019-05-01,Nyamagabe,A,0.597199553841664
2019-06-01,Nyamagabe,off,1.1064909739079998
2019-07-01,Nyamagabe,off,0.2460695086968527
2019-08-01,Nyamagabe,off,-0.4258869097016189
2019-09-01,Nyamagabe,off,-0.0523695440981202
2019-10-01,Nyamagabe,B,-0.04116923954716247
2019-11-01,Nyamagabe,B,0.5951782489862134
2019-12-01,Nyamagabe,B,0.9714804826135328
2020-01-01,Nyamagabe,off,-0.05306706157386212
2020-02-01,Nyamagabe,off,-0.11291039923302004
2020-03-01,Nyamagabe,A,-0.07680765429928547
2020-04-01,Nyamagabe,A,1.10277063083212
2020-05-01,Nyamagabe,A,-0.4506502963587098
2020-06-01,Nyamagabe,off,-1.0246989558361477
2020-07-01,Nyamagabe,off,-0.527373402464533
2020-08-01,Nyamagabe,off,-0.9772506626167452
2020-09-01,Nyamagabe,off,0.0382599227061009
2020-10-01,Nyamagabe,B,-0.08303468980072821
2020-11-01,Nyamagabe,B,-0.19212740886502547
2020-12-01,Nyamagabe,B,0.7374206811555953
2021-01-01,Nyamagabe,off,1.1287986647276456
2021-02-01,Nyamagabe,off,0.46947269283693105
2021-03-01,Nyamagabe,A,-0.14028464083452225
2021-04-01,Nyamagabe,A,-0.9953288963154381
2021-05-01,Nyamagabe,A,0.7793919294533302
2021-06-01,Nyamagabe,off,-1.1782388586614654
2021-07-01,Nyamagabe,off,-0.6968748284893974
2021-08-01,Nyamagabe,off,0.44745026489193307
2021-09-01,Nyamagabe,off,-0.42476328109081823
2021-10-01,Nyamagabe,B,0.025297964302133578
2021-11-01,Nyamagabe,B,-0.5937174762443902
2021-12-01,Nyamagabe,B,-0.2588808750766655
2022-01-01,Nyamagabe,off,0.7137067906525919
2022-02-01,Nyamagabe,off,1.247361802297677
2022-03-01,Nyamagabe,A,-0.07913423449893123
2022-04-01,Nyamagabe,A,-0.5232230979544031
2022-05-01,Nyamagabe,A,0.392924871885767
2022-06-01,Nyamagabe,off,-0.6863395467062513
2022-07-01,Nyamagabe,off,0.6691726401042178
2022-08-01,Nyamagabe,off,0.3101141928855176
2022-09-01,Nyamagabe,off,-0.4057229836957954
2022-10-01,Nyamagabe,B,-0.4334437295089453
2022-11-01,Nyamagabe,B,0.55386504975805
2022-12-01,Nyamagabe,B,0.2750130368433579
2023-01-01,Nyamagabe,off,0.8923768239724895
2023-02-01,Nyamagabe,off,-1.5022175479609488
2023-03-01,Nyamagabe,A,0.40510845653096184
2023-04-01,Nyamagabe,A,1.5473696191781765
2023-05-01,Nyamagabe,A,1.143776430804737
2023-06-01,Nyamagabe,off,-1.5331553493638583
2023-07-01,Nyamagabe,off,-0.7033731567533746
2023-08-01,Nyamagabe,off,-1.665021350146847
2023-09-01,Nyamagabe,off,0.16394746536122926
2023-10-01,Nyamagabe,B,-0.8979585210403301
2023-11-01,Nyamagabe,B,-0.2070907618752303
2023-12-01,Nyamagabe,B,-0.56221516873399
2024-01-01,Nyamagabe,off,-0.2176864104436427
2024-02-01,Nyamagabe,off,-1.4486384767199036
2024-03-01,Nyamagabe,A,-1.0937701090785026
2024-04-01,Nyamagabe,A,1.2771864015637042
2024-05-01,Nyamagabe,A,-1.027462153149473
2024-06-01,Nyamagabe,off,-1.5694690089170464
2024-07-01,Nyamagabe,off,-0.5393334653159286
2024-08-01,Nyamagabe,off,-1.1615093200301747
2024-09-01,Nyamagabe,off,-0.23847142718991896
2024-10-01,Nyamagabe,B,0.04157655225756002
2024-11-01,Nyamagabe,B,3.4293909803522484
2024-12-01,Nyamagabe,B,-0.6353411413380771
2025-01-01,Nyamagabe,off,0.039840589781459386
2025-02-01,Nyamagabe,off,-0.852880717332302
2025-03-01,Nyamagabe,A,-1.1073453213307627
2025-04-01,Nyamagabe,A,0.8296672622626303
2025-05-01,Nyamagabe,A,-0.16091440761131523
2025-06-01,Nyamagabe,off,1.3857205432997983
2025-07-01,Nyamagabe,off,-0.1386447086819263
2025-08-01,Nyamagabe,off,4.984964327011723
2025-09-01,Nyamagabe,off,-0.9473160515572865
2025-10-01,Nyamagabe,B,0.004021892436197127
2025-11-01,Nyamagabe,B,-0.23558063618596684
2025-12-01,Nyamagabe,B,0.3495656759129393
2026-01-01,Nyamagabe,off,2.6209885223827025
2026-02-01,Nyamagabe,off,-0.22342954624870237
2026-03-01,Nyamagabe,A,-0.01274486575394884
2026-04-01,Nyamagabe,A,-0.2878505261970398
2026-05-01,Nyamagabe,A,-1.638502692728622
2026-06-01,Nyamagabe,off,-1.1680946491549498
2026-07-01,Nyamagabe,off,0.5007451068194703
2026-08-01,Nyamagabe,off,-1.4559772605579435
2026-09-01,Nyamagabe,off,-0.06778114462428494
1981-01-01,Nyamasheke,off,0.043528485792676694
1981-02-01,Nyamasheke,off,-0.24137342160208752
1981-03-01,Nyamasheke,A,0.17074505241650353
1981-04-01,Nyamasheke,A,1.060977950681245
1981-05-01,Nyamasheke,A,1.1097026133885355
1981-06-01,Nyamasheke,off,-0.35699754783823595
1981-07-01,Nyamasheke,off,0.3645974785304395
1981-08-01,Nyamasheke,off,2.612999397015459
1981-09-01,Nyamasheke,off,0.7916108457771873
1981-10-01,Nyamasheke,B,0.3297703323713879
1981-11-01,Nyamasheke,B,-0.2970777170468408
1981-12-01,Nyamasheke,B,-0.7880199860690525
1982-01-01,Nyamasheke,off,1.404244793277824
1982-02-01,Nyamasheke,off,0.11682441166822646
1982-03-01,Nyamasheke,A,-0.7738115079380906
1982-04-01,Nyamasheke,A,0.6670092773102514
1982-05-01,Nyamasheke,A,0.38874794718735267
1982-06-01,Nyamasheke,off,0.15885969916889126
1982-07-01,Nyamasheke,off,-0.5989546173148784
1982-08-01,Nyamasheke,off,-0.4273286860486689
1982-09-01,Nyamasheke,off,1.0000092147952486
1982-10-01,Nyamasheke,B,0.5195680709513577
1982-11-01,Nyamasheke,B,1.9005027806532169
1982-12-01,Nyamasheke,B,-0.013290146063716392
1983-01-01,Nyamasheke,off,-1.3677796191360663
1983-02-01,Nyamasheke,off,-0.0026770461583026733
1983-03-01,Nyamasheke,A,1.474351819207286
1983-04-01,Nyamasheke,A,1.5945875005799253
1983-05-01,Nyamasheke,A,-0.5943499635290161
1983-06-01,Nyamasheke,off,-1.0078218287289702
1983-07-01,Nyamasheke,off,-0.13336039542344152
1983-08-01,Nyamasheke,off,1.6365624294441385
1983-09-01,Nyamasheke,off,-0.6724842622516768
1983-10-01,Nyamasheke,B,1.0277178244446399
1983-11-01,Nyamasheke,B,0.366347991713728
1983-12-01,Nyamasheke,B,-0.22071289456527882
1984-01-01,Nyamasheke,off,0.7005609887422412
1984-02-01,Nyamasheke,off,0.5719615217136701
1984-03-01,Nyamasheke,A,-0.027356526512477584
1984-04-01,Nyamasheke,A,0.1362732444014833
1984-05-01,Nyamasheke,A,-2.164164870355816
1984-06-01,Nyamasheke,off,-1.482572514638035
1984-07-01,Nyamasheke,off,2.887269717402217
1984-08-01,Nyamasheke,off,0.7641440965282634
1984-09-01,Nyamasheke,off,-1.1552648261824907
1984-10-01,Nyamasheke,B,0.6932568046481289
1984-11-01,Nyamasheke,B,0.5388627192449585
1984-12-01,Nyamasheke,B,-0.009733908892101607
1985-01-01,Nyamasheke,off,-0.38422293769218274
1985-02-01,Nyamasheke,off,-0.32215271618537467
1985-03-01,Nyamasheke,A,0.07290097225093678
1985-04-01,Nyamasheke,A,2.0186734927465473
1985-05-01,Nyamasheke,A,-0.8554166474465348
1985-06-01,Nyamasheke,off,0.5441648603493506
1985-07-01,Nyamasheke,off,-0.8227931739367945
1985-08-01,Nyamasheke,off,-1.949959259023126
1985-09-01,Nyamasheke,off,1.1544826093675415
1985-10-01,Nyamasheke,B,0.12968482180116195
1985-11-01,Nyamasheke,B,0.5567006439748129
1985-12-01,Nyamasheke,B,-0.23469652143217112
1986-01-01,Nyamasheke,off,1.1202366295772974
1986-02-01,Nyamasheke,off,0.24933797156503237
1986-03-01,Nyamasheke,A,-0.25484237805387916
1986-04-01,Nyamasheke,A,1.5431780246006621
1986-05-01,Nyamasheke,A,0.45115131229496996
1986-06-01,Nyamasheke,off,-0.03306208976283781
1986-07-01,Nyamasheke,off,-0.8788156579684692
1986-08-01,Nyamasheke,off,-1.3174898779026032
1986-09-01,Nyamasheke,off,-0.6826519933264432
1986-10-01,Nyamasheke,B,0.9311291513116589
1986-11-01,Nyamasheke,B,-0.030560331371904337
1986-12-01,Nyamasheke,B,-0.34141241934602234
1987-01-01,Nyamasheke,off,0.13870724179984775
1987-02-01,Nyamasheke,off,0.6545683590743869
1987-03-01,Nyamasheke,A,1.4259327072234227
1987-04-01,Nyamasheke,A,0.5058452675427424
1987-05-01,Nyamasheke,A,1.2996741257228344
1987-06-01,Nyamasheke,off,-0.17067008641287296
1987-07-01,Nyamasheke,off,-0.5737497325029712
1987-08-01,Nyamasheke,off,-0.6221370932638823
1987-09-01,Nyamasheke,off,1.455591167615576
1987-10-01,Nyamasheke,B,0.9195888154949772
1987-11-01,Nyamasheke,B,1.4997375169006602
1987-12-01,Nyamasheke,B,-0.672613296215717
1988-01-01,Nyamasheke,off,0.07905115282370963
1988-02-01,Nyamasheke,off,2.190721032658024
1988-03-01,Nyamasheke,A,1.255734942208011
1988-04-01,Nyamasheke,A,0.5936433359174247
1988-05-01,Nyamasheke,A,-0.4567488431793367
1988-06-01,Nyamasheke,off,-1.378981776246762
1988-07-01,Nyamasheke,off,0.2256085353970736
1988-08-01,Nyamasheke,off,3.036675691942346
1988-09-01,Nyamasheke,off,0.5779455312904315
1988-10-01,Nyamasheke,B,-0.09669893038770126
1988-11-01,Nyamasheke,B,1.195824830923129
1988-12-01,Nyamasheke,B,-0.6696089666922739
1989-01-01,Nyamasheke,off,0.5491692789411013
1989-02-01,Nyamasheke,off,-0.11496565319161013
1989-03-01,Nyamasheke,A,0.8810304309465304
1989-04-01,Nyamasheke,A,-0.668133906327581
1989-05-01,Nyamasheke,A,-0.9815336948960993
1989-06-01,Nyamasheke,off,-0.35737786110596154
1989-07-01,Nyamasheke,off,1.2346973960145742
1989-08-01,Nyamasheke,off,0.48392884499299443
1989-09-01,Nyamasheke,off,0.058840716594296294
1989-10-01,Nyamasheke,B,0.3387171631667152
1989-11-01,Nyamasheke,B,0.5420022200496979
1989-12-01,Nyamasheke,B,0.49684282513798617
1990-01-01,Nyamasheke,off,-0.5429150239457077
1990-02-01,Nyamasheke,off,3.287908276866261
1990-03-01,Nyamasheke,A,0.5371289897455963
1990-04-01,Nyamasheke,A,0.7307421857378902
1990-05-01,Nyamasheke,A,-0.3422972952430817
1990-06-01,Nyamasheke,off,-1.7245016781088645
1990-07-01,Nyamasheke,off,-0.6900514060391334
1990-08-01,Nyamasheke,off,0.4056206848400444
1990-09-01,Nyamasheke,off,1.3960644507821853
1990-10-01,Nyamasheke,B,-0.06128825060889928
1990-11-01,Nyamasheke,B,-0.21518461210767925
1990-12-01,Nyamasheke,B,-0.2150414497888111
1991-01-01,Nyamasheke,off,-0.0761485744582209
1991-02-01,Nyamasheke,off,-0.44137599071338474
1991-03-01,Nyamasheke,A,0.09100207516487367
1991-04-01,Nyamasheke,A,-0.11121968524079975
1991-05-01,Nyamasheke,A,1.3963619227920814
1991-06-01,Nyamasheke,off,2.451988006045449
1991-07-01,Nyamasheke,off,-0.03945054854682248
1991-08-01,Nyamasheke,off,-1.601080904431863
1991-09-01,Nyamasheke,off,-0.8485274587252188
1991-10-01,Nyamasheke,B,1.259134264460047
1991-11-01,Nyamasheke,B,0.4006490821079119
1991-12-01,Nyamasheke,B,-0.03627009054324551
1992-01-01,Nyamasheke,off,-0.6166495801280606
1992-02-01,Nyamasheke,off,0.2608466313095881
1992-03-01,Nyamasheke,A,-0.7067517727528694
1992-04-01,Nyamasheke,A,0.49556394599817677
1992-05-01,Nyamasheke,A,0.04560127075763493
1992-06-01,Nyamasheke,off,1.1507235776985716
1992-07-01,Nyamasheke,off,-0.9220076043195709
1992-08-01,Nyamasheke,off,-2.1320228881725773
1992-09-01,Nyamasheke,off,0.07074386806195335
1992-10-01,Nyamasheke,B,1.496137792452484
1992-11-01,Nyamasheke,B,-0.2658137845608553
1992-12-01,Nyamasheke,B,-0.3756271238685321
1993-01-01,Nyamasheke,off,0.08839928901680931
1993-02-01,Nyamasheke,off,1.4124658675198285
1993-03-01,Nyamasheke,A,-0.21326137728159195
1993-04-01,Nyamasheke,A,-0.23920461893490427
1993-05-01,Nyamasheke,A,0.6834732070079536
1993-06-01,Nyamasheke,off,-0.5337200200807343
1993-07-01,Nyamasheke,off,-1.0741237805848967
1993-08-01,Nyamasheke,off,0.6766202535087263
1993-09-01,Nyamasheke,off,-1.7826505546929643
1993-10-01,Nyamasheke,B,-1.6358284533436358
1993-11-01,Nyamasheke,B,-0.435416605556475
1993-12-01,Nyamasheke,B,0.1535649478954818
1994-01-01,Nyamasheke,off,1.1089705191157593
1994-02-01,Nyamasheke,off,-0.16570155233936915
1994-03-01,Nyamasheke,A,-0.27005246636115304
1994-04-01,Nyamasheke,A,0.13807605003282794
1994-05-01,Nyamasheke,A,0.2169724532571365
1994-06-01,Nyamasheke,off,-0.8036129302469148
1994-07-01,Nyamasheke,off,-0.31042437805843687
1994-08-01,Nyamasheke,off,-0.19787036336661554
1994-09-01,Nyamasheke,off,-0.47675225141500066
1994-10-01,Nyamasheke,B,0.12554153144622826
1994-11-01,Nyamasheke,B,0.6171502880722552
1994-12-01,Nyamasheke,B,0.45563438457346067
1995-01-01,Nyamasheke,off,-0.09645044418962409
1995-02-01,Nyamasheke,off,-0.15485761415427557
1995-03-01,Nyamasheke,A,0.07751694876088047
1995-04-01,Nyamasheke,A,1.092099585082832
1995-05-01,Nyamasheke,A,0.8151327278956308
1995-06-01,Nyamasheke,off,1.9663875577624645
1995-07-01,Nyamasheke,off,0.5404459091196068
1995-08-01,Nyamasheke,off,-2.0896140134028953
1995-09-01,Nyamasheke,off,-0.6681423482700931
1995-10-01,Nyamasheke,B,1.839628534402702
1995-11-01,Nyamasheke,B,0.8629281005691424
1995-12-01,Nyamasheke,B,-0.5134557382862436
1996-01-01,Nyamasheke,off,-0.22648599335573835
1996-02-01,Nyamasheke,off,-0.10222778900161443
1996-03-01,Nyamasheke,A,-0.5032509954308779
1996-04-01,Nyamasheke,A,-0.8068003647519448
1996-05-01,Nyamasheke,A,-0.8572763798267206
1996-06-01,Nyamasheke,off,0.39639441823247246
1996-07-01,Nyamasheke,off,1.3517341072307691
1996-08-01,Nyamasheke,off,0.28552766478078306
1996-09-01,Nyamasheke,off,0.4358201059104043
1996-10-01,Nyamasheke,B,-0.25644823842696673
1996-11-01,Nyamasheke,B,-0.20136080599220843
1996-12-01,Nyamasheke,B,-0.708201419614065
1997-01-01,Nyamasheke,off,1.2531996665497722
1997-02-01,Nyamasheke,off,-1.3229168821003285
1997-03-01,Nyamasheke,A,-0.7555666915992469
1997-04-01,Nyamasheke,A,0.3840331598695744
1997-05-01,Nyamasheke,A,0.7245842020046044
1997-06-01,Nyamasheke,off,2.046747873979307
1997-07-01,Nyamasheke,off,0.22196822950417783
1997-08-01,Nyamasheke,off,-0.967928477476069
1997-09-01,Nyamasheke,off,-1.503992152668688
1997-10-01,Nyamasheke,B,0.30980275855342027
1997-11-01,Nyamasheke,B,-0.25658664119367613
1997-12-01,Nyamasheke,B,0.6651777264888982
1998-01-01,Nyamasheke,off,1.1732233459910109
1998-02-01,Nyamasheke,off,1.4268484826340992
1998-03-01,Nyamasheke,A,0.10375673556393314
1998-04-01,Nyamasheke,A,0.13541785267753148
1998-05-01,Nyamasheke,A,-0.1432675284924014
1998-06-01,Nyamasheke,off,1.7373088719907241
1998-07-01,Nyamasheke,off,-0.2497929441188206
1998-08-01,Nyamasheke,off,-1.3673258208880432
1998-09-01,Nyamasheke,off,0.7362436017760685
1998-10-01,Nyamasheke,B,-0.3741601672676453
1998-11-01,Nyamasheke,B,-1.1178442752031823
1998-12-01,Nyamasheke,B,-0.914079881317305
1999-01-01,Nyamasheke,off,0.9140173839395201
1999-02-01,Nyamasheke,off,-1.7887618196642747
1999-03-01,Nyamasheke,A,1.218816473880858
1999-04-01,Nyamasheke,A,-0.7201381259244388
1999-05-01,Nyamasheke,A,-1.6409318706202802
1999-06-01,Nyamasheke,off,-1.1084660285801125
1999-07-01,Nyamasheke,off,-0.9420044243330367
1999-08-01,Nyamasheke,off,4.417463231281413
1999-09-01,Nyamasheke,off,0.307899814449692
1999-10-01,Nyamasheke,B,-1.1016162188903378
1999-11-01,Nyamasheke,B,0.6900043521555895
1999-12-01,Nyamasheke,B,0.12060517445034141
2000-01-01,Nyamasheke,off,-0.832298250099746
2000-02-01,Nyamasheke,off,-1.0735533482587192
2000-03-01,Nyamasheke,A,-0.17531947998902223
2000-04-01,Nyamasheke,A,-0.44603779670055865
2000-05-01,Nyamasheke,A,-1.1262381838142206
2000-06-01,Nyamasheke,off,-1.688433854478642
2000-07-01,Nyamasheke,off,-0.21063891414289498
2000-08-01,Nyamasheke,off,-1.517121189420413
2000-09-01,Nyamasheke,off,-1.023308559742878
2000-10-01,Nyamasheke,B,-0.012516869139633353
2000-11-01,Nyamasheke,B,0.8795085516187633
2000-12-01,Nyamasheke,B,0.18816676683524827
2001-01-01,Nyamasheke,off,0.9684228852762231
2001-02-01,Nyamasheke,off,-0.6801366952621319
2001-03-01,Nyamasheke,A,-0.08566342022823371
2001-04-01,Nyamasheke,A,-0.14800467318018587
2001-05-01,Nyamasheke,A,0.27876301349923105
2001-06-01,Nyamasheke,off,-0.3352561390314054
2001-07-01,Nyamasheke,off,2.5511098130381975
2001-08-01,Nyamasheke,off,0.3461712481035394
2001-09-01,Nyamasheke,off,1.7299685779258958
2001-10-01,Nyamasheke,B,0.06769548763077111
2001-11-01,Nyamasheke,B,-0.15534727187027045
2001-12-01,Nyamasheke,B,-0.3510958910389522
2002-01-01,Nyamasheke,off,0.6448108512951211
2002-02-01,Nyamasheke,off,-0.5963277954284147
2002-03-01,Nyamasheke,A,-0.5359352534317359
2002-04-01,Nyamasheke,A,0.21135705846990221
2002-05-01,Nyamasheke,A,0.6033031601512091
2002-06-01,Nyamasheke,off,-1.6907743141519573
2002-07-01,Nyamasheke,off,-0.4053442770538797
2002-08-01,Nyamasheke,off,-1.426920950021142
2002-09-01,Nyamasheke,off,-1.0834470418554005
2002-10-01,Nyamasheke,B,-0.2633599974456232
2002-11-01,Nyamasheke,B,-0.6885473249314115
2002-12-01,Nyamasheke,B,1.2504423202079358
2003-01-01,Nyamasheke,off,-1.263228778873358
2003-02-01,Nyamasheke,off,-0.6342264809974414
2003-03-01,Nyamasheke,A,-1.239596374943743
2003-04-01,Nyamasheke,A,0.6698115763697089
2003-05-01,Nyamasheke,A,0.28231834886096285
2003-06-01,Nyamasheke,off,-0.9765779114123245
2003-07-01,Nyamasheke,off,-0.6907217388600861
2003-08-01,Nyamasheke,off,0.15076883625382898
2003-09-01,Nyamasheke,off,0.2763519496271877
2003-10-01,Nyamasheke,B,0.4683185159246165
2003-11-01,Nyamasheke,B,-0.20766683684789364
2003-12-01,Nyamasheke,B,-1.04083514713589
2004-01-01,Nyamasheke,off,0.5617152079277425
2004-02-01,Nyamasheke,off,-0.1841964956692707
2004-03-01,Nyamasheke,A,-0.23060355707874308
2004-04-01,Nyamasheke,A,0.3944148202887206
2004-05-01,Nyamasheke,A,-1.217274764203673
2004-06-01,Nyamasheke,off,-2.100757941150474
2004-07-01,Nyamasheke,off,-0.09132058634822725
2004-08-01,Nyamasheke,off,-0.7579957916689427
2004-09-01,Nyamasheke,off,-0.047822801195539916
2004-10-01,Nyamasheke,B,-0.730802365965281
2004-11-01,Nyamasheke,B,-0.4745534510440823
2004-12-01,Nyamasheke,B,0.3011763959199959
2005-01-01,Nyamasheke,off,0.3799817288712964
2005-02-01,Nyamasheke,off,-0.6419526119155273
2005-03-01,Nyamasheke,A,0.5732638854858397
2005-04-01,Nyamasheke,A,-1.034350871051876
2005-05-01,Nyamasheke,A,0.6455152650145551
2005-06-01,Nyamasheke,off,0.2618417534647989
2005-07-01,Nyamasheke,off,-0.8834953749019224
2005-08-01,Nyamasheke,off,0.36925914674110255
2005-09-01,Nyamasheke,off,-0.7231461879387852
2005-10-01,Nyamasheke,B,-0.7643051041105892
2005-11-01,Nyamasheke,B,-1.0936415266233512
2005-12-01,Nyamasheke,B,-0.8554065271356296
2006-01-01,Nyamasheke,off,-0.31497926947396926
2006-02-01,Nyamasheke,off,0.8714003539137348
2006-03-01,Nyamasheke,A,0.29343566069186644
2006-04-01,Nyamasheke,A,0.22227509536701942
2006-05-01,Nyamasheke,A,1.1167293782175025
2006-06-01,Nyamasheke,off,-1.6582675498711938
2006-07-01,Nyamasheke,off,2.825064249463288
2006-08-01,Nyamasheke,off,2.6434515628305646
2006-09-01,Nyamasheke,off,-0.6228429473741015
2006-10-01,Nyamasheke,B,-0.9445377961704122
2006-11-01,Nyamasheke,B,0.06264735630998805
2006-12-01,Nyamasheke,B,0.6865256205333322
2007-01-01,Nyamasheke,off,0.10381039325194909
2007-02-01,Nyamasheke,off,-0.291040701089201
2007-03-01,Nyamasheke,A,-1.3664442015266716
2007-04-01,Nyamasheke,A,-0.2007743164400661
2007-05-01,Nyamasheke,A,0.14305305109911842
2007-06-01,Nyamasheke,off,1.180314327198703
2007-07-01,Nyamasheke,off,0.9449954301675738
2007-08-01,Nyamasheke,off,-0.2531277368637001
2007-09-01,Nyamasheke,off,0.2053893315715779
2007-10-01,Nyamasheke,B,-0.3899455977549008
2007-11-01,Nyamasheke,B,-0.3298954554354657
2007-12-01,Nyamasheke,B,-0.67959520852816
2008-01-01,Nyamasheke,off,-0.875854239565275
2008-02-01,Nyamasheke,off,0.16913463289345448
2008-03-01,Nyamasheke,A,-0.5931510448654673
2008-04-01,Nyamasheke,A,-1.5138390398274326
2008-05-01,Nyamasheke,A,-0.6440873963099156
2008-06-01,Nyamasheke,off,2.1065876816687554
2008-07-01,Nyamasheke,off,0.05145972835851265
2008-08-01,Nyamasheke,off,0.6107501182849333
2008-09-01,Nyamasheke,off,-1.2635712912768369
2008-10-01,Nyamasheke,B,-0.6520225216683019
2008-11-01,Nyamasheke,B,-1.1577841322907243
2008-12-01,Nyamasheke,B,-0.24948651663578472
2009-01-01,Nyamasheke,off,0.03497506955864749
2009-02-01,Nyamasheke,off,0.6099695016304167
2009-03-01,Nyamasheke,A,-0.8283351714196917
2009-04-01,Nyamasheke,A,-1.0705616064982217
2009-05-01,Nyamasheke,A,0.839252535016534
2009-06-01,Nyamasheke,off,-1.19549009357275
2009-07-01,Nyamasheke,off,-0.7350875285499452
2009-08-01,Nyamasheke,off,-1.2419369723935685
2009-09-01,Nyamasheke,off,-0.6554734975863933
2009-10-01,Nyamasheke,B,1.0223387163717927
2009-11-01,Nyamasheke,B,0.4720352251547907
2009-12-01,Nyamasheke,B,-0.1443826164122772
2010-01-01,Nyamasheke,off,0.4840325531294969
2010-02-01,Nyamasheke,off,2.237160609323821
2010-03-01,Nyamasheke,A,-0.6406520141877113
2010-04-01,Nyamasheke,A,-0.14002577246708048
2010-05-01,Nyamasheke,A,0.004849095893172848
2010-06-01,Nyamasheke,off,-0.18024715706478808
2010-07-01,Nyamasheke,off,-0.7842692084655348
2010-08-01,Nyamasheke,off,-2.0319453756315715
2010-09-01,Nyamasheke,off,0.4459379744137432
2010-10-01,Nyamasheke,B,-0.2254653199205193
2010-11-01,Nyamasheke,B,-0.7556452492601344
2010-12-01,Nyamasheke,B,-0.18872865396067803
2011-01-01,Nyamasheke,off,0.2571768913441342
2011-02-01,Nyamasheke,off,-0.2807420572798058
2011-03-01,Nyamasheke,A,0.07671659249004441
2011-04-01,Nyamasheke,A,-0.8663401077280846
2011-05-01,Nyamasheke,A,-0.4967863963374977
2011-06-01,Nyamasheke,off,4.251088376134993
2011-07-01,Nyamasheke,off,2.69918806040321
2011-08-01,Nyamasheke,off,0.5456495274943216
2011-09-01,Nyamasheke,off,0.6565732076948525
2011-10-01,Nyamasheke,B,0.436907851455645
2011-11-01,Nyamasheke,B,-0.01882715854198512
2011-12-01,Nyamasheke,B,0.6947848964439765
2012-01-01,Nyamasheke,off,-1.3296011595760913
2012-02-01,Nyamasheke,off,-0.9403565671747214
2012-03-01,Nyamasheke,A,-0.16915603529589282
2012-04-01,Nyamasheke,A,0.1276594570058668
2012-05-01,Nyamasheke,A,0.3217988841149511
2012-06-01,Nyamasheke,off,1.7540797176518153
2012-07-01,Nyamasheke,off,-0.8056032497081608
2012-08-01,Nyamasheke,off,1.657222129821888
2012-09-01,Nyamasheke,off,0.33086631945694345
2012-10-01,Nyamasheke,B,0.5640960486435803
2012-11-01,Nyamasheke,B,-0.1374301882729405
2012-12-01,Nyamasheke,B,0.6532503639309191
2013-01-01,Nyamasheke,off,-0.28437935713975976
2013-02-01,Nyamasheke,off,-1.5223735681544757
2013-03-01,Nyamasheke,A,1.6833096861066978
2013-04-01,Nyamasheke,A,-0.09310362731297622
2013-05-01,Nyamasheke,A,-0.5305581744311245
2013-06-01,Nyamasheke,off,-1.8330364263548888
2013-07-01,Nyamasheke,off,-0.9173762469410734
2013-08-01,Nyamasheke,off,1.0019104680054474
2013-09-01,Nyamasheke,off,1.146634796740987
2013-10-01,Nyamasheke,B,-1.2474785565469368
2013-11-01,Nyamasheke,B,-0.5752872557271737
2013-12-01,Nyamasheke,B,0.4802093176069366
2014-01-01,Nyamasheke,off,-0.36405184291889836
2014-02-01,Nyamasheke,off,0.369610664718271
2014-03-01,Nyamasheke,A,-0.002790035421513378
2014-04-01,Nyamasheke,A,-0.15484852090462548
2014-05-01,Nyamasheke,A,-1.3856709385260548
2014-06-01,Nyamasheke,off,-0.6624706655160177
2014-07-01,Nyamasheke,off,-0.8633276493905608
2014-08-01,Nyamasheke,off,-0.4017253515702849
2014-09-01,Nyamasheke,off,0.07233074032695573
2014-10-01,Nyamasheke,B,-0.7366151443905764
2014-11-01,Nyamasheke,B,-0.37709661054714555
2014-12-01,Nyamasheke,B,-0.770334016304422
2015-01-01,Nyamasheke,off,-1.9488409270927
2015-02-01,Nyamasheke,off,-0.5866736701320836
2015-03-01,Nyamasheke,A,0.2779027369717488
2015-04-01,Nyamasheke,A,0.2120763771026744
2015-05-01,Nyamasheke,A,0.17727082428025645
2015-06-01,Nyamasheke,off,-0.01015738378282166
2015-07-01,Nyamasheke,off,-0.8740727767678194
2015-08-01,Nyamasheke,off,0.4383799934633563
2015-09-01,Nyamasheke,off,0.5782077575640812
2015-10-01,Nyamasheke,B,1.0071867447014
2015-11-01,Nyamasheke,B,0.5352084352988818
2015-12-01,Nyamasheke,B,0.3157029749619198
2016-01-01,Nyamasheke,off,0.3990098672943044
2016-02-01,Nyamasheke,off,-1.0229868265421114
2016-03-01,Nyamasheke,A,0.05349536376636043
2016-04-01,Nyamasheke,A,0.7550226653195488
2016-05-01,Nyamasheke,A,-0.4674017980715082
2016-06-01,Nyamasheke,off,-1.1245858050813542
2016-07-01,Nyamasheke,off,-0.7733029247396971
2016-08-01,Nyamasheke,off,0.031054075339782668
2016-09-01,Nyamasheke,off,-0.08077686317808913
2016-10-01,Nyamasheke,B,0.12330246275902389
2016-11-01,Nyamasheke,B,0.8975816483257885
2016-12-01,Nyamasheke,B,-0.9078677889910614
2017-01-01,Nyamasheke,off,-0.882126753153655
2017-02-01,Nyamasheke,off,-0.36618671498924726
2017-03-01,Nyamasheke,A,-0.6427223317006291
2017-04-01,Nyamasheke,A,-0.43161602800721666
2017-05-01,Nyamasheke,A,-0.3509728816659331
2017-06-01,Nyamasheke,off,-1.905800898131411
2017-07-01,Nyamasheke,off,-0.8274976154911966
2017-08-01,Nyamasheke,off,-0.37350245978504815
2017-09-01,Nyamasheke,off,0.886492267550971
2017-10-01,Nyamasheke,B,-0.4756295607368084
2017-11-01,Nyamasheke,B,0.42971765863572525
2017-12-01,Nyamasheke,B,-0.839170792913646
2018-01-01,Nyamasheke,off,-0.8043245834956858
2018-02-01,Nyamasheke,off,0.7287945268941468
2018-03-01,Nyamasheke,A,1.5544537042670676
2018-04-01,Nyamasheke,A,1.539027870470511
2018-05-01,Nyamasheke,A,0.35189536108218117
2018-06-01,Nyamasheke,off,-0.9513471747171154
2018-07-01,Nyamasheke,off,-0.8681705688624962
2018-08-01,Nyamasheke,off,0.758921915900132
2018-09-01,Nyamasheke,off,-0.0913326104799952
2018-10-01,Nyamasheke,B,-0.7242097599691157
2018-11-01,Nyamasheke,B,0.5370745053985213
2018-12-01,Nyamasheke,B,0.7900751386978863
2019-01-01,Nyamasheke,off,-0.845027296593112
2019-02-01,Nyamasheke,off,-1.4032799287970934
2019-03-01,Nyamasheke,A,-1.0382198233254307
2019-04-01,Nyamasheke,A,-0.06680613720257327
2019-05-01,Nyamasheke,A,0.6013765560631995
2019-06-01,Nyamasheke,off,2.6781860981247263
2019-07-01,Nyamasheke,off,0.696252892631255
2019-08-01,Nyamasheke,off,-0.9071486206599362
2019-09-01,Nyamasheke,off,-0.3413152994317183
2019-10-01,Nyamasheke,B,-0.5376842260231421
2019-11-01,Nyamasheke,B,0.6083244000022986
2019-12-01,Nyamasheke,B,0.43733458288205146
2020-01-01,Nyamasheke,off,-0.8788247136427073
2020-02-01,Nyamasheke,off,-0.9486447260518838
2020-03-01,Nyamasheke,A,-0.41548798491538425
2020-04-01,Nyamasheke,A,1.1494664171467688
2020-05-01,Nyamasheke,A,-0.09471213049002464
2020-06-01,Nyamasheke,off,0.014033065112221391
2020-07-01,Nyamasheke,off,-0.8029065125055191
2020-08-01,Nyamasheke,off,-0.6088114744828804
2020-09-01,Nyamasheke,off,0.03952711776802258
2020-10-01,Nyamasheke,B,-0.6424930715882442
2020-11-01,Nyamasheke,B,-0.48697007051366464
2020-12-01,Nyamasheke,B,0.39894731675883394
2021-01-01,Nyamasheke,off,1.214929109655533
2021-02-01,Nyamasheke,off,0.33418112208275635
2021-03-01,Nyamasheke,A,-0.0006163103753881365
2021-04-01,Nyamasheke,A,-1.1358791451912933
2021-05-01,Nyamasheke,A,-0.35236247049397285
2021-06-01,Nyamasheke,off,-0.20699525151321396
2021-07-01,Nyamasheke,off,-0.9164023548935162
2021-08-01,Nyamasheke,off,0.4938914769451474
2021-09-01,Nyamasheke,off,-0.6689740925349007
2021-10-01,Nyamasheke,B,-0.7411341387627247
2021-11-01,Nyamasheke,B,-0.5757994461650979
2021-12-01,Nyamasheke,B,-0.07785960840886921
2022-01-01,Nyamasheke,off,0.4145067687196681
2022-02-01,Nyamasheke,off,1.0511809135687893
2022-03-01,Nyamasheke,A,-0.25453032678421433
2022-04-01,Nyamasheke,A,-0.4730365316706704
2022-05-01,Nyamasheke,A,1.2263025605433788
2022-06-01,Nyamasheke,off,-0.4859378113264813
2022-07-01,Nyamasheke,off,0.8841955331318266
2022-08-01,Nyamasheke,off,0.3447653014462412
2022-09-01,Nyamasheke,off,-0.1643991384666506
2022-10-01,Nyamasheke,B,-0.36942203309401683
2022-11-01,Nyamasheke,B,0.6044607959623529
2022-12-01,Nyamasheke,B,0.28305337401585723
2023-01-01,Nyamasheke,off,0.24135451170196506
2023-02-01,Nyamasheke,off,-1.4030897095375439
2023-03-01,Nyamasheke,A,-0.03710120855119049
2023-04-01,Nyamasheke,A,1.7054716639724048
2023-05-01,Nyamasheke,A,1.906904428406734
2023-06-01,Nyamasheke,off,-1.4660985147299768
2023-07-01,Nyamasheke,off,-0.5508411061549933
2023-08-01,Nyamasheke,off,-1.605934107041488
2023-09-01,Nyamasheke,off,0.00039141206790630856
2023-10-01,Nyamasheke,B,-1.041067914286708
2023-11-01,Nyamasheke,B,-0.6167051917374896
2023-12-01,Nyamasheke,B,-0.7812774667050366
2024-01-01,Nyamasheke,off,-0.24105590937257781
2024-02-01,Nyamasheke,off,-1.746861640819221
2024-03-01,Nyamasheke,A,-1.1241798528576599
2024-04-01,Nyamasheke,A,0.8127302312174721
2024-05-01,Nyamasheke,A,-1.1550195088441397
2024-06-01,Nyamasheke,off,-1.7250963591007742
2024-07-01,Nyamasheke,off,-0.6022540140218635
2024-08-01,Nyamasheke,off,-1.043971153427335
2024-09-01,Nyamasheke,off,-0.3471336765933685
2024-10-01,Nyamasheke,B,-0.295294074875502
2024-11-01,Nyamasheke,B,3.0853166867327486
2024-12-01,Nyamasheke,B,-0.8384855176039433
2025-01-01,Nyamasheke,off,0.019766108513727544
2025-02-01,Nyamasheke,off,-0.32685222283569687
2025-03-01,Nyamasheke,A,-1.1431069635235387
2025-04-01,Nyamasheke,A,0.6984156832325547
2025-05-01,Nyamasheke,A,0.013541503575363338
2025-06-01,Nyamasheke,off,1.1149740679066433
2025-07-01,Nyamasheke,off,0.030811212928334445
2025-08-01,Nyamasheke,off,5.402588698692098
2025-09-01,Nyamasheke,off,-1.3222843751938966
2025-10-01,Nyamasheke,B,-0.12487341251743263
2025-11-01,Nyamasheke,B,0.3300263962775062
2025-12-01,Nyamasheke,B,0.3742524179606943
2026-01-01,Nyamasheke,off,2.386604159275729
2026-02-01,Nyamasheke,off,-0.2921158839217704
2026-03-01,Nyamasheke,A,0.09603047939447389
2026-04-01,Nyamasheke,A,0.24235751216851106
2026-05-01,Nyamasheke,A,-1.7613663509714907
2026-06-01,Nyamasheke,off,-0.8002578718299521
2026-07-01,Nyamasheke,off,0.9389028276507796
2026-08-01,Nyamasheke,off,-1.3764020614015295
2026-09-01,Nyamasheke,off,0.010434630753182045
1981-01-01,Nyanza,off,-0.739949677412328
1981-02-01,Nyanza,off,-1.0563458707733693
1981-03-01,Nyanza,A,0.08349466829521068
1981-04-01,Nyanza,A,1.0837210244357658
1981-05-01,Nyanza,A,1.1228539348835873
1981-06-01,Nyanza,off,-0.11869769868393684
1981-07-01,Nyanza,off,-0.3421691974852299
1981-08-01,Nyanza,off,1.257803306545202
1981-09-01,Nyanza,off,1.1642964534776328
1981-10-01,Nyanza,B,-0.2141948831629846
1981-11-01,Nyanza,B,-1.0056028280589493
1981-12-01,Nyanza,B,-0.4889608843613852
1982-01-01,Nyanza,off,-0.03182060552524529
1982-02-01,Nyanza,off,-0.3685515529241133
1982-03-01,Nyanza,A,-1.4865631232839371
1982-04-01,Nyanza,A,1.3080539145874146
1982-05-01,Nyanza,A,1.2498753321566298
1982-06-01,Nyanza,off,0.5756203489359135
1982-07-01,Nyanza,off,-0.3521352358733934
1982-08-01,Nyanza,off,-1.3571971885780385
1982-09-01,Nyanza,off,1.3763167756861783
1982-10-01,Nyanza,B,-0.016056249597132217
1982-11-01,Nyanza,B,1.1759161210701548
1982-12-01,Nyanza,B,2.250579473037892
1983-01-01,Nyanza,off,-1.9915601285369382
1983-02-01,Nyanza,off,0.959310180043846
1983-03-01,Nyanza,A,-0.2562887137612037
1983-04-01,Nyanza,A,2.265915119817061
1983-05-01,Nyanza,A,-0.8513641075935118
1983-06-01,Nyanza,off,-0.016909168832787112
1983-07-01,Nyanza,off,-0.17377468133183285
1983-08-01,Nyanza,off,0.6883099387007742
1983-09-01,Nyanza,off,0.010591516938372151
1983-10-01,Nyanza,B,0.1492302315475459
1983-11-01,Nyanza,B,-0.00532201312032794
1983-12-01,Nyanza,B,-0.05918278285315053
1984-01-01,Nyanza,off,0.11725550817866634
1984-02-01,Nyanza,off,-0.2045306736537921
1984-03-01,Nyanza,A,-0.297036563716526
1984-04-01,Nyanza,A,-0.9543134066923239
1984-05-01,Nyanza,A,-2.063634624257425
1984-06-01,Nyanza,off,-1.021836966664347
1984-07-01,Nyanza,off,1.7749167900164935
1984-08-01,Nyanza,off,1.6538550833638235
1984-09-01,Nyanza,off,-1.4058637461967363
1984-10-01,Nyanza,B,0.6864156320503755
1984-11-01,Nyanza,B,0.03826673722573748
1984-12-01,Nyanza,B,-0.5298395316806623
1985-01-01,Nyanza,off,-1.1319376930570564
1985-02-01,Nyanza,off,0.9429669223917662
1985-03-01,Nyanza,A,-0.7689713148187772
1985-04-01,Nyanza,A,2.650745093874909
1985-05-01,Nyanza,A,-1.2137191281862472
1985-06-01,Nyanza,off,0.6405492034699012
1985-07-01,Nyanza,off,-0.588411267238719
1985-08-01,Nyanza,off,-1.6868693199764742
1985-09-01,Nyanza,off,1.6841408901074015
1985-10-01,Nyanza,B,-0.05688183708048051
1985-11-01,Nyanza,B,-0.19050850682915443
1985-12-01,Nyanza,B,-0.37976216398779117
1986-01-01,Nyanza,off,0.28143248924007586
1986-02-01,Nyanza,off,0.07942470692112655
1986-03-01,Nyanza,A,-0.412064960765331
1986-04-01,Nyanza,A,3.426652359226333
1986-05-01,Nyanza,A,-0.2414159219988166
1986-06-01,Nyanza,off,-0.13830763365106477
1986-07-01,Nyanza,off,-0.4703526846261923
1986-08-01,Nyanza,off,-1.1548092355004482
1986-09-01,Nyanza,off,-1.1080781475940669
1986-10-01,Nyanza,B,0.23108594597036033
1986-11-01,Nyanza,B,-0.170910625319799
1986-12-01,Nyanza,B,-0.3191678761223181
1987-01-01,Nyanza,off,0.2629586458285165
1987-02-01,Nyanza,off,1.0220178632220625
1987-03-01,Nyanza,A,0.39573754452220017
1987-04-01,Nyanza,A,-0.9158366878286098
1987-05-01,Nyanza,A,2.1451601775817797
1987-06-01,Nyanza,off,-0.16508987961886937
1987-07-01,Nyanza,off,-0.35899149334809194
1987-08-01,Nyanza,off,-0.8013540203135796
1987-09-01,Nyanza,off,1.563228301626833
1987-10-01,Nyanza,B,-0.18115036785213234
1987-11-01,Nyanza,B,1.3129846405768175
1987-12-01,Nyanza,B,-1.2824176484778507
1988-01-01,Nyanza,off,-0.16908468874695687
1988-02-01,Nyanza,off,0.6872711813348478
1988-03-01,Nyanza,A,0.011865355901791557
1988-04-01,Nyanza,A,1.608086414257479
1988-05-01,Nyanza,A,-0.9526183122502262
1988-06-01,Nyanza,off,-0.9450196535486922
1988-07-01,Nyanza,off,0.11872233676680259
1988-08-01,Nyanza,off,3.7481594872834108
1988-09-01,Nyanza,off,-0.07388607636302495
1988-10-01,Nyanza,B,0.33515599280802194
1988-11-01,Nyanza,B,-0.02751352566479744
1988-12-01,Nyanza,B,-1.2921450798839362
1989-01-01,Nyanza,off,-0.24962981067308926
1989-02-01,Nyanza,off,0.12547870834492172
1989-03-01,Nyanza,A,0.10481592566522421
1989-04-01,Nyanza,A,-0.05170957188436037
1989-05-01,Nyanza,A,-0.46202835628498
1989-06-01,Nyanza,off,-0.1741764072990798
1989-07-01,Nyanza,off,0.09811709060187246
1989-08-01,Nyanza,off,0.9014515010828409
1989-09-01,Nyanza,off,-0.6429239085605706
1989-10-01,Nyanza,B,-0.5043035483346336
1989-11-01,Nyanza,B,-0.3909082213426221
1989-12-01,Nyanza,B,1.5714797160614673
1990-01-01,Nyanza,off,-0.7364167831984667
1990-02-01,Nyanza,off,2.313287167407804
1990-03-01,Nyanza,A,-0.3707330049468938
1990-04-01,Nyanza,A,0.06308262439724267
1990-05-01,Nyanza,A,-1.24661004864616
1990-06-01,Nyanza,off,-1.1267938771549544
1990-07-01,Nyanza,off,-0.27829522755268365
1990-08-01,Nyanza,off,-0.8376422028102518
1990-09-01,Nyanza,off,-0.0053030879605397594
1990-10-01,Nyanza,B,-0.47321882229388634
1990-11-01,Nyanza,B,-0.4583153540897601
1990-12-01,Nyanza,B,-0.01877486950540962
1991-01-01,Nyanza,off,-0.3487110801885134
1991-02-01,Nyanza,off,-0.22032816819700474
1991-03-01,Nyanza,A,-0.593725879630197
1991-04-01,Nyanza,A,-0.17088292586948728
1991-05-01,Nyanza,A,1.7927574743565688
1991-06-01,Nyanza,off,0.25241667151611663
1991-07-01,Nyanza,off,0.19460892596859322
1991-08-01,Nyanza,off,-1.2267126773225263
1991-09-01,Nyanza,off,-1.0143147136788848
1991-10-01,Nyanza,B,1.4075730592517037
1991-11-01,Nyanza,B,-0.9028214939501481
1991-12-01,Nyanza,B,0.13894914688614157
1992-01-01,Nyanza,off,-0.9857695292011882
1992-02-01,Nyanza,off,-0.15704533251335015
1992-03-01,Nyanza,A,-0.7566765416740556
1992-04-01,Nyanza,A,0.8973919927538448
1992-05-01,Nyanza,A,0.1173138616873222
1992-06-01,Nyanza,off,0.9026006085821298
1992-07-01,Nyanza,off,-0.31779402815365265
1992-08-01,Nyanza,off,-1.593069255636698
1992-09-01,Nyanza,off,0.11300502473043035
1992-10-01,Nyanza,B,0.5400494423060971
1992-11-01,Nyanza,B,-0.3168171832560581
1992-12-01,Nyanza,B,-0.24892505831528292
1993-01-01,Nyanza,off,0.8042222895612804
1993-02-01,Nyanza,off,0.31434420387319284
1993-03-01,Nyanza,A,-0.7278596563659692
1993-04-01,Nyanza,A,-0.6074174213392367
1993-05-01,Nyanza,A,0.277856506992398
1993-06-01,Nyanza,off,-0.8331791778424734
1993-07-01,Nyanza,off,-0.4703526846261923
1993-08-01,Nyanza,off,3.044529264986508
1993-09-01,Nyanza,off,-1.865037701887206
1993-10-01,Nyanza,B,-1.687200974728205
1993-11-01,Nyanza,B,-0.6817461263053224
1993-12-01,Nyanza,B,-1.6445517225865254
1994-01-01,Nyanza,off,0.702581758712523
1994-02-01,Nyanza,off,-0.515716035230522
1994-03-01,Nyanza,A,0.26610396038025974
1994-04-01,Nyanza,A,-0.4680803895980868
1994-05-01,Nyanza,A,0.4275531891085622
1994-06-01,Nyanza,off,-0.7054358041897957
1994-07-01,Nyanza,off,0.06976297077699255
1994-08-01,Nyanza,off,-0.629330697102213
1994-09-01,Nyanza,off,-0.6199934642153645
1994-10-01,Nyanza,B,-0.8347808216138229
1994-11-01,Nyanza,B,0.9178746450687885
1994-12-01,Nyanza,B,1.0018523947945028
1995-01-01,Nyanza,off,0.10910547932802102
1995-02-01,Nyanza,off,-0.5712463375692757
1995-03-01,Nyanza,A,-0.1386044374580393
1995-04-01,Nyanza,A,0.8264022186992555
1995-05-01,Nyanza,A,-0.12624421526870253
1995-06-01,Nyanza,off,3.175350299381988
1995-07-01,Nyanza,off,-0.5110125230755546
1995-08-01,Nyanza,off,-1.4041871516299378
1995-09-01,Nyanza,off,-0.5974367665946663
1995-10-01,Nyanza,B,0.15713436762130395
1995-11-01,Nyanza,B,-0.27627355938933673
1995-12-01,Nyanza,B,-1.3494718958238674
1996-01-01,Nyanza,off,-0.9188307577858035
1996-02-01,Nyanza,off,-0.4517799737624893
1996-03-01,Nyanza,A,-0.5775973458785939
1996-04-01,Nyanza,A,-0.47604667316581656
1996-05-01,Nyanza,A,-0.7130092927645617
1996-06-01,Nyanza,off,0.08876169359063867
1996-07-01,Nyanza,off,1.660193948681793
1996-08-01,Nyanza,off,2.3969656399614845
1996-09-01,Nyanza,off,-0.1443103003882819
1996-10-01,Nyanza,B,-1.0174432630683787
1996-11-01,Nyanza,B,-0.6557633144527522
1996-12-01,Nyanza,B,-0.31365712923923983
1997-01-01,Nyanza,off,1.2245761651211426
1997-02-01,Nyanza,off,-1.2872294067271275
1997-03-01,Nyanza,A,-0.8506407546351323
1997-04-01,Nyanza,A,0.38530962479490155
1997-05-01,Nyanza,A,0.009217803270071368
1997-06-01,Nyanza,off,0.7803881156756061
1997-07-01,Nyanza,off,-0.21981307033818068
1997-08-01,Nyanza,off,-0.28664697555177987
1997-09-01,Nyanza,off,-0.831641774412453
1997-10-01,Nyanza,B,0.8665197522741543
1997-11-01,Nyanza,B,0.9224374999746587
1997-12-01,Nyanza,B,0.6123286677415533
1998-01-01,Nyanza,off,2.184069903206123
1998-02-01,Nyanza,off,2.3654311308061633
1998-03-01,Nyanza,A,0.25716827439350476
1998-04-01,Nyanza,A,-0.3984730027770482
1998-05-01,Nyanza,A,0.6112537052355225
1998-06-01,Nyanza,off,1.2054727215977736
1998-07-01,Nyanza,off,0.14655843769991636
1998-08-01,Nyanza,off,-0.7986319085958083
1998-09-01,Nyanza,off,0.22303982083555018
1998-10-01,Nyanza,B,-0.22815559637887015
1998-11-01,Nyanza,B,-0.9955008329344687
1998-12-01,Nyanza,B,-1.1560443511919176
1999-01-01,Nyanza,off,-0.1950154703997301
1999-02-01,Nyanza,off,-1.8734437520006102
1999-03-01,Nyanza,A,1.822409651977383
1999-04-01,Nyanza,A,-0.7849366288599391
1999-05-01,Nyanza,A,-1.0309810756261135
1999-06-01,Nyanza,off,-0.7435432082410525
1999-07-01,Nyanza,off,-0.464201974119794
1999-08-01,Nyanza,off,0.5845824361361178
1999-09-01,Nyanza,off,1.0496595084181393
1999-10-01,Nyanza,B,-1.7048402868624388
1999-11-01,Nyanza,B,-0.46708735031479476
1999-12-01,Nyanza,B,0.0005473493127843142
2000-01-01,Nyanza,off,-1.0790061139755958
2000-02-01,Nyanza,off,-1.0148454239551574
2000-03-01,Nyanza,A,-0.4357606150160535
2000-04-01,Nyanza,A,-1.1629373845832713
2000-05-01,Nyanza,A,-1.3539634931943305
2000-06-01,Nyanza,off,-1.1654311856802926
2000-07-01,Nyanza,off,-0.5188774882094774
2000-08-01,Nyanza,off,-1.4341000286428975
2000-09-01,Nyanza,off,-1.430207265408928
2000-10-01,Nyanza,B,-0.35205518166406846
2000-11-01,Nyanza,B,0.4544951294022245
2000-12-01,Nyanza,B,0.17076332536018501
2001-01-01,Nyanza,off,1.4082150149971062
2001-02-01,Nyanza,off,-0.889040967057501
2001-03-01,Nyanza,A,1.1583761576310379
2001-04-01,Nyanza,A,-0.7893870184016963
2001-05-01,Nyanza,A,-0.7014297362144307
2001-06-01,Nyanza,off,-0.9327814768161828
2001-07-01,Nyanza,off,1.6394506976999783
2001-08-01,Nyanza,off,-0.25898546509335707
2001-09-01,Nyanza,off,1.1508454437225717
2001-10-01,Nyanza,B,1.343589791205322
2001-11-01,Nyanza,B,1.2568197802044405
2001-12-01,Nyanza,B,-0.6339872712795617
2002-01-01,Nyanza,off,0.4884306940607369
2002-02-01,Nyanza,off,-0.6742446898764578
2002-03-01,Nyanza,A,0.04585023117770691
2002-04-01,Nyanza,A,0.20794567968800637
2002-05-01,Nyanza,A,1.5115692632719282
2002-06-01,Nyanza,off,-1.2149815963854178
2002-07-01,Nyanza,off,-0.334304131626033
2002-08-01,Nyanza,off,-1.3186911474679337
2002-09-01,Nyanza,off,-1.3325055628193854
2002-10-01,Nyanza,B,-0.7055801770823288
2002-11-01,Nyanza,B,-0.47772042504155326
2002-12-01,Nyanza,B,0.6683572132433053
2003-01-01,Nyanza,off,-0.8144328054149385
2003-02-01,Nyanza,off,-0.610490124160224
2003-03-01,Nyanza,A,-1.144253293950074
2003-04-01,Nyanza,A,0.10658617235331858
2003-05-01,Nyanza,A,-0.2883595849998321
2003-06-01,Nyanza,off,-0.841952080594974
2003-07-01,Nyanza,off,-0.40018243378312474
2003-08-01,Nyanza,off,-0.09472706443557545
2003-09-01,Nyanza,off,0.43878416906095524
2003-10-01,Nyanza,B,0.7027431429846415
2003-11-01,Nyanza,B,-0.458726212481836
2003-12-01,Nyanza,B,-1.1215486420937713
2004-01-01,Nyanza,off,0.27112254119186324
2004-02-01,Nyanza,off,0.3934767097919205
2004-03-01,Nyanza,A,0.15460452925963544
2004-04-01,Nyanza,A,0.5392697167694483
2004-05-01,Nyanza,A,-1.4474504026576753
2004-06-01,Nyanza,off,-1.20236015998587
2004-07-01,Nyanza,off,-0.233918010954537
2004-08-01,Nyanza,off,-0.8748617583392183
2004-09-01,Nyanza,off,-0.11869496790984509
2004-10-01,Nyanza,B,-0.07182486793383985
2004-11-01,Nyanza,B,0.8908939255446908
2004-12-01,Nyanza,B,0.9417538095767871
2005-01-01,Nyanza,off,-0.1347532178036879
2005-02-01,Nyanza,off,-0.5410519334158764
2005-03-01,Nyanza,A,0.5954142082531101
2005-04-01,Nyanza,A,-1.0765561731394921
2005-05-01,Nyanza,A,0.4129070627874514
2005-06-01,Nyanza,off,-1.0506230524220255
2005-07-01,Nyanza,off,-0.47365900293235286
2005-08-01,Nyanza,off,1.5660077036420357
2005-09-01,Nyanza,off,0.43527165492750497
2005-10-01,Nyanza,B,1.0336980778958698
2005-11-01,Nyanza,B,-1.2167716188022804
2005-12-01,Nyanza,B,-1.3873175148883616
2006-01-01,Nyanza,off,-0.2029968739502357
2006-02-01,Nyanza,off,0.5547225294255114
2006-03-01,Nyanza,A,0.0641885990959252
2006-04-01,Nyanza,A,0.8240750731636849
2006-05-01,Nyanza,A,0.42773471843545324
2006-06-01,Nyanza,off,-1.0875807334306533
2006-07-01,Nyanza,off,0.4186632435878372
2006-08-01,Nyanza,off,1.5523922095147609
2006-09-01,Nyanza,off,-1.0074589038720703
2006-10-01,Nyanza,B,-1.037111876103379
2006-11-01,Nyanza,B,1.8227264889221588
2006-12-01,Nyanza,B,2.587031881479443
2007-01-01,Nyanza,off,-0.031488200929810334
2007-02-01,Nyanza,off,0.6605479827609178
2007-03-01,Nyanza,A,-0.9136426675299907
2007-04-01,Nyanza,A,0.35641484527503053
2007-05-01,Nyanza,A,2.945525553931958
2007-06-01,Nyanza,off,1.0436933825719392
2007-07-01,Nyanza,off,0.8418468166496506
2007-08-01,Nyanza,off,0.11968090562303939
2007-09-01,Nyanza,off,0.5747852692654296
2007-10-01,Nyanza,B,-0.659279107753451
2007-11-01,Nyanza,B,-0.26739652908705885
2007-12-01,Nyanza,B,-0.737446676740294
2008-01-01,Nyanza,off,-1.1101379346777211
2008-02-01,Nyanza,off,0.04049780204174217
2008-03-01,Nyanza,A,-0.6377578211812477
2008-04-01,Nyanza,A,-0.9137271648430626
2008-05-01,Nyanza,A,-0.9391976543776881
2008-06-01,Nyanza,off,2.284138112529921
2008-07-01,Nyanza,off,0.016286076254548188
2008-08-01,Nyanza,off,-0.157432598807949
2008-09-01,Nyanza,off,-1.1718089309539723
2008-10-01,Nyanza,B,-0.637279756648113
2008-11-01,Nyanza,B,-1.05598234206831
2008-12-01,Nyanza,B,-0.8179391081565004
2009-01-01,Nyanza,off,-0.040718877668610966
2009-02-01,Nyanza,off,1.51596341453578
2009-03-01,Nyanza,A,-0.21015210642114604
2009-04-01,Nyanza,A,-0.42314897135146384
2009-05-01,Nyanza,A,0.2290608867227936
2009-06-01,Nyanza,off,-0.5882627646099573
2009-07-01,Nyanza,off,-0.31785394849990184
2009-08-01,Nyanza,off,-1.0716749816014344
2009-09-01,Nyanza,off,-0.5167881102787025
2009-10-01,Nyanza,B,1.013671252211932
2009-11-01,Nyanza,B,-0.10254607646122493
2009-12-01,Nyanza,B,-0.44125333207511047
2010-01-01,Nyanza,off,0.8854025738726792
2010-02-01,Nyanza,off,3.625088535251169
2010-03-01,Nyanza,A,-0.29434563206686265
2010-04-01,Nyanza,A,-0.1817268745529198
2010-05-01,Nyanza,A,0.20135885112918644
2010-06-01,Nyanza,off,0.6500320851027507
2010-07-01,Nyanza,off,-0.51009474795523
2010-08-01,Nyanza,off,-1.7099060182939056
2010-09-01,Nyanza,off,0.3571555789389979
2010-10-01,Nyanza,B,-0.23726278393191821
2010-11-01,Nyanza,B,-0.6711369010850756
2010-12-01,Nyanza,B,0.3203896676601037
2011-01-01,Nyanza,off,-0.03997973322562993
2011-02-01,Nyanza,off,-0.5982777554812172
2011-03-01,Nyanza,A,-0.9592349554901084
2011-04-01,Nyanza,A,-0.6982206289892416
2011-05-01,Nyanza,A,-0.4524410561182285
2011-06-01,Nyanza,off,2.3321798153163775
2011-07-01,Nyanza,off,1.4754287664101289
2011-08-01,Nyanza,off,0.04450820120388402
2011-09-01,Nyanza,off,1.0587141397616269
2011-10-01,Nyanza,B,0.8140296296846284
2011-11-01,Nyanza,B,1.1569569385223455
2011-12-01,Nyanza,B,-0.011748016991883574
2012-01-01,Nyanza,off,-1.0299933076321544
2012-02-01,Nyanza,off,-1.0647381886744367
2012-03-01,Nyanza,A,-0.8434639445722226
2012-04-01,Nyanza,A,-0.5237219709810617
2012-05-01,Nyanza,A,0.8917845607995569
2012-06-01,Nyanza,off,0.5389982061979092
2012-07-01,Nyanza,off,-0.4845429843162963
2012-08-01,Nyanza,off,0.5120899641042017
2012-09-01,Nyanza,off,0.11433904144913329
2012-10-01,Nyanza,B,0.2531750880614962
2012-11-01,Nyanza,B,-0.32662107633670073
2012-12-01,Nyanza,B,0.6706952706835448
2013-01-01,Nyanza,off,-0.11864556775886545
2013-02-01,Nyanza,off,-1.5855125993743635
2013-03-01,Nyanza,A,1.5589333759494308
2013-04-01,Nyanza,A,0.6955182981577974
2013-05-01,Nyanza,A,-1.218580096327653
2013-06-01,Nyanza,off,-1.0100190717328683
2013-07-01,Nyanza,off,-0.41431933788638564
2013-08-01,Nyanza,off,0.5579232093027869
2013-09-01,Nyanza,off,2.8367049898115266
2013-10-01,Nyanza,B,-0.22140553691791182
2013-11-01,Nyanza,B,-0.3886793836743388
2013-12-01,Nyanza,B,1.5019582367073336
2014-01-01,Nyanza,off,-0.7253372380994754
2014-02-01,Nyanza,off,0.9152293195847904
2014-03-01,Nyanza,A,-0.10582681054782538
2014-04-01,Nyanza,A,-0.5591395737440625
2014-05-01,Nyanza,A,-1.6803769157660506
2014-06-01,Nyanza,off,-0.05358118177304922
2014-07-01,Nyanza,off,-0.5254683345875543
2014-08-01,Nyanza,off,-0.2083025217923409
2014-09-01,Nyanza,off,0.016588184925947352
2014-10-01,Nyanza,B,0.0033990496912251855
2014-11-01,Nyanza,B,-0.06398037241390389
2014-12-01,Nyanza,B,-0.9745262271902937
2015-01-01,Nyanza,off,-1.6459883335925034
2015-02-01,Nyanza,off,-0.14293775065647957
2015-03-01,Nyanza,A,-0.040046480507107914
2015-04-01,Nyanza,A,0.07620384841398728
2015-05-01,Nyanza,A,0.1488744922636653
2015-06-01,Nyanza,off,0.03724320056786052
2015-07-01,Nyanza,off,-0.7002500865737674
2015-08-01,Nyanza,off,-0.2974409197325892
2015-09-01,Nyanza,off,0.29401206869248697
2015-10-01,Nyanza,B,0.8019696583449714
2015-11-01,Nyanza,B,0.09652528433227016
2015-12-01,Nyanza,B,-0.817407703995008
2016-01-01,Nyanza,off,0.7153921669175294
2016-02-01,Nyanza,off,-0.7286348940320836
2016-03-01,Nyanza,A,1.1012382911131715
2016-04-01,Nyanza,A,0.6030138182488969
2016-05-01,Nyanza,A,-1.5168213089190843
2016-06-01,Nyanza,off,-0.9416690049303361
2016-07-01,Nyanza,off,-0.3045371943431993
2016-08-01,Nyanza,off,-1.0421782790366714
2016-09-01,Nyanza,off,0.7586917797691306
2016-10-01,Nyanza,B,0.1323880704223394
2016-11-01,Nyanza,B,0.8279132097241312
2016-12-01,Nyanza,B,-1.6375595979090871
2017-01-01,Nyanza,off,-0.8387415296408597
2017-02-01,Nyanza,off,-0.3713104965170259
2017-03-01,Nyanza,A,-0.5056096193856885
2017-04-01,Nyanza,A,-0.4913979547458289
2017-05-01,Nyanza,A,1.2644716106588758
2017-06-01,Nyanza,off,-0.920219210919179
2017-07-01,Nyanza,off,-0.24795924843102482
2017-08-01,Nyanza,off,1.5867553081940213
2017-09-01,Nyanza,off,1.0236477100700918
2017-10-01,Nyanza,B,0.5337634353735098
2017-11-01,Nyanza,B,0.4933453263897162
2017-12-01,Nyanza,B,-0.9074840668771402
2018-01-01,Nyanza,off,0.9349405282189354
2018-02-01,Nyanza,off,-1.0447272104335856
2018-03-01,Nyanza,A,1.4582948377416407
2018-04-01,Nyanza,A,2.6777642009200453
2018-05-01,Nyanza,A,0.3897212798730107
2018-06-01,Nyanza,off,-0.21721800676583874
2018-07-01,Nyanza,off,-0.35201427601118457
2018-08-01,Nyanza,off,0.859102063314655
2018-09-01,Nyanza,off,-0.6653522486072794
2018-10-01,Nyanza,B,-0.7504962179371424
2018-11-01,Nyanza,B,-0.18372571165419216
2018-12-01,Nyanza,B,2.5150018951383073
2019-01-01,Nyanza,off,1.2468870371151366
2019-02-01,Nyanza,off,-0.669016096868856
2019-03-01,Nyanza,A,-1.0681432065572836
2019-04-01,Nyanza,A,0.31020052279034027
2019-05-01,Nyanza,A,1.9025659743464158
2019-06-01,Nyanza,off,-0.2420745197978004
2019-07-01,Nyanza,off,0.015582901926033193
2019-08-01,Nyanza,off,0.18256749927102434
2019-09-01,Nyanza,off,0.3817897465247629
2019-10-01,Nyanza,B,0.2258534022936838
2019-11-01,Nyanza,B,0.4967129528125669
2019-12-01,Nyanza,B,0.5681284590246719
2020-01-01,Nyanza,off,1.1211548114305352
2020-02-01,Nyanza,off,1.5245521467208754
2020-03-01,Nyanza,A,0.13516649875989545
2020-04-01,Nyanza,A,1.0235046242227246
2020-05-01,Nyanza,A,-1.193330519701997
2020-06-01,Nyanza,off,-0.7117876742597901
2020-07-01,Nyanza,off,-0.10127464371268075
2020-08-01,Nyanza,off,-1.4601406903777552
2020-09-01,Nyanza,off,0.17968953197949997
2020-10-01,Nyanza,B,1.6954531665474966
2020-11-01,Nyanza,B,0.19782905701542144
2020-12-01,Nyanza,B,1.6533791004863478
2021-01-01,Nyanza,off,-0.23371859729568767
2021-02-01,Nyanza,off,0.49798695965144246
2021-03-01,Nyanza,A,-0.32218979102188583
2021-04-01,Nyanza,A,-0.6351818842192415
2021-05-01,Nyanza,A,2.869416865501305
2021-06-01,Nyanza,off,-0.97526924396047
2021-07-01,Nyanza,off,-0.2896033182980649
2021-08-01,Nyanza,off,0.028155654443214755
2021-09-01,Nyanza,off,0.45876470588570634
2021-10-01,Nyanza,B,1.486738423993103
2021-11-01,Nyanza,B,-0.46728884562930423
2021-12-01,Nyanza,B,0.05798347455824735
2022-01-01,Nyanza,off,0.7649417830121609
2022-02-01,Nyanza,off,1.4069995966925248
2022-03-01,Nyanza,A,-0.17926423114061324
2022-04-01,Nyanza,A,0.24141015224067305
2022-05-01,Nyanza,A,0.7848698643526244
2022-06-01,Nyanza,off,-0.350945625622315
2022-07-01,Nyanza,off,0.06217566045631311
2022-08-01,Nyanza,off,0.8209794385553487
2022-09-01,Nyanza,off,-0.5850413465179639
2022-10-01,Nyanza,B,-0.779619184969095
2022-11-01,Nyanza,B,0.4591505956015611
2022-12-01,Nyanza,B,0.11775812729522887
2023-01-01,Nyanza,off,2.0124925243572265
2023-02-01,Nyanza,off,-1.5546760939834998
2023-03-01,Nyanza,A,0.47422821780419305
2023-04-01,Nyanza,A,1.2686168361959287
2023-05-01,Nyanza,A,-0.12941230492403535
2023-06-01,Nyanza,off,-1.0704540681735804
2023-07-01,Nyanza,off,-0.4776867268415981
2023-08-01,Nyanza,off,-1.548095655883722
2023-09-01,Nyanza,off,0.23790193571890741
2023-10-01,Nyanza,B,-0.5658849438839371
2023-11-01,Nyanza,B,-0.2748739369422601
2023-12-01,Nyanza,B,0.0009136759421173287
2024-01-01,Nyanza,off,-0.2703464925659998
2024-02-01,Nyanza,off,-0.9297522201633206
2024-03-01,Nyanza,A,-1.275929911205116
2024-04-01,Nyanza,A,1.447134432631133
2024-05-01,Nyanza,A,-1.1997138608242244
2024-06-01,Nyanza,off,-0.9924349234736185
2024-07-01,Nyanza,off,-0.5285403323316243
2024-08-01,Nyanza,off,-0.8553778978398727
2024-09-01,Nyanza,off,-0.3025375514397369
2024-10-01,Nyanza,B,0.5520678700661349
2024-11-01,Nyanza,B,3.668966590967154
2024-12-01,Nyanza,B,-0.7376987697173718
2025-01-01,Nyanza,off,-0.13026297462857353
2025-02-01,Nyanza,off,-0.8611753983859346
2025-03-01,Nyanza,A,-1.2511174151178308
2025-04-01,Nyanza,A,1.5210939570851272
2025-05-01,Nyanza,A,-0.3041453394527918
2025-06-01,Nyanza,off,1.5916911375973
2025-07-01,Nyanza,off,-0.11015749369744825
2025-08-01,Nyanza,off,1.2737566230870758
2025-09-01,Nyanza,off,-0.7840565809505246
2025-10-01,Nyanza,B,0.4329990689152755
2025-11-01,Nyanza,B,-0.6421651338808834
2025-12-01,Nyanza,B,0.5089332787882087
2026-01-01,Nyanza,off,2.549529511764872
2026-02-01,Nyanza,off,-0.3067655060017188
2026-03-01,Nyanza,A,-0.0229718230664382
2026-04-01,Nyanza,A,-0.30136465039242183
2026-05-01,Nyanza,A,-1.7676870828355524
2026-06-01,Nyanza,off,-0.7371116085209494
2026-07-01,Nyanza,off,-0.03199971744556421
2026-08-01,Nyanza,off,-1.3512391431371404
2026-09-01,Nyanza,off,-0.19071457954777565
1981-01-01,Nyarugenge,off,0.004742446660120471
1981-02-01,Nyarugenge,off,-0.38052730114282063
1981-03-01,Nyarugenge,A,-0.07538970492002732
1981-04-01,Nyarugenge,A,1.516336307403884
1981-05-01,Nyarugenge,A,0.2982144524039493
1981-06-01,Nyarugenge,off,-0.2928472822302047
1981-07-01,Nyarugenge,off,-0.08393947732068947
1981-08-01,Nyarugenge,off,0.7474982977518496
1981-09-01,Nyarugenge,off,0.9546347809443384
1981-10-01,Nyarugenge,B,0.17481561139918558
1981-11-01,Nyarugenge,B,-0.9848263971676807
1981-12-01,Nyarugenge,B,-0.018243445830238653
1982-01-01,Nyarugenge,off,0.9181456197496309
1982-02-01,Nyarugenge,off,-0.3140607300163912
1982-03-01,Nyarugenge,A,-0.6029349055285366
1982-04-01,Nyarugenge,A,1.953531747585453
1982-05-01,Nyarugenge,A,1.1596514253641874
1982-06-01,Nyarugenge,off,-0.1671857624984196
1982-07-01,Nyarugenge,off,-0.2945190190513374
1982-08-01,Nyarugenge,off,-1.4825895475012942
1982-09-01,Nyarugenge,off,0.8355583375202122
1982-10-01,Nyarugenge,B,1.13021719027794
1982-11-01,Nyarugenge,B,0.40859200677701885
1982-12-01,Nyarugenge,B,1.7333985932384557
1983-01-01,Nyarugenge,off,-1.2007831522897714
1983-02-01,Nyarugenge,off,-0.06633513977029462
1983-03-01,Nyarugenge,A,-0.665144172222149
1983-04-01,Nyarugenge,A,1.4341170039983984
1983-05-01,Nyarugenge,A,-0.9953230282137222
1983-06-01,Nyarugenge,off,-0.08091622546861439
1983-07-01,Nyarugenge,off,-0.4393398926780983
1983-08-01,Nyarugenge,off,0.06022284455795444
1983-09-01,Nyarugenge,off,0.026557093636579477
1983-10-01,Nyarugenge,B,0.799493464933502
1983-11-01,Nyarugenge,B,0.48009702016344097
1983-12-01,Nyarugenge,B,-0.7512592283325993
1984-01-01,Nyarugenge,off,-0.1359597613130761
1984-02-01,Nyarugenge,off,0.33912375116773225
1984-03-01,Nyarugenge,A,-0.782397185320314
1984-04-01,Nyarugenge,A,0.057390350120738044
1984-05-01,Nyarugenge,A,-1.889464414937813
1984-06-01,Nyarugenge,off,-0.9835478863279387
1984-07-01,Nyarugenge,off,3.068370419244304
1984-08-01,Nyarugenge,off,1.421810669138927
1984-09-01,Nyarugenge,off,-1.288470881712349
1984-10-01,Nyarugenge,B,0.03001289607351744
1984-11-01,Nyarugenge,B,0.4324575892433395
1984-12-01,Nyarugenge,B,-0.37864650823234214
1985-01-01,Nyarugenge,off,-0.30394891257481094
1985-02-01,Nyarugenge,off,0.488688984795467
1985-03-01,Nyarugenge,A,-0.6480121811136259
1985-04-01,Nyarugenge,A,2.6628898406170083
1985-05-01,Nyarugenge,A,-1.3804162965812392
1985-06-01,Nyarugenge,off,0.3642936731781664
1985-07-01,Nyarugenge,off,-0.15932791060680368
1985-08-01,Nyarugenge,off,-1.359813964362898
1985-09-01,Nyarugenge,off,0.1478113299914508
1985-10-01,Nyarugenge,B,0.04641667012414868
1985-11-01,Nyarugenge,B,0.7357177615170933
1985-12-01,Nyarugenge,B,-0.5425390023832509
1986-01-01,Nyarugenge,off,-0.3991893522119262
1986-02-01,Nyarugenge,off,0.30846757571925426
1986-03-01,Nyarugenge,A,-0.8386365821558619
1986-04-01,Nyarugenge,A,1.8633358263709257
1986-05-01,Nyarugenge,A,0.2639535684282263
1986-06-01,Nyarugenge,off,-0.34753820011063175
1986-07-01,Nyarugenge,off,-0.28260668222691915
1986-08-01,Nyarugenge,off,-1.382465908550534
1986-09-01,Nyarugenge,off,-1.1202276846887071
1986-10-01,Nyarugenge,B,0.4077501674839012
1986-11-01,Nyarugenge,B,-0.2642631684672829
1986-12-01,Nyarugenge,B,0.5041750377072175
1987-01-01,Nyarugenge,off,0.9967560234794143
1987-02-01,Nyarugenge,off,0.6910631802993209
1987-03-01,Nyarugenge,A,-0.22005451341342375
1987-04-01,Nyarugenge,A,-0.3448248425776664
1987-05-01,Nyarugenge,A,3.156384135792868
1987-06-01,Nyarugenge,off,0.677019524164021
1987-07-01,Nyarugenge,off,-0.5069354970337201
1987-08-01,Nyarugenge,off,-1.100279723096697
1987-09-01,Nyarugenge,off,1.611662745797754
1987-10-01,Nyarugenge,B,-0.2181590113766588
1987-11-01,Nyarugenge,B,1.1520208279696955
1987-12-01,Nyarugenge,B,-1.5991950281627167
1988-01-01,Nyarugenge,off,0.16894414328984217
1988-02-01,Nyarugenge,off,0.3263174965212724
1988-03-01,Nyarugenge,A,0.2708471553744024
1988-04-01,Nyarugenge,A,1.0174625528622883
1988-05-01,Nyarugenge,A,-0.6258148862936307
1988-06-01,Nyarugenge,off,-0.9423159292929247
1988-07-01,Nyarugenge,off,0.3560157539070226
1988-08-01,Nyarugenge,off,2.6834920424886266
1988-09-01,Nyarugenge,off,0.40678004696262526
1988-10-01,Nyarugenge,B,0.04246181019392462
1988-11-01,Nyarugenge,B,0.22019216305884537
1988-12-01,Nyarugenge,B,-0.8127617149908157
1989-01-01,Nyarugenge,off,1.0297145932985559
1989-02-01,Nyarugenge,off,-0.642641785858431
1989-03-01,Nyarugenge,A,-0.4061749739707692
1989-04-01,Nyarugenge,A,0.2720147110733908
1989-05-01,Nyarugenge,A,-0.8804186524926496
1989-06-01,Nyarugenge,off,0.14553488464521225
1989-07-01,Nyarugenge,off,-0.03604913898668858
1989-08-01,Nyarugenge,off,0.047276507291625955
1989-09-01,Nyarugenge,off,-1.0424002536668824
1989-10-01,Nyarugenge,B,-0.3549460449832576
1989-11-01,Nyarugenge,B,-0.1302615941844649
1989-12-01,Nyarugenge,B,2.3488773672146106
1990-01-01,Nyarugenge,off,-0.11591863189458151
1990-02-01,Nyarugenge,off,1.5333833525561034
1990-03-01,Nyarugenge,A,-0.256665478606855
1990-04-01,Nyarugenge,A,0.9239345683570402
1990-05-01,Nyarugenge,A,-0.833088564424755
1990-06-01,Nyarugenge,off,-1.1130856268096734
1990-07-01,Nyarugenge,off,-0.05163513775448632
1990-08-01,Nyarugenge,off,-0.88638036064056
1990-09-01,Nyarugenge,off,1.5287661207161285
1990-10-01,Nyarugenge,B,-0.7639862321718557
1990-11-01,Nyarugenge,B,0.1518782078895495
1990-12-01,Nyarugenge,B,0.34517852687541756
1991-01-01,Nyarugenge,off,0.09185638981080732
1991-02-01,Nyarugenge,off,0.28576412452293776
1991-03-01,Nyarugenge,A,-0.7091626814880774
1991-04-01,Nyarugenge,A,-0.4332643316815299
1991-05-01,Nyarugenge,A,1.995292731833228
1991-06-01,Nyarugenge,off,0.04008979062017251
1991-07-01,Nyarugenge,off,0.10326101612490643
1991-08-01,Nyarugenge,off,-0.6775385011458943
1991-09-01,Nyarugenge,off,-1.358239035049806
1991-10-01,Nyarugenge,B,1.2651258273484192
1991-11-01,Nyarugenge,B,-0.7443431515634785
1991-12-01,Nyarugenge,B,-0.2959221012509852
1992-01-01,Nyarugenge,off,-0.8452483093549102
1992-02-01,Nyarugenge,off,-0.6419062794107571
1992-03-01,Nyarugenge,A,-0.7606802582789515
1992-04-01,Nyarugenge,A,0.12601174307476057
1992-05-01,Nyarugenge,A,-0.7935031471867713
1992-06-01,Nyarugenge,off,1.0002329220320352
1992-07-01,Nyarugenge,off,-0.29819268099471685
1992-08-01,Nyarugenge,off,-1.5644707415356125
1992-09-01,Nyarugenge,off,-0.3481990078597142
1992-10-01,Nyarugenge,B,-0.0771911868632766
1992-11-01,Nyarugenge,B,-1.0469688160460577
1992-12-01,Nyarugenge,B,0.18482117620868896
1993-01-01,Nyarugenge,off,2.1140801063338133
1993-02-01,Nyarugenge,off,0.2946074076623729
1993-03-01,Nyarugenge,A,-1.028875979086889
1993-04-01,Nyarugenge,A,-1.1862889978286044
1993-05-01,Nyarugenge,A,0.08201591413852505
1993-06-01,Nyarugenge,off,-0.920254566051024
1993-07-01,Nyarugenge,off,-0.44529608615698507
1993-08-01,Nyarugenge,off,2.1898141589676388
1993-09-01,Nyarugenge,off,-1.9795206646259806
1993-10-01,Nyarugenge,B,-1.4830825689386677
1993-11-01,Nyarugenge,B,0.1182863535330899
1993-12-01,Nyarugenge,B,-1.3272003822111984
1994-01-01,Nyarugenge,off,0.3856469128107629
1994-02-01,Nyarugenge,off,-0.4991824439068929
1994-03-01,Nyarugenge,A,0.7433775365240549
1994-04-01,Nyarugenge,A,-0.3473230879120306
1994-05-01,Nyarugenge,A,0.8909734417368067
1994-06-01,Nyarugenge,off,-0.8118581214313055
1994-07-01,Nyarugenge,off,0.10142434056661596
1994-08-01,Nyarugenge,off,0.3624957306497631
1994-09-01,Nyarugenge,off,-0.706376159337176
1994-10-01,Nyarugenge,B,-0.9953044487924484
1994-11-01,Nyarugenge,B,0.7572261739093412
1994-12-01,Nyarugenge,B,0.2294137825733077
1995-01-01,Nyarugenge,off,0.2292985861507415
1995-02-01,Nyarugenge,off,-0.5926075447415043
1995-03-01,Nyarugenge,A,-0.3631143827675679
1995-04-01,Nyarugenge,A,0.6104157881789706
1995-05-01,Nyarugenge,A,0.07261903844249612
1995-06-01,Nyarugenge,off,3.0781166442096373
1995-07-01,Nyarugenge,off,-0.2544217101812482
1995-08-01,Nyarugenge,off,-1.3945288058659655
1995-09-01,Nyarugenge,off,-0.19713472676465
1995-10-01,Nyarugenge,B,-0.38686801745271104
1995-11-01,Nyarugenge,B,0.08042237532414659
1995-12-01,Nyarugenge,B,-1.2926886209015893
1996-01-01,Nyarugenge,off,-0.8737790912550396
1996-02-01,Nyarugenge,off,-0.023711460753821193
1996-03-01,Nyarugenge,A,-0.08888634599487776
1996-04-01,Nyarugenge,A,-0.3503262162355054
1996-05-01,Nyarugenge,A,-0.8902113510778455
1996-06-01,Nyarugenge,off,0.7758282554594841
1996-07-01,Nyarugenge,off,2.764961250640205
1996-08-01,Nyarugenge,off,1.4619811626802928
1996-09-01,Nyarugenge,off,0.9640603028392779
1996-10-01,Nyarugenge,B,-1.155506075232624
1996-11-01,Nyarugenge,B,-0.7953543413646
1996-12-01,Nyarugenge,B,-0.4333027639112887
1997-01-01,Nyarugenge,off,2.058836859257332
1997-02-01,Nyarugenge,off,-1.0654304740695197
1997-03-01,Nyarugenge,A,-0.6605341996919428
1997-04-01,Nyarugenge,A,0.0923481980209952
1997-05-01,Nyarugenge,A,-1.004110803702768
1997-06-01,Nyarugenge,off,-0.15556688627942042
1997-07-01,Nyarugenge,off,-0.23059718693247636
1997-08-01,Nyarugenge,off,0.15409287891605394
1997-09-01,Nyarugenge,off,0.192975767427125
1997-10-01,Nyarugenge,B,1.5203434664497941
1997-11-01,Nyarugenge,B,0.3670749914868441
1997-12-01,Nyarugenge,B,1.1679802199637406
1998-01-01,Nyarugenge,off,1.62684064903114
1998-02-01,Nyarugenge,off,2.5006185488656336
1998-03-01,Nyarugenge,A,0.16682590878455236
1998-04-01,Nyarugenge,A,-0.1872348932003339
1998-05-01,Nyarugenge,A,1.1226354027176422
1998-06-01,Nyarugenge,off,0.5983618446806994
1998-07-01,Nyarugenge,off,0.3200378927708333
1998-08-01,Nyarugenge,off,-0.2556414547025418
1998-09-01,Nyarugenge,off,0.15706993789505394
1998-10-01,Nyarugenge,B,-0.028983604660359277
1998-11-01,Nyarugenge,B,-0.7194327899839753
1998-12-01,Nyarugenge,B,-1.5336698411186158
1999-01-01,Nyarugenge,off,-0.4495418298381938
1999-02-01,Nyarugenge,off,-1.7442781794482372
1999-03-01,Nyarugenge,A,0.7716294867316843
1999-04-01,Nyarugenge,A,-0.6526447337068162
1999-05-01,Nyarugenge,A,-1.2072702379422167
1999-06-01,Nyarugenge,off,-0.6622297298032437
1999-07-01,Nyarugenge,off,-0.5685748577771002
1999-08-01,Nyarugenge,off,1.1877669125801613
1999-09-01,Nyarugenge,off,1.0195816396346093
1999-10-01,Nyarugenge,B,-1.3848409862589262
1999-11-01,Nyarugenge,B,-0.6555066865032886
1999-12-01,Nyarugenge,B,-0.2477461933016047
2000-01-01,Nyarugenge,off,-1.122795194266007
2000-02-01,Nyarugenge,off,-1.104383228423783
2000-03-01,Nyarugenge,A,-0.8759767470209385
2000-04-01,Nyarugenge,A,-0.9169272353489918
2000-05-01,Nyarugenge,A,-0.5168515738049783
2000-06-01,Nyarugenge,off,-0.7284089565935351
2000-07-01,Nyarugenge,off,-0.38365667528025005
2000-08-01,Nyarugenge,off,-1.2908076475110337
2000-09-01,Nyarugenge,off,-1.8402146003961342
2000-10-01,Nyarugenge,B,0.16146454755988518
2000-11-01,Nyarugenge,B,0.5356040589259942
2000-12-01,Nyarugenge,B,-0.37438851195923034
2001-01-01,Nyarugenge,off,0.40546208117268684
2001-02-01,Nyarugenge,off,-0.6333059926418404
2001-03-01,Nyarugenge,A,1.9636755300540272
2001-04-01,Nyarugenge,A,-1.0582037710343104
2001-05-01,Nyarugenge,A,-1.060415454112871
2001-06-01,Nyarugenge,off,-0.8665490393117323
2001-07-01,Nyarugenge,off,1.553734586853797
2001-08-01,Nyarugenge,off,-0.5068953201632159
2001-09-01,Nyarugenge,off,0.30525633381350237
2001-10-01,Nyarugenge,B,2.0957342062264908
2001-11-01,Nyarugenge,B,1.1742436807739474
2001-12-01,Nyarugenge,B,0.07544337116955765
2002-01-01,Nyarugenge,off,-0.014356035315507469
2002-02-01,Nyarugenge,off,-0.49583979245164705
2002-03-01,Nyarugenge,A,-0.0076632825884972505
2002-04-01,Nyarugenge,A,0.21493401638495674
2002-05-01,Nyarugenge,A,1.2140455136777557
2002-06-01,Nyarugenge,off,-0.8876250114124976
2002-07-01,Nyarugenge,off,-0.3502021863158307
2002-08-01,Nyarugenge,off,-1.1758889938105257
2002-09-01,Nyarugenge,off,-1.6998553346495044
2002-10-01,Nyarugenge,B,-0.787288897277597
2002-11-01,Nyarugenge,B,-0.5372592582601317
2002-12-01,Nyarugenge,B,1.1025202564141812
2003-01-01,Nyarugenge,off,-0.7189760249887632
2003-02-01,Nyarugenge,off,-0.8203795985665407
2003-03-01,Nyarugenge,A,-0.9338523461557654
2003-04-01,Nyarugenge,A,0.34274816210339676
2003-05-01,Nyarugenge,A,-0.11464690911107313
2003-06-01,Nyarugenge,off,-0.09916642100170119
2003-07-01,Nyarugenge,off,0.07164358373227389
2003-08-01,Nyarugenge,off,0.2811882827806518
2003-09-01,Nyarugenge,off,0.5426937073959622
2003-10-01,Nyarugenge,B,0.5817704515632163
2003-11-01,Nyarugenge,B,-0.41524931171561885
2003-12-01,Nyarugenge,B,-1.1440448483610008
2004-01-01,Nyarugenge,off,0.29057668593972663
2004-02-01,Nyarugenge,off,0.42260077009740665
2004-03-01,Nyarugenge,A,0.20472196231387096
2004-04-01,Nyarugenge,A,0.5480000823571296
2004-05-01,Nyarugenge,A,-1.21571943280656
2004-06-01,Nyarugenge,off,-0.7782430954382762
2004-07-01,Nyarugenge,off,-0.38365667528025005
2004-08-01,Nyarugenge,off,-0.6401490652197609
2004-09-01,Nyarugenge,off,0.5561130528644452
2004-10-01,Nyarugenge,B,-0.14821339599002453
2004-11-01,Nyarugenge,B,1.724899786406243
2004-12-01,Nyarugenge,B,0.8901430328485742
2005-01-01,Nyarugenge,off,-0.5722902306716401
2005-02-01,Nyarugenge,off,-0.241464684483685
2005-03-01,Nyarugenge,A,0.44308265191760277
2005-04-01,Nyarugenge,A,-0.7005763418184545
2005-05-01,Nyarugenge,A,-0.045485880726422484
2005-06-01,Nyarugenge,off,-0.4540341895181352
2005-07-01,Nyarugenge,off,-0.5685748577771002
2005-08-01,Nyarugenge,off,2.1586404769513226
2005-09-01,Nyarugenge,off,1.5614613400227177
2005-10-01,Nyarugenge,B,2.060474565557254
2005-11-01,Nyarugenge,B,-1.1281211914222278
2005-12-01,Nyarugenge,B,-1.5591127392457143
2006-01-01,Nyarugenge,off,-0.6073832982563533
2006-02-01,Nyarugenge,off,0.31299927002933925
2006-03-01,Nyarugenge,A,0.06070071569551956
2006-04-01,Nyarugenge,A,1.0063367081073333
2006-05-01,Nyarugenge,A,0.35426042473016467
2006-06-01,Nyarugenge,off,-0.8329340133187033
2006-07-01,Nyarugenge,off,0.5409339364038731
2006-08-01,Nyarugenge,off,1.777714974845022
2006-09-01,Nyarugenge,off,-1.1470830700328067
2006-10-01,Nyarugenge,B,-0.9301371838213155
2006-11-01,Nyarugenge,B,1.882706753049657
2006-12-01,Nyarugenge,B,2.6044695425827213
2007-01-01,Nyarugenge,off,-0.2394630200548819
2007-02-01,Nyarugenge,off,0.7335488522168139
2007-03-01,Nyarugenge,A,-0.5700947005599829
2007-04-01,Nyarugenge,A,0.20008865772035955
2007-05-01,Nyarugenge,A,4.8836241454459755
2007-06-01,Nyarugenge,off,1.6278413609254914
2007-07-01,Nyarugenge,off,1.5688568119833886
2007-08-01,Nyarugenge,off,-0.1173558448821492
2007-09-01,Nyarugenge,off,0.5068019452832364
2007-10-01,Nyarugenge,B,-0.40835803090376216
2007-11-01,Nyarugenge,B,-0.3477626972732442
2007-12-01,Nyarugenge,B,-0.9260774148329218
2008-01-01,Nyarugenge,off,-1.0174540266853842
2008-02-01,Nyarugenge,off,-0.4734549387248263
2008-03-01,Nyarugenge,A,-0.18910101709121002
2008-04-01,Nyarugenge,A,-1.0302980818813323
2008-05-01,Nyarugenge,A,-1.3119023093264532
2008-06-01,Nyarugenge,off,1.4578660865749287
2008-07-01,Nyarugenge,off,0.23136377956669552
2008-08-01,Nyarugenge,off,0.37572441897009623
2008-09-01,Nyarugenge,off,-0.6466873871607703
2008-10-01,Nyarugenge,B,-0.43892162007267105
2008-11-01,Nyarugenge,B,-0.7009152834033114
2008-12-01,Nyarugenge,B,-0.8505931767058621
2009-01-01,Nyarugenge,off,-0.2781182931086746
2009-02-01,Nyarugenge,off,2.7756561992110034
2009-03-01,Nyarugenge,A,-0.11064893449575573
2009-04-01,Nyarugenge,A,0.33821600656644785
2009-05-01,Nyarugenge,A,1.7069190576549864
2009-06-01,Nyarugenge,off,-0.6449596914890559
2009-07-01,Nyarugenge,off,-0.5069354970337201
2009-08-01,Nyarugenge,off,-1.0283605279865957
2009-09-01,Nyarugenge,off,-1.5800225293021228
2009-10-01,Nyarugenge,B,0.5292655986170682
2009-11-01,Nyarugenge,B,-0.5880763417382956
2009-12-01,Nyarugenge,B,-0.7607220594701499
2010-01-01,Nyarugenge,off,0.84715793245097
2010-02-01,Nyarugenge,off,3.714481775912188
2010-03-01,Nyarugenge,A,0.14707908221183638
2010-04-01,Nyarugenge,A,-0.1587011133255897
2010-05-01,Nyarugenge,A,-0.5156375545127987
2010-06-01,Nyarugenge,off,0.8132541583878694
2010-07-01,Nyarugenge,off,-0.19873859305010944
2010-08-01,Nyarugenge,off,-1.6052725042534373
2010-09-01,Nyarugenge,off,0.18961130796255815
2010-10-01,Nyarugenge,B,-0.29632607582363596
2010-11-01,Nyarugenge,B,-0.6421307866000403
2010-12-01,Nyarugenge,B,0.7163653841796229
2011-01-01,Nyarugenge,off,0.12592681717179863
2011-02-01,Nyarugenge,off,0.29468541516237806
2011-03-01,Nyarugenge,A,-0.3148769210852144
2011-04-01,Nyarugenge,A,-0.6421176817411063
2011-05-01,Nyarugenge,A,0.17206400211653783
2011-06-01,Nyarugenge,off,2.705038626417189
2011-07-01,Nyarugenge,off,-0.2544217101812482
2011-08-01,Nyarugenge,off,1.0954635555849606
2011-09-01,Nyarugenge,off,2.9683959871839782
2011-10-01,Nyarugenge,B,0.9859593041984553
2011-11-01,Nyarugenge,B,0.8860168572184663
2011-12-01,Nyarugenge,B,-0.1343740332753689
2012-01-01,Nyarugenge,off,-1.0507950137346282
2012-02-01,Nyarugenge,off,-0.5950527289331916
2012-03-01,Nyarugenge,A,-0.40411398172994395
2012-04-01,Nyarugenge,A,0.883589360074338
2012-05-01,Nyarugenge,A,1.580315091013752
2012-06-01,Nyarugenge,off,0.18584680438035392
2012-07-01,Nyarugenge,off,-0.5685748577771002
2012-08-01,Nyarugenge,off,0.8691886241064297
2012-09-01,Nyarugenge,off,0.6055865123017052
2012-10-01,Nyarugenge,B,0.971357713958039
2012-11-01,Nyarugenge,B,0.31285043412572944
2012-12-01,Nyarugenge,B,0.4824458580739519
2013-01-01,Nyarugenge,off,-0.14871272420342735
2013-02-01,Nyarugenge,off,-0.9149795845966068
2013-03-01,Nyarugenge,A,1.235997646366307
2013-04-01,Nyarugenge,A,-0.3691989477146517
2013-05-01,Nyarugenge,A,-1.1839286793798534
2013-06-01,Nyarugenge,off,-1.1821556832087785
2013-07-01,Nyarugenge,off,-0.5685748577771002
2013-08-01,Nyarugenge,off,-0.3645310009730017
2013-09-01,Nyarugenge,off,1.4209559957069904
2013-10-01,Nyarugenge,B,-0.6022789206081819
2013-11-01,Nyarugenge,B,0.16795410980005526
2013-12-01,Nyarugenge,B,0.8295223217138772
2014-01-01,Nyarugenge,off,-0.6595118001083243
2014-02-01,Nyarugenge,off,0.2510956062396674
2014-03-01,Nyarugenge,A,-0.08204439640410462
2014-04-01,Nyarugenge,A,-0.6037385933386826
2014-05-01,Nyarugenge,A,-1.7573726407245376
2014-06-01,Nyarugenge,off,-0.38680419769210217
2014-07-01,Nyarugenge,off,-0.5685748577771002
2014-08-01,Nyarugenge,off,0.17364941932744588
2014-09-01,Nyarugenge,off,-0.534253994255744
2014-10-01,Nyarugenge,B,-0.16883133973503853
2014-11-01,Nyarugenge,B,-0.23070536468537595
2014-12-01,Nyarugenge,B,-0.8065250654987351
2015-01-01,Nyarugenge,off,-1.7064565839774073
2015-02-01,Nyarugenge,off,-0.3518368144277703
2015-03-01,Nyarugenge,A,-0.2846429085904933
2015-04-01,Nyarugenge,A,0.29888763306498617
2015-05-01,Nyarugenge,A,-0.6944962086599324
2015-06-01,Nyarugenge,off,0.29732513682387435
2015-07-01,Nyarugenge,off,-0.35615842992807206
2015-08-01,Nyarugenge,off,-0.9902865812612498
2015-09-01,Nyarugenge,off,-0.4945457202185872
2015-10-01,Nyarugenge,B,-0.13363520799961048
2015-11-01,Nyarugenge,B,-0.21469273106857548
2015-12-01,Nyarugenge,B,-0.4795454795677966
2016-01-01,Nyarugenge,off,0.5856536508761478
2016-02-01,Nyarugenge,off,-0.9161707330523451
2016-03-01,Nyarugenge,A,0.9010961681963832
2016-04-01,Nyarugenge,A,0.432830581402748
2016-05-01,Nyarugenge,A,-1.730091954078673
2016-06-01,Nyarugenge,off,-1.1821556832087785
2016-07-01,Nyarugenge,off,-0.13114298869448768
2016-08-01,Nyarugenge,off,-1.2998651304220135
2016-09-01,Nyarugenge,off,0.5858736260101609
2016-10-01,Nyarugenge,B,0.14396958093623405
2016-11-01,Nyarugenge,B,0.2709340364782001
2016-12-01,Nyarugenge,B,-1.091424067045307
2017-01-01,Nyarugenge,off,-0.9477765144533317
2017-02-01,Nyarugenge,off,-0.6679895810115509
2017-03-01,Nyarugenge,A,-0.7379403300537125
2017-04-01,Nyarugenge,A,-0.5602075607610918
2017-05-01,Nyarugenge,A,0.4413888965270613
2017-06-01,Nyarugenge,off,-1.1821556832087785
2017-07-01,Nyarugenge,off,-0.5685748577771002
2017-08-01,Nyarugenge,off,0.7065114727682669
2017-09-01,Nyarugenge,off,0.8029030143373399
2017-10-01,Nyarugenge,B,0.510956345992074
2017-11-01,Nyarugenge,B,0.26253028248661026
2017-12-01,Nyarugenge,B,-0.4248719780148125
2018-01-01,Nyarugenge,off,1.095896437049966
2018-02-01,Nyarugenge,off,-1.1764597119211055
2018-03-01,Nyarugenge,A,1.6652326618124216
2018-04-01,Nyarugenge,A,2.4250664301762317
2018-05-01,Nyarugenge,A,0.7573669884761891
2018-06-01,Nyarugenge,off,-0.31878000328664363
2018-07-01,Nyarugenge,off,-0.44529608615698507
2018-08-01,Nyarugenge,off,0.47483704863543835
2018-09-01,Nyarugenge,off,-0.8152053149684927
2018-10-01,Nyarugenge,B,-0.7633520452341506
2018-11-01,Nyarugenge,B,-0.2774764457943629
2018-12-01,Nyarugenge,B,2.223397691187208
2019-01-01,Nyarugenge,off,0.7237649169420292
2019-02-01,Nyarugenge,off,-0.5805062352496562
2019-03-01,Nyarugenge,A,-1.0982010538349833
2019-04-01,Nyarugenge,A,-0.18151001502030698
2019-05-01,Nyarugenge,A,1.0665935914598714
2019-06-01,Nyarugenge,off,-0.07322888714320584
2019-07-01,Nyarugenge,off,-0.024136842268954083
2019-08-01,Nyarugenge,off,1.05613750827116
2019-09-01,Nyarugenge,off,0.02288372246665697
2019-10-01,Nyarugenge,B,0.06165986703877497
2019-11-01,Nyarugenge,B,0.053795507837711226
2019-12-01,Nyarugenge,B,-0.01293654948218202
2020-01-01,Nyarugenge,off,1.7833729249964454
2020-02-01,Nyarugenge,off,1.8628874336459582
2020-03-01,Nyarugenge,A,-0.20184645997834696
2020-04-01,Nyarugenge,A,0.7716080697625317
2020-05-01,Nyarugenge,A,-1.602890748782191
2020-06-01,Nyarugenge,off,-1.0382388042083655
2020-07-01,Nyarugenge,off,-0.36578814497694534
2020-08-01,Nyarugenge,off,-1.6469789233578933
2020-09-01,Nyarugenge,off,-0.6222990140710205
2020-10-01,Nyarugenge,B,2.066685737278447
2020-11-01,Nyarugenge,B,-0.1316292822356526
2020-12-01,Nyarugenge,B,1.121754920634676
2021-01-01,Nyarugenge,off,-0.524707811402571
2021-02-01,Nyarugenge,off,0.3722603645829647
2021-03-01,Nyarugenge,A,-0.41371314551242677
2021-04-01,Nyarugenge,A,-0.3671894725091767
2021-05-01,Nyarugenge,A,2.1203281461240957
2021-06-01,Nyarugenge,off,-1.2166907264483369
2021-07-01,Nyarugenge,off,-0.4333837493325671
2021-08-01,Nyarugenge,off,-0.35159829997916786
2021-09-01,Nyarugenge,off,0.4366488881012793
2021-10-01,Nyarugenge,B,0.8614046487263869
2021-11-01,Nyarugenge,B,-0.5094257110046523
2021-12-01,Nyarugenge,B,0.22837334500864645
2022-01-01,Nyarugenge,off,0.5481529389557912
2022-02-01,Nyarugenge,off,1.4942512611651952
2022-03-01,Nyarugenge,A,-0.37022552842005707
2022-04-01,Nyarugenge,A,0.5184025328544203
2022-05-01,Nyarugenge,A,0.4414725390161414
2022-06-01,Nyarugenge,off,-0.7648494784074562
2022-07-01,Nyarugenge,off,-0.19278240959789378
2022-08-01,Nyarugenge,off,1.0517488043155183
2022-09-01,Nyarugenge,off,-0.7898723492617106
2022-10-01,Nyarugenge,B,-1.128727514241357
2022-11-01,Nyarugenge,B,0.15463461994758318
2022-12-01,Nyarugenge,B,1.0071354327153594
2023-01-01,Nyarugenge,off,1.0582175110801095
2023-02-01,Nyarugenge,off,-1.5592964278575518
2023-03-01,Nyarugenge,A,0.4179969539431646
2023-04-01,Nyarugenge,A,0.3812645056044805
2023-05-01,Nyarugenge,A,-0.40815113054867014
2023-06-01,Nyarugenge,off,-1.2166907264483369
2023-07-01,Nyarugenge,off,-0.5685748577771002
2023-08-01,Nyarugenge,off,-1.7916869768831039
2023-09-01,Nyarugenge,off,-0.08854606083611408
2023-10-01,Nyarugenge,B,-0.803787353182027
2023-11-01,Nyarugenge,B,-0.19875615977761718
2023-12-01,Nyarugenge,B,0.28093758592684237
2024-01-01,Nyarugenge,off,-0.34023893405774397
2024-02-01,Nyarugenge,off,-1.2086862946540764
2024-03-01,Nyarugenge,A,-1.1857894289750992
2024-04-01,Nyarugenge,A,1.1675721545093418
2024-05-01,Nyarugenge,A,-1.3466846904850527
2024-06-01,Nyarugenge,off,-1.1821556832087785
2024-07-01,Nyarugenge,off,-0.5685748577771002
2024-08-01,Nyarugenge,off,-0.614875758205142
2024-09-01,Nyarugenge,off,-0.41640866559776935
2024-10-01,Nyarugenge,B,-0.1109740693547113
2024-11-01,Nyarugenge,B,2.454555972379448
2024-12-01,Nyarugenge,B,-0.26984132637127156
2025-01-01,Nyarugenge,off,-0.14659699636587584
2025-02-01,Nyarugenge,off,-1.1453094121014487
2025-03-01,Nyarugenge,A,-1.2769630709274833
2025-04-01,Nyarugenge,A,1.4061249451018412
2025-05-01,Nyarugenge,A,0.089639192063223
2025-06-01,Nyarugenge,off,1.5214711159983945
2025-07-01,Nyarugenge,off,-0.29039967158414703
2025-08-01,Nyarugenge,off,0.8400749717705273
2025-09-01,Nyarugenge,off,-1.0014310956775168
2025-10-01,Nyarugenge,B,0.43603353125162253
2025-11-01,Nyarugenge,B,-0.8099504169359921
2025-12-01,Nyarugenge,B,0.7584264666889885
2026-01-01,Nyarugenge,off,2.2647884907434412
2026-02-01,Nyarugenge,off,-0.34163801561568263
2026-03-01,Nyarugenge,A,0.21003122495627233
2026-04-01,Nyarugenge,A,-0.14012876085481998
2026-05-01,Nyarugenge,A,-1.476823951010532
2026-06-01,Nyarugenge,off,-1.0785505935967856
2026-07-01,Nyarugenge,off,-0.10731841531236057
2026-08-01,Nyarugenge,off,-1.6469789233578933
2026-09-01,Nyarugenge,off,-1.150294472365293
1981-01-01,Nyaruguru,off,-0.9055209297615022
1981-02-01,Nyaruguru,off,-0.9418081110570078
1981-03-01,Nyaruguru,A,0.18853615074317606
1981-04-01,Nyaruguru,A,1.0284795844548238
1981-05-01,Nyaruguru,A,1.621655734253372
1981-06-01,Nyaruguru,off,-0.10732531897507686
1981-07-01,Nyaruguru,off,-0.37557629181425095
1981-08-01,Nyaruguru,off,2.668932694426763
1981-09-01,Nyaruguru,off,0.8743800638865545
1981-10-01,Nyaruguru,B,-0.1530990064918035
1981-11-01,Nyaruguru,B,-0.2793398191978267
1981-12-01,Nyaruguru,B,-0.53626977565028
1982-01-01,Nyaruguru,off,0.2710041526788818
1982-02-01,Nyaruguru,off,-0.38475863152559103
1982-03-01,Nyaruguru,A,-0.7301673090377042
1982-04-01,Nyaruguru,A,0.35208556644042777
1982-05-01,Nyaruguru,A,0.6790687201167784
1982-06-01,Nyaruguru,off,0.12201874058561998
1982-07-01,Nyaruguru,off,-0.6089047937655814
1982-08-01,Nyaruguru,off,-1.1724798810444363
1982-09-01,Nyaruguru,off,1.3888210764919295
1982-10-01,Nyaruguru,B,0.07501943147842574
1982-11-01,Nyaruguru,B,0.9774330107671557
1982-12-01,Nyaruguru,B,0.9353786991110269
1983-01-01,Nyaruguru,off,-1.7450149303714806
1983-02-01,Nyaruguru,off,-0.15821007052393446
1983-03-01,Nyaruguru,A,-0.2570411306918492
1983-04-01,Nyaruguru,A,1.8285093498513763
1983-05-01,Nyaruguru,A,-0.48919623324801653
1983-06-01,Nyaruguru,off,-0.6816095340671662
1983-07-01,Nyaruguru,off,-0.530523045279141
1983-08-01,Nyaruguru,off,2.0516349015063375
1983-09-01,Nyaruguru,off,0.5357827939745631
1983-10-01,Nyaruguru,B,-0.2158197074952905
1983-11-01,Nyaruguru,B,0.12535620553196547
1983-12-01,Nyaruguru,B,-0.059483621413208544
1984-01-01,Nyaruguru,off,1.2408612749811194
1984-02-01,Nyaruguru,off,-0.6250480854444033
1984-03-01,Nyaruguru,A,-0.6656704311719833
1984-04-01,Nyaruguru,A,-1.038065850329137
1984-05-01,Nyaruguru,A,-2.2915754153095262
1984-06-01,Nyaruguru,off,-1.1906664050033926
1984-07-01,Nyaruguru,off,2.084352106864235
1984-08-01,Nyaruguru,off,1.54433060744451
1984-09-01,Nyaruguru,off,-1.172224770064824
1984-10-01,Nyaruguru,B,0.8455021343274518
1984-11-01,Nyaruguru,B,0.28473275671348347
1984-12-01,Nyaruguru,B,-0.48352384728300085
1985-01-01,Nyaruguru,off,-0.8902600265167354
1985-02-01,Nyaruguru,off,0.05549815265192396
1985-03-01,Nyaruguru,A,-0.2479914686898971
1985-04-01,Nyaruguru,A,1.609529129393007
1985-05-01,Nyaruguru,A,-0.6935192723726485
1985-06-01,Nyaruguru,off,0.5619789249160191
1985-07-01,Nyaruguru,off,-0.7396073263939998
1985-08-01,Nyaruguru,off,-1.7350232799661942
1985-09-01,Nyaruguru,off,1.8074610273675562
1985-10-01,Nyaruguru,B,-0.14741220942310462
1985-11-01,Nyaruguru,B,0.46715322935017667
1985-12-01,Nyaruguru,B,-0.5656768938254981
1986-01-01,Nyaruguru,off,0.975820533820541
1986-02-01,Nyaruguru,off,-0.06584338480168879
1986-03-01,Nyaruguru,A,-0.5687726366742194
1986-04-01,Nyaruguru,A,2.344374239500582
1986-05-01,Nyaruguru,A,-0.10938276235899651
1986-06-01,Nyaruguru,off,0.031234942936351033
1986-07-01,Nyaruguru,off,-0.651747093904425
1986-08-01,Nyaruguru,off,-1.3982063869142716
1986-09-01,Nyaruguru,off,-0.23153685494932666
1986-10-01,Nyaruguru,B,0.26979537552417715
1986-11-01,Nyaruguru,B,-0.10813809633390145
1986-12-01,Nyaruguru,B,-0.2832037838727839
1987-01-01,Nyaruguru,off,0.6191499732245598
1987-02-01,Nyaruguru,off,0.6525602893362992
1987-03-01,Nyaruguru,A,0.7435769757544123
1987-04-01,Nyaruguru,A,-0.419291313725466
1987-05-01,Nyaruguru,A,1.8126628024640408
1987-06-01,Nyaruguru,off,-0.5278627688726226
1987-07-01,Nyaruguru,off,-0.026246249656766935
1987-08-01,Nyaruguru,off,-0.32312559662812523
1987-09-01,Nyaruguru,off,1.7907604804204198
1987-10-01,Nyaruguru,B,-0.1649652892641299
1987-11-01,Nyaruguru,B,1.5562989346086806
1987-12-01,Nyaruguru,B,-0.6896819187950848
1988-01-01,Nyaruguru,off,0.8813682825066483
1988-02-01,Nyaruguru,off,0.6963347667724237
1988-03-01,Nyaruguru,A,0.6118343103288046
1988-04-01,Nyaruguru,A,1.007453661959456
1988-05-01,Nyaruguru,A,-1.1843022527282858
1988-06-01,Nyaruguru,off,-0.9668721870264342
1988-07-01,Nyaruguru,off,-0.22314521483041497
1988-08-01,Nyaruguru,off,5.192134393823894
1988-09-01,Nyaruguru,off,0.2253200206715485
1988-10-01,Nyaruguru,B,0.012907907938712092
1988-11-01,Nyaruguru,B,1.1085297209701697
1988-12-01,Nyaruguru,B,-0.6095677823127281
1989-01-01,Nyaruguru,off,0.41648484435645683
1989-02-01,Nyaruguru,off,0.07912108491975414
1989-03-01,Nyaruguru,A,0.8848406696056693
1989-04-01,Nyaruguru,A,-0.2497416900099555
1989-05-01,Nyaruguru,A,-0.4745918741092743
1989-06-01,Nyaruguru,off,-0.28464361646394515
1989-07-01,Nyaruguru,off,1.2550154232408166
1989-08-01,Nyaruguru,off,0.6766181658243793
1989-09-01,Nyaruguru,off,-0.6490824841668067
1989-10-01,Nyaruguru,B,0.15796432205720523
1989-11-01,Nyaruguru,B,0.36641693683099474
1989-12-01,Nyaruguru,B,0.1970363019172659
1990-01-01,Nyaruguru,off,-0.9911704189461765
1990-02-01,Nyaruguru,off,2.3823666199171303
1990-03-01,Nyaruguru,A,0.28218420247159887
1990-04-01,Nyaruguru,A,0.3991094199794139
1990-05-01,Nyaruguru,A,-0.42056754640095595
1990-06-01,Nyaruguru,off,-1.2059829193306053
1990-07-01,Nyaruguru,off,-0.4900288994854799
1990-08-01,Nyaruguru,off,-1.1053383045419451
1990-09-01,Nyaruguru,off,0.7450964638600698
1990-10-01,Nyaruguru,B,-0.8024287717900019
1990-11-01,Nyaruguru,B,-0.2675814141476717
1990-12-01,Nyaruguru,B,-0.5006851717704035
1991-01-01,Nyaruguru,off,-0.5058121580165501
1991-02-01,Nyaruguru,off,-0.5033185926352097
1991-03-01,Nyaruguru,A,-0.6458483747227406
1991-04-01,Nyaruguru,A,0.21740373586316694
1991-05-01,Nyaruguru,A,1.8922137614589132
1991-06-01,Nyaruguru,off,2.728725441383929
1991-07-01,Nyaruguru,off,-0.38636490847540117
1991-08-01,Nyaruguru,off,-1.7321265147926863
1991-09-01,Nyaruguru,off,-0.8295840577926096
1991-10-01,Nyaruguru,B,1.1171300943148221
1991-11-01,Nyaruguru,B,-0.4320306404922196
1991-12-01,Nyaruguru,B,-0.26254846118638814
1992-01-01,Nyaruguru,off,-0.6962142932057025
1992-02-01,Nyaruguru,off,0.37084032343981616
1992-03-01,Nyaruguru,A,-0.20145985934162408
1992-04-01,Nyaruguru,A,0.48819792961364233
1992-05-01,Nyaruguru,A,0.04302809241304195
1992-06-01,Nyaruguru,off,0.33085612182774515
1992-07-01,Nyaruguru,off,-0.7007471242025549
1992-08-01,Nyaruguru,off,-1.7007061754329758
1992-09-01,Nyaruguru,off,0.004272356834414229
1992-10-01,Nyaruguru,B,1.1011222803439453
1992-11-01,Nyaruguru,B,0.23332432765678127
1992-12-01,Nyaruguru,B,-0.6480551513630193
1993-01-01,Nyaruguru,off,0.5691505545526823
1993-02-01,Nyaruguru,off,0.6129658208566713
1993-03-01,Nyaruguru,A,-0.6883834083533007
1993-04-01,Nyaruguru,A,-0.4409312581265533
1993-05-01,Nyaruguru,A,0.1917423046460956
1993-06-01,Nyaruguru,off,-0.9518155392319383
1993-07-01,Nyaruguru,off,-0.6204280544924987
1993-08-01,Nyaruguru,off,2.1654684539411067
1993-09-01,Nyaruguru,off,-1.8921926656187456
1993-10-01,Nyaruguru,B,-1.7740926820498062
1993-11-01,Nyaruguru,B,-0.8293585245755293
1993-12-01,Nyaruguru,B,-1.57453011824913
1994-01-01,Nyaruguru,off,-0.009036369638837456
1994-02-01,Nyaruguru,off,-0.2535986435774157
1994-03-01,Nyaruguru,A,-0.10913498470893769
1994-04-01,Nyaruguru,A,-0.5695164807352435
1994-05-01,Nyaruguru,A,-0.19853087196250305
1994-06-01,Nyaruguru,off,-0.9693873968410623
1994-07-01,Nyaruguru,off,-0.22290914828543046
1994-08-01,Nyaruguru,off,-0.6626214216325059
1994-09-01,Nyaruguru,off,-1.0421502815571206
1994-10-01,Nyaruguru,B,-0.34813485040358866
1994-11-01,Nyaruguru,B,0.1875051957190336
1994-12-01,Nyaruguru,B,-0.039368242892940004
1995-01-01,Nyaruguru,off,0.19573552480998366
1995-02-01,Nyaruguru,off,0.3631687273941972
1995-03-01,Nyaruguru,A,-0.39278743849819464
1995-04-01,Nyaruguru,A,0.30199267003895713
1995-05-01,Nyaruguru,A,0.17112053749795944
1995-06-01,Nyaruguru,off,3.531807138540675
1995-07-01,Nyaruguru,off,-0.42560232158352146
1995-08-01,Nyaruguru,off,-1.756630435495294
1995-09-01,Nyaruguru,off,-0.5586856974291616
1995-10-01,Nyaruguru,B,1.0631380332565383
1995-11-01,Nyaruguru,B,-0.09934854530898547
1995-12-01,Nyaruguru,B,-0.9495938848215509
1996-01-01,Nyaruguru,off,0.13647433313437846
1996-02-01,Nyaruguru,off,-0.03676797756659861
1996-03-01,Nyaruguru,A,-0.16741156578095617
1996-04-01,Nyaruguru,A,-0.38154851095804915
1996-05-01,Nyaruguru,A,-1.263325945328276
1996-06-01,Nyaruguru,off,-0.8405000854991965
1996-07-01,Nyaruguru,off,-0.5867568607374516
1996-08-01,Nyaruguru,off,0.8829359372541443
1996-09-01,Nyaruguru,off,0.4613542656726279
1996-10-01,Nyaruguru,B,0.08423219339630625
1996-11-01,Nyaruguru,B,-0.40307089986417544
1996-12-01,Nyaruguru,B,-0.42366021147348576
1997-01-01,Nyaruguru,off,1.4198816715926292
1997-02-01,Nyaruguru,off,-0.7267377552499373
1997-03-01,Nyaruguru,A,-0.29546066644377256
1997-04-01,Nyaruguru,A,0.9035895488303111
1997-05-01,Nyaruguru,A,0.7465076853548674
1997-06-01,Nyaruguru,off,1.5805854220900335
1997-07-01,Nyaruguru,off,0.22828706358660922
1997-08-01,Nyaruguru,off,-0.8434959395105173
1997-09-01,Nyaruguru,off,-1.5400781248965525
1997-10-01,Nyaruguru,B,0.39589642163557787
1997-11-01,Nyaruguru,B,0.4873460411638644
1997-12-01,Nyaruguru,B,1.0561593035204428
1998-01-01,Nyaruguru,off,1.1388490386751882
1998-02-01,Nyaruguru,off,1.8774753246115052
1998-03-01,Nyaruguru,A,0.6451071820669478
1998-04-01,Nyaruguru,A,0.33411723125789333
1998-05-01,Nyaruguru,A,0.289780254111714
1998-06-01,Nyaruguru,off,-0.20885944441634247
1998-07-01,Nyaruguru,off,-0.4244044888676199
1998-08-01,Nyaruguru,off,-1.3447249478150063
1998-09-01,Nyaruguru,off,0.539007236756944
1998-10-01,Nyaruguru,B,-0.3910716060492997
1998-11-01,Nyaruguru,B,-1.2378175695878673
1998-12-01,Nyaruguru,B,-1.1223931957508755
1999-01-01,Nyaruguru,off,0.7724461164291575
1999-02-01,Nyaruguru,off,-1.806277187682288
1999-03-01,Nyaruguru,A,1.682666647249293
1999-04-01,Nyaruguru,A,-0.6984224587341539
1999-05-01,Nyaruguru,A,-1.2867498888097877
1999-06-01,Nyaruguru,off,-0.7080341204464187
1999-07-01,Nyaruguru,off,-0.6448862641075567
1999-08-01,Nyaruguru,off,4.212686343132038
1999-09-01,Nyaruguru,off,0.5646642235318626
1999-10-01,Nyaruguru,B,-1.2771336493221046
1999-11-01,Nyaruguru,B,0.6513442899630955
1999-12-01,Nyaruguru,B,0.18852575074853636
2000-01-01,Nyaruguru,off,-0.7050682997529506
2000-02-01,Nyaruguru,off,-0.9108804492211207
2000-03-01,Nyaruguru,A,-0.22105781590637968
2000-04-01,Nyaruguru,A,-0.7250934449863983
2000-05-01,Nyaruguru,A,-1.3906363463718603
2000-06-01,Nyaruguru,off,-1.4061901605767548
2000-07-01,Nyaruguru,off,-0.6622038107366552
2000-08-01,Nyaruguru,off,-1.4399896542656685
2000-09-01,Nyaruguru,off,-1.2222527998330641
2000-10-01,Nyaruguru,B,-0.12204097805644847
2000-11-01,Nyaruguru,B,1.0973720600548016
2000-12-01,Nyaruguru,B,1.1507439214327722
2001-01-01,Nyaruguru,off,1.1223182138627894
2001-02-01,Nyaruguru,off,-0.8426531066116285
2001-03-01,Nyaruguru,A,-0.14856919771561572
2001-04-01,Nyaruguru,A,-0.31296710186439564
2001-05-01,Nyaruguru,A,-0.36513279719742714
2001-06-01,Nyaruguru,off,-0.5814827967893405
2001-07-01,Nyaruguru,off,3.2655442757878252
2001-08-01,Nyaruguru,off,1.1678498015043093
2001-09-01,Nyaruguru,off,2.4996678927866594
2001-10-01,Nyaruguru,B,0.3617937281029502
2001-11-01,Nyaruguru,B,0.1670863617996271
2001-12-01,Nyaruguru,B,0.1977969681918416
2002-01-01,Nyaruguru,off,0.5917364762439373
2002-02-01,Nyaruguru,off,-0.6081483719332622
2002-03-01,Nyaruguru,A,-0.2466941693586002
2002-04-01,Nyaruguru,A,0.6428763609946188
2002-05-01,Nyaruguru,A,0.8748070192220327
2002-06-01,Nyaruguru,off,-1.3366390186496246
2002-07-01,Nyaruguru,off,-0.6849944212112896
2002-08-01,Nyaruguru,off,-1.203512353937409
2002-09-01,Nyaruguru,off,-1.1075794478311756
2002-10-01,Nyaruguru,B,-0.3920206833378689
2002-11-01,Nyaruguru,B,-0.413709494380434
2002-12-01,Nyaruguru,B,1.002429220104898
2003-01-01,Nyaruguru,off,-0.9743580942788796
2003-02-01,Nyaruguru,off,-0.4816486149162697
2003-03-01,Nyaruguru,A,-1.193716381209038
2003-04-01,Nyaruguru,A,-0.13938408022792964
2003-05-01,Nyaruguru,A,-0.007810925826057015
2003-06-01,Nyaruguru,off,-0.88789686106818
2003-07-01,Nyaruguru,off,-0.43423737268807716
2003-08-01,Nyaruguru,off,0.5265494654006163
2003-09-01,Nyaruguru,off,-0.07602233511042975
2003-10-01,Nyaruguru,B,0.6547308437730271
2003-11-01,Nyaruguru,B,-0.13323058339979504
2003-12-01,Nyaruguru,B,-1.056076874378556
2004-01-01,Nyaruguru,off,0.21548982573859493
2004-02-01,Nyaruguru,off,0.03773327292007256
2004-03-01,Nyaruguru,A,-0.17723050516415648
2004-04-01,Nyaruguru,A,0.09519963218750374
2004-05-01,Nyaruguru,A,-1.4429099972048005
2004-06-01,Nyaruguru,off,-1.4297617484266063
2004-07-01,Nyaruguru,off,0.5574786716801519
2004-08-01,Nyaruguru,off,-0.7274429993308581
2004-09-01,Nyaruguru,off,0.20679751910799682
2004-10-01,Nyaruguru,B,-0.7049032887268961
2004-11-01,Nyaruguru,B,-0.4768342951756239
2004-12-01,Nyaruguru,B,1.0141727696071543
2005-01-01,Nyaruguru,off,0.1526262692531889
2005-02-01,Nyaruguru,off,-0.7537085635698579
2005-03-01,Nyaruguru,A,0.764568953822832
2005-04-01,Nyaruguru,A,-1.1647165850460848
2005-05-01,Nyaruguru,A,0.8841940588278593
2005-06-01,Nyaruguru,off,-0.36694329626419186
2005-07-01,Nyaruguru,off,-0.6308426602353246
2005-08-01,Nyaruguru,off,0.6132526429310486
2005-09-01,Nyaruguru,off,0.02960589933160909
2005-10-01,Nyaruguru,B,-0.4873398119827012
2005-11-01,Nyaruguru,B,-1.0200258151835613
2005-12-01,Nyaruguru,B,-0.8650516728439004
2006-01-01,Nyaruguru,off,-0.32955710442406816
2006-02-01,Nyaruguru,off,0.5322568402364859
2006-03-01,Nyaruguru,A,0.3243185696420191
2006-04-01,Nyaruguru,A,0.43376367989439857
2006-05-01,Nyaruguru,A,1.240067686501292
2006-06-01,Nyaruguru,off,-1.2500107966361118
2006-07-01,Nyaruguru,off,1.6192867910300155
2006-08-01,Nyaruguru,off,1.8264953508895079
2006-09-01,Nyaruguru,off,-1.0109498531951662
2006-10-01,Nyaruguru,B,-0.8668466385853386
2006-11-01,Nyaruguru,B,0.19629030230179653
2006-12-01,Nyaruguru,B,1.3096995728312468
2007-01-01,Nyaruguru,off,0.032587242239298465
2007-02-01,Nyaruguru,off,0.39194009034156385
2007-03-01,Nyaruguru,A,-1.2076975073356968
2007-04-01,Nyaruguru,A,0.23839456948773213
2007-05-01,Nyaruguru,A,1.0015815538751673
2007-06-01,Nyaruguru,off,1.053670304803416
2007-07-01,Nyaruguru,off,0.6475322919280179
2007-08-01,Nyaruguru,off,0.059541595012146314
2007-09-01,Nyaruguru,off,0.10347608347690196
2007-10-01,Nyaruguru,B,-0.3842544428965898
2007-11-01,Nyaruguru,B,-0.511367277375345
2007-12-01,Nyaruguru,B,-0.5468002035556265
2008-01-01,Nyaruguru,off,-0.8874307168640135
2008-02-01,Nyaruguru,off,0.09026469028681156
2008-03-01,Nyaruguru,A,-0.5392533741123621
2008-04-01,Nyaruguru,A,-0.9174060680796641
2008-05-01,Nyaruguru,A,-0.9031448309862798
2008-06-01,Nyaruguru,off,3.044420678656497
2008-07-01,Nyaruguru,off,0.6894138258954288
2008-08-01,Nyaruguru,off,-0.3785635013855832
2008-09-01,Nyaruguru,off,-0.8780890327903639
2008-10-01,Nyaruguru,B,-0.5539267554377488
2008-11-01,Nyaruguru,B,-1.1366766550550282
2008-12-01,Nyaruguru,B,-0.48123690401737895
2009-01-01,Nyaruguru,off,-0.22034241627513826
2009-02-01,Nyaruguru,off,1.025583208170004
2009-03-01,Nyaruguru,A,-0.5774964655107908
2009-04-01,Nyaruguru,A,-0.8979139781270056
2009-05-01,Nyaruguru,A,0.11806127595885707
2009-06-01,Nyaruguru,off,-0.8141977435013764
2009-07-01,Nyaruguru,off,-0.3858799087253978
2009-08-01,Nyaruguru,off,-0.9255104305688778
2009-09-01,Nyaruguru,off,-0.8287783582079136
2009-10-01,Nyaruguru,B,0.1647057630267246
2009-11-01,Nyaruguru,B,0.5018988114403107
2009-12-01,Nyaruguru,B,-0.4900725661296379
2010-01-01,Nyaruguru,off,0.5337021839359176
2010-02-01,Nyaruguru,off,2.455112471308634
2010-03-01,Nyaruguru,A,-0.5593951970634449
2010-04-01,Nyaruguru,A,0.5044542545675333
2010-05-01,Nyaruguru,A,0.2585579924276809
2010-06-01,Nyaruguru,off,-0.02432402842536851
2010-07-01,Nyaruguru,off,-0.7160014052285124
2010-08-01,Nyaruguru,off,-1.6951623005128293
2010-09-01,Nyaruguru,off,0.35919066277805284
2010-10-01,Nyaruguru,B,-0.6422119988193599
2010-11-01,Nyaruguru,B,-0.24973357890302478
2010-12-01,Nyaruguru,B,-0.04373384064266011
2011-01-01,Nyaruguru,off,0.03142944283609532
2011-02-01,Nyaruguru,off,-0.7778508622366435
2011-03-01,Nyaruguru,A,-0.6876846864912399
2011-04-01,Nyaruguru,A,-0.9519876835876498
2011-05-01,Nyaruguru,A,-0.5965508890223816
2011-06-01,Nyaruguru,off,3.350512565323629
2011-07-01,Nyaruguru,off,2.3631678520354975
2011-08-01,Nyaruguru,off,0.03489031882993879
2011-09-01,Nyaruguru,off,0.33206852120280483
2011-10-01,Nyaruguru,B,0.3896844692820178
2011-11-01,Nyaruguru,B,1.776255110119542
2011-12-01,Nyaruguru,B,0.4590178224325207
2012-01-01,Nyaruguru,off,-1.1959120800772485
2012-02-01,Nyaruguru,off,-0.5036986479948625
2012-03-01,Nyaruguru,A,-0.8014834056106309
2012-04-01,Nyaruguru,A,-0.4076781530448887
2012-05-01,Nyaruguru,A,0.7249838408939364
2012-06-01,Nyaruguru,off,2.2985837742147255
2012-07-01,Nyaruguru,off,-0.7096948973681367
2012-08-01,Nyaruguru,off,1.2837442973211957
2012-09-01,Nyaruguru,off,1.0448880871080513
2012-10-01,Nyaruguru,B,0.5484286763450384
2012-11-01,Nyaruguru,B,-0.37479105888567144
2012-12-01,Nyaruguru,B,0.9422075844799156
2013-01-01,Nyaruguru,off,-0.35350696985671193
2013-02-01,Nyaruguru,off,-1.7002055090243817
2013-03-01,Nyaruguru,A,1.2432309848707463
2013-04-01,Nyaruguru,A,0.6445541267964684
2013-05-01,Nyaruguru,A,-0.6195788993746463
2013-06-01,Nyaruguru,off,-1.2474597312844102
2013-07-01,Nyaruguru,off,-0.6514397162850872
2013-08-01,Nyaruguru,off,0.47641909124068565
2013-09-01,Nyaruguru,off,2.6075101705318984
2013-10-01,Nyaruguru,B,-0.08894155067334733
2013-11-01,Nyaruguru,B,-0.4493035426998866
2013-12-01,Nyaruguru,B,1.5677236398308443
2014-01-01,Nyaruguru,off,-0.11038805072970144
2014-02-01,Nyaruguru,off,0.45332672536603885
2014-03-01,Nyaruguru,A,-0.06934106077656368
2014-04-01,Nyaruguru,A,-0.6151988349657159
2014-05-01,Nyaruguru,A,-1.2455588100420318
2014-06-01,Nyaruguru,off,-0.7876424571894943
2014-07-01,Nyaruguru,off,-0.7124476292825545
2014-08-01,Nyaruguru,off,-0.5125319989972029
2014-09-01,Nyaruguru,off,-0.08678872956081256
2014-10-01,Nyaruguru,B,0.15487726809289404
2014-11-01,Nyaruguru,B,-0.3163239445785314
2014-12-01,Nyaruguru,B,-0.43059926345225563
2015-01-01,Nyaruguru,off,-1.708059804975827
2015-02-01,Nyaruguru,off,-0.35211930390532853
2015-03-01,Nyaruguru,A,0.1763912570033505
2015-04-01,Nyaruguru,A,-0.16734028803991896
2015-05-01,Nyaruguru,A,0.2545685611507291
2015-06-01,Nyaruguru,off,-0.26099268421054733
2015-07-01,Nyaruguru,off,-0.4446430339910692
2015-08-01,Nyaruguru,off,-0.0009777071260675687
2015-09-01,Nyaruguru,off,0.2514137183324713
2015-10-01,Nyaruguru,B,1.4778420861609514
2015-11-01,Nyaruguru,B,0.6273757467623016
2015-12-01,Nyaruguru,B,-0.39954783501349805
2016-01-01,Nyaruguru,off,0.5850589352414797
2016-02-01,Nyaruguru,off,-0.9430514215272449
2016-03-01,Nyaruguru,A,0.1063134597921334
2016-04-01,Nyaruguru,A,0.807114276336978
2016-05-01,Nyaruguru,A,-1.0113986974082503
2016-06-01,Nyaruguru,off,-1.2673091654973183
2016-07-01,Nyaruguru,off,-0.5367323198563025
2016-08-01,Nyaruguru,off,-0.4414897022831431
2016-09-01,Nyaruguru,off,0.3014959147394572
2016-10-01,Nyaruguru,B,0.45349950305475756
2016-11-01,Nyaruguru,B,0.6035792590283758
2016-12-01,Nyaruguru,B,-1.1203135190450826
2017-01-01,Nyaruguru,off,-0.9787028698171107
2017-02-01,Nyaruguru,off,-0.2382383848283073
2017-03-01,Nyaruguru,A,-0.25308902161788216
2017-04-01,Nyaruguru,A,-0.4206082686021874
2017-05-01,Nyaruguru,A,0.8993988843237534
2017-06-01,Nyaruguru,off,-1.3697720237931954
2017-07-01,Nyaruguru,off,-0.22436709197836668
2017-08-01,Nyaruguru,off,0.1916102491586095
2017-09-01,Nyaruguru,off,0.7545224590013718
2017-10-01,Nyaruguru,B,-0.14102820160267782
2017-11-01,Nyaruguru,B,-0.10201032171473036
2017-12-01,Nyaruguru,B,-0.7314428528246599
2018-01-01,Nyaruguru,off,0.43831645532541536
2018-02-01,Nyaruguru,off,-0.5465233814760945
2018-03-01,Nyaruguru,A,1.7602984961222736
2018-04-01,Nyaruguru,A,1.7364128417676437
2018-05-01,Nyaruguru,A,0.32260172608253423
2018-06-01,Nyaruguru,off,-1.0325893975964595
2018-07-01,Nyaruguru,off,-0.6433910871004791
2018-08-01,Nyaruguru,off,1.0394888121133703
2018-09-01,Nyaruguru,off,-0.3960703145837899
2018-10-01,Nyaruguru,B,-0.4619428250737649
2018-11-01,Nyaruguru,B,0.244144388746167
2018-12-01,Nyaruguru,B,1.2869228512383424
2019-01-01,Nyaruguru,off,0.17871853358151626
2019-02-01,Nyaruguru,off,-1.1782527669576492
2019-03-01,Nyaruguru,A,-0.9471817082871472
2019-04-01,Nyaruguru,A,0.15422092398676773
2019-05-01,Nyaruguru,A,1.2133564447142429
2019-06-01,Nyaruguru,off,0.4047090837596922
2019-07-01,Nyaruguru,off,0.1133694561550683
2019-08-01,Nyaruguru,off,0.01360406313542817
2019-09-01,Nyaruguru,off,-0.13351458325340526
2019-10-01,Nyaruguru,B,0.5099414739613282
2019-11-01,Nyaruguru,B,0.41598346683711745
2019-12-01,Nyaruguru,B,0.7353904688630966
2020-01-01,Nyaruguru,off,0.17142690400670677
2020-02-01,Nyaruguru,off,0.3063416344639181
2020-03-01,Nyaruguru,A,-0.0448126400865845
2020-04-01,Nyaruguru,A,1.0777604479415293
2020-05-01,Nyaruguru,A,-0.10744198558160616
2020-06-01,Nyaruguru,off,-0.9719462955220588
2020-07-01,Nyaruguru,off,-0.1495227416685494
2020-08-01,Nyaruguru,off,-0.8573648434728
2020-09-01,Nyaruguru,off,-0.15866699251063313
2020-10-01,Nyaruguru,B,0.5379101262113467
2020-11-01,Nyaruguru,B,-0.4879156783525326
2020-12-01,Nyaruguru,B,1.147109589972781
2021-01-01,Nyaruguru,off,0.43614384533419154
2021-02-01,Nyaruguru,off,0.2250376208171142
2021-03-01,Nyaruguru,A,-0.26846668035802096
2021-04-01,Nyaruguru,A,-0.9054598964596283
2021-05-01,Nyaruguru,A,1.3649662776769498
2021-06-01,Nyaruguru,off,-1.0753239644575017
2021-07-01,Nyaruguru,off,-0.6150296794973527
2021-08-01,Nyaruguru,off,0.49149547235834395
2021-09-01,Nyaruguru,off,-0.2342812535347061
2021-10-01,Nyaruguru,B,0.4180660768747324
2021-11-01,Nyaruguru,B,-0.7019272902608963
2021-12-01,Nyaruguru,B,-0.323395207600263
2022-01-01,Nyaruguru,off,0.7727964495819093
2022-02-01,Nyaruguru,off,1.0126340481780773
2022-03-01,Nyaruguru,A,0.046298379616236396
2022-04-01,Nyaruguru,A,-0.39713705847837305
2022-05-01,Nyaruguru,A,0.11150649044868108
2022-06-01,Nyaruguru,off,-0.6325377593615732
2022-07-01,Nyaruguru,off,0.835796194886005
2022-08-01,Nyaruguru,off,1.49445729981874
2022-09-01,Nyaruguru,off,-0.30665854956063
2022-10-01,Nyaruguru,B,-0.4733287525381374
2022-11-01,Nyaruguru,B,0.3628579497766124
2022-12-01,Nyaruguru,B,0.1881812398150063
2023-01-01,Nyaruguru,off,1.486350192886497
2023-02-01,Nyaruguru,off,-1.1858545630392472
2023-03-01,Nyaruguru,A,0.3853458048517479
2023-04-01,Nyaruguru,A,0.9246537046393037
2023-05-01,Nyaruguru,A,0.255749560541974
2023-06-01,Nyaruguru,off,-1.2628342789150424
2023-07-01,Nyaruguru,off,-0.6496884838544397
2023-08-01,Nyaruguru,off,-1.5841809132745568
2023-09-01,Nyaruguru,off,0.5113342510211888
2023-10-01,Nyaruguru,B,-0.5237648154293868
2023-11-01,Nyaruguru,B,-0.1975481613579376
2023-12-01,Nyaruguru,B,-0.2620374614497866
2024-01-01,Nyaruguru,off,-0.24660902495804354
2024-02-01,Nyaruguru,off,-1.7361108016278453
2024-03-01,Nyaruguru,A,-1.0235699022456246
2024-04-01,Nyaruguru,A,1.5114175132986953
2024-05-01,Nyaruguru,A,-0.9373875133356371
2024-06-01,Nyaruguru,off,-1.3036585912051837
2024-07-01,Nyaruguru,off,-0.5482419139235976
2024-08-01,Nyaruguru,off,-1.1570004445789814
2024-09-01,Nyaruguru,off,-0.21135929868333012
2024-10-01,Nyaruguru,B,0.16353681918482088
2024-11-01,Nyaruguru,B,3.061649047553786
2024-12-01,Nyaruguru,B,-0.6214508872986049
2025-01-01,Nyaruguru,off,-0.08042283284215998
2025-02-01,Nyaruguru,off,-0.863420907017824
2025-03-01,Nyaruguru,A,-1.1481198713787606
2025-04-01,Nyaruguru,A,0.9415003626222364
2025-05-01,Nyaruguru,A,-0.1446387441860416
2025-06-01,Nyaruguru,off,0.299271626997094
2025-07-01,Nyaruguru,off,-0.4101000629076083
2025-08-01,Nyaruguru,off,5.770710540037011
2025-09-01,Nyaruguru,off,-1.0760765974028847
2025-10-01,Nyaruguru,B,0.3285096785927912
2025-11-01,Nyaruguru,B,-0.12141586726755534
2025-12-01,Nyaruguru,B,0.17024524906024402
2026-01-01,Nyaruguru,off,2.4225268769940076
2026-02-01,Nyaruguru,off,-0.4848129132852088
2026-03-01,Nyaruguru,A,0.040918882389137705
2026-04-01,Nyaruguru,A,-0.13159451757645055
2026-05-01,Nyaruguru,A,-1.2605798689659835
2026-06-01,Nyaruguru,off,-1.0463025905278935
2026-07-01,Nyaruguru,off,0.43667228950624565
2026-08-01,Nyaruguru,off,-1.344319748023869
2026-09-01,Nyaruguru,off,-0.5452268154777522
1981-01-01,Rubavu,off,-0.17079774792731228
1981-02-01,Rubavu,off,-0.7843561156229292
1981-03-01,Rubavu,A,0.7319445941782201
1981-04-01,Rubavu,A,1.1116817682922493
1981-05-01,Rubavu,A,0.8793510882641941
1981-06-01,Rubavu,off,-0.8848274938156119
1981-07-01,Rubavu,off,0.47195820985464154
1981-08-01,Rubavu,off,1.723228982840444
1981-09-01,Rubavu,off,0.037330807628057947
1981-10-01,Rubavu,B,-0.2712040734418067
1981-11-01,Rubavu,B,-1.2422847994053625
1981-12-01,Rubavu,B,-0.4593653324904356
1982-01-01,Rubavu,off,0.9487077152955279
1982-02-01,Rubavu,off,-0.9211527861151272
1982-03-01,Rubavu,A,-0.8889882471990933
1982-04-01,Rubavu,A,0.9668017667392453
1982-05-01,Rubavu,A,0.7729610841988692
1982-06-01,Rubavu,off,0.8607137333817089
1982-07-01,Rubavu,off,-0.9547117803293684
1982-08-01,Rubavu,off,-0.45590759463490227
1982-09-01,Rubavu,off,0.4616131015090406
1982-10-01,Rubavu,B,-0.56252772784311
1982-11-01,Rubavu,B,-0.25680277853495315
1982-12-01,Rubavu,B,-0.42127473714333197
1983-01-01,Rubavu,off,-1.1557155083608317
1983-02-01,Rubavu,off,0.23179672225142137
1983-03-01,Rubavu,A,0.5803002947695586
1983-04-01,Rubavu,A,0.635838277642201
1983-05-01,Rubavu,A,-0.6607837729495305
1983-06-01,Rubavu,off,-0.9419369178781368
1983-07-01,Rubavu,off,0.9783213781535266
1983-08-01,Rubavu,off,2.0920165553556225
1983-09-01,Rubavu,off,-0.3753327622259682
1983-10-01,Rubavu,B,1.538707272910298
1983-11-01,Rubavu,B,-0.4376367369675902
1983-12-01,Rubavu,B,-0.641337077536377
1984-01-01,Rubavu,off,0.2008025027045026
1984-02-01,Rubavu,off,0.1376563851742805
1984-03-01,Rubavu,A,-0.8287999154265173
1984-04-01,Rubavu,A,-0.6349719893197814
1984-05-01,Rubavu,A,-2.468767781313269
1984-06-01,Rubavu,off,-2.144775490698783
1984-07-01,Rubavu,off,2.424928480606933
1984-08-01,Rubavu,off,0.4747723253159131
1984-09-01,Rubavu,off,0.08238429822576279
1984-10-01,Rubavu,B,-0.004488850041388599
1984-11-01,Rubavu,B,0.04482155486259526
1984-12-01,Rubavu,B,-1.1606538651920937
1985-01-01,Rubavu,off,-0.10624580467614342
1985-02-01,Rubavu,off,-0.2524605347243777
1985-03-01,Rubavu,A,-0.6403978626511471
1985-04-01,Rubavu,A,2.8649524831013693
1985-05-01,Rubavu,A,-0.26703963686269727
1985-06-01,Rubavu,off,0.5784700673781227
1985-07-01,Rubavu,off,0.11623644657846563
1985-08-01,Rubavu,off,-1.6973565938901847
1985-09-01,Rubavu,off,0.6785578413877847
1985-10-01,Rubavu,B,-0.13468151227165068
1985-11-01,Rubavu,B,0.1267910607381185
1985-12-01,Rubavu,B,-1.2658350239186984
1986-01-01,Rubavu,off,0.3842419434578871
1986-02-01,Rubavu,off,0.9161368441844241
1986-03-01,Rubavu,A,-1.1642919641325076
1986-04-01,Rubavu,A,0.6041189562269985
1986-05-01,Rubavu,A,0.3779187820709715
1986-06-01,Rubavu,off,0.4043219688510385
1986-07-01,Rubavu,off,-1.0384573693372465
1986-08-01,Rubavu,off,-1.885503838828618
1986-09-01,Rubavu,off,-0.7680638526803595
1986-10-01,Rubavu,B,0.8943722380450878
1986-11-01,Rubavu,B,-0.46560725823858
1986-12-01,Rubavu,B,-0.43755933852565776
1987-01-01,Rubavu,off,0.4819729727693397
1987-02-01,Rubavu,off,0.22880082119406728
1987-03-01,Rubavu,A,0.647004456277372
1987-04-01,Rubavu,A,0.6624276005525589
1987-05-01,Rubavu,A,0.9192855272764666
1987-06-01,Rubavu,off,1.366911016709542
1987-07-01,Rubavu,off,-0.5818355013305603
1987-08-01,Rubavu,off,-0.4825560540102625
1987-09-01,Rubavu,off,1.3974056434947308
1987-10-01,Rubavu,B,-0.3440523057616463
1987-11-01,Rubavu,B,0.7439954456030788
1987-12-01,Rubavu,B,-1.1874022841867886
1988-01-01,Rubavu,off,0.7677150971153179
1988-02-01,Rubavu,off,1.2056339672233558
1988-03-01,Rubavu,A,0.8424182611875144
1988-04-01,Rubavu,A,1.6845954947244681
1988-05-01,Rubavu,A,0.9029392740760268
1988-06-01,Rubavu,off,-1.0158036757068405
1988-07-01,Rubavu,off,2.8804570041831057
1988-08-01,Rubavu,off,3.471452885465497
1988-09-01,Rubavu,off,1.1017628454644939
1988-10-01,Rubavu,B,0.4120548188226103
1988-11-01,Rubavu,B,-0.7953774817860781
1988-12-01,Rubavu,B,-0.8497361362187655
1989-01-01,Rubavu,off,-1.1446874303115733
1989-02-01,Rubavu,off,-1.185402886465135
1989-03-01,Rubavu,A,0.43198532187337113
1989-04-01,Rubavu,A,-0.3812816108362568
1989-05-01,Rubavu,A,-0.6163256381998911
1989-06-01,Rubavu,off,-1.2018606878760327
1989-07-01,Rubavu,off,1.1255162489087982
1989-08-01,Rubavu,off,0.981326378115761
1989-09-01,Rubavu,off,-0.6437840284438944
1989-10-01,Rubavu,B,0.44251882503369144
1989-11-01,Rubavu,B,-0.5534991501829787
1989-12-01,Rubavu,B,0.8472672459826933
1990-01-01,Rubavu,off,0.30732764283242797
1990-02-01,Rubavu,off,1.856508278508172
1990-03-01,Rubavu,A,-0.19689676948233562
1990-04-01,Rubavu,A,1.4296591437769535
1990-05-01,Rubavu,A,-0.2580604165906732
1990-06-01,Rubavu,off,-1.6738256836953884
1990-07-01,Rubavu,off,-1.1911657401129097
1990-08-01,Rubavu,off,0.34068539596427105
1990-09-01,Rubavu,off,0.8981416486846976
1990-10-01,Rubavu,B,-0.646203644136471
1990-11-01,Rubavu,B,-0.21295767127233498
1990-12-01,Rubavu,B,1.0300621916682882
1991-01-01,Rubavu,off,0.5753500028444476
1991-02-01,Rubavu,off,0.2676512841828254
1991-03-01,Rubavu,A,0.3373458797050044
1991-04-01,Rubavu,A,0.07251269227006957
1991-05-01,Rubavu,A,1.0133585786578592
1991-06-01,Rubavu,off,1.1444997215128747
1991-07-01,Rubavu,off,0.9236295806012699
1991-08-01,Rubavu,off,-2.055500898881945
1991-09-01,Rubavu,off,-0.5920614897394988
1991-10-01,Rubavu,B,-0.017317805417964623
1991-11-01,Rubavu,B,-0.5786617930417406
1991-12-01,Rubavu,B,-0.30816610941482864
1992-01-01,Rubavu,off,0.14407930084558504
1992-02-01,Rubavu,off,0.03648821566925975
1992-03-01,Rubavu,A,-0.986732353780041
1992-04-01,Rubavu,A,-0.4721483955061491
1992-05-01,Rubavu,A,-0.542815880845018
1992-06-01,Rubavu,off,1.1422810132334058
1992-07-01,Rubavu,off,-0.4617274543975933
1992-08-01,Rubavu,off,-1.3057578486729782
1992-09-01,Rubavu,off,1.040545182431419
1992-10-01,Rubavu,B,0.5988340966711184
1992-11-01,Rubavu,B,-0.4741357939667842
1992-12-01,Rubavu,B,0.5514304064266696
1993-01-01,Rubavu,off,1.270101954147694
1993-02-01,Rubavu,off,-0.76151709436859
1993-03-01,Rubavu,A,-0.38959409569894404
1993-04-01,Rubavu,A,-0.3609095991471605
1993-05-01,Rubavu,A,0.2893595643792602
1993-06-01,Rubavu,off,0.0004284984580121269
1993-07-01,Rubavu,off,-1.2862240784084713
1993-08-01,Rubavu,off,0.35497747834569876
1993-09-01,Rubavu,off,-1.5803448696375397
1993-10-01,Rubavu,B,-0.6085391829734772
1993-11-01,Rubavu,B,0.2678432081919609
1993-12-01,Rubavu,B,-0.47940191670866683
1994-01-01,Rubavu,off,-0.2993405566844543
1994-02-01,Rubavu,off,-0.7946309480826048
1994-03-01,Rubavu,A,0.2991046840070342
1994-04-01,Rubavu,A,0.1938811749474206
1994-05-01,Rubavu,A,-0.986813807587195
1994-06-01,Rubavu,off,-0.9992359687650676
1994-07-01,Rubavu,off,-0.4019076218559319
1994-08-01,Rubavu,off,0.11909061518801506
1994-09-01,Rubavu,off,0.6000406319916739
1994-10-01,Rubavu,B,0.13397452422309153
1994-11-01,Rubavu,B,0.5167545954306803
1994-12-01,Rubavu,B,0.32874247372141385
1995-01-01,Rubavu,off,-1.003855928092708
1995-02-01,Rubavu,off,-0.04116720295042156
1995-03-01,Rubavu,A,-0.27558035152000027
1995-04-01,Rubavu,A,0.36081855177519667
1995-05-01,Rubavu,A,1.0463430713546824
1995-06-01,Rubavu,off,1.6640450084653255
1995-07-01,Rubavu,off,0.5964916740855267
1995-08-01,Rubavu,off,-2.118575072179789
1995-09-01,Rubavu,off,-0.7395803277088547
1995-10-01,Rubavu,B,1.6459811797592554
1995-11-01,Rubavu,B,0.9478718095559724
1995-12-01,Rubavu,B,-0.5383774376113408
1996-01-01,Rubavu,off,-0.876261368958504
1996-02-01,Rubavu,off,-0.05492800682097003
1996-03-01,Rubavu,A,-0.6170280633898634
1996-04-01,Rubavu,A,-0.5371188242146183
1996-05-01,Rubavu,A,0.32958755536645556
1996-06-01,Rubavu,off,2.5955958950980547
1996-07-01,Rubavu,off,2.3445564164590724
1996-08-01,Rubavu,off,-0.09041206750571736
1996-09-01,Rubavu,off,-0.4919677610163476
1996-10-01,Rubavu,B,0.0332404584648449
1996-11-01,Rubavu,B,0.20334090466445168
1996-12-01,Rubavu,B,-0.07991488296431092
1997-01-01,Rubavu,off,1.279686476179324
1997-02-01,Rubavu,off,-2.259067566399635
1997-03-01,Rubavu,A,-1.0888647633670703
1997-04-01,Rubavu,A,-0.481236648635521
1997-05-01,Rubavu,A,-0.48155240245168773
1997-06-01,Rubavu,off,-0.0720166741924903
1997-07-01,Rubavu,off,0.08140645470345566
1997-08-01,Rubavu,off,-0.16848341772928355
1997-09-01,Rubavu,off,0.4906077051659217
1997-10-01,Rubavu,B,0.5713960217535246
1997-11-01,Rubavu,B,-0.23044323826475457
1997-12-01,Rubavu,B,0.5385886304492833
1998-01-01,Rubavu,off,2.1749780343645573
1998-02-01,Rubavu,off,1.863589177186657
1998-03-01,Rubavu,A,-0.49702312026762213
1998-04-01,Rubavu,A,-0.006051359161036501
1998-05-01,Rubavu,A,0.7311145276512454
1998-06-01,Rubavu,off,2.074947446137893
1998-07-01,Rubavu,off,0.34820039838953215
1998-08-01,Rubavu,off,-1.210210787534493
1998-09-01,Rubavu,off,-0.4067243947311558
1998-10-01,Rubavu,B,-0.39428615326017324
1998-11-01,Rubavu,B,-0.20381745556770567
1998-12-01,Rubavu,B,-0.8636888640984491
1999-01-01,Rubavu,off,0.7745114272228523
1999-02-01,Rubavu,off,-1.833768967193912
1999-03-01,Rubavu,A,0.9750967981313594
1999-04-01,Rubavu,A,0.07282005302023971
1999-05-01,Rubavu,A,-1.4577610607371743
1999-06-01,Rubavu,off,-0.7866965618596476
1999-07-01,Rubavu,off,-0.7947129152271287
1999-08-01,Rubavu,off,1.8602542296299818
1999-09-01,Rubavu,off,0.4595367288487837
1999-10-01,Rubavu,B,-1.2976798049870801
1999-11-01,Rubavu,B,0.4145503442787457
1999-12-01,Rubavu,B,0.6752682985214683
2000-01-01,Rubavu,off,-0.8738004424410928
2000-02-01,Rubavu,off,-1.1545972029007119
2000-03-01,Rubavu,A,-1.0919861369110382
2000-04-01,Rubavu,A,-0.7895976366713638
2000-05-01,Rubavu,A,-0.5760402560947517
2000-06-01,Rubavu,off,-0.5101516593332152
2000-07-01,Rubavu,off,0.33866831377022794
2000-08-01,Rubavu,off,-0.7623723400935541
2000-09-01,Rubavu,off,-1.2353049640215572
2000-10-01,Rubavu,B,0.3993515156007299
2000-11-01,Rubavu,B,0.7242174935851896
2000-12-01,Rubavu,B,-0.33224023321435275
2001-01-01,Rubavu,off,-0.7017356337953214
2001-02-01,Rubavu,off,-0.30782506089976375
2001-03-01,Rubavu,A,0.7809385650940224
2001-04-01,Rubavu,A,-0.07083907826615755
2001-05-01,Rubavu,A,-0.13407794302566803
2001-06-01,Rubavu,off,-0.5393280870864834
2001-07-01,Rubavu,off,1.2959026753571232
2001-08-01,Rubavu,off,0.11549935828259601
2001-09-01,Rubavu,off,-0.1542120485107277
2001-10-01,Rubavu,B,-0.4618452653239631
2001-11-01,Rubavu,B,1.8656754572581502
2001-12-01,Rubavu,B,-0.7650463272863024
2002-01-01,Rubavu,off,0.5340636770353593
2002-02-01,Rubavu,off,-0.5193641144392109
2002-03-01,Rubavu,A,-0.7540946466711053
2002-04-01,Rubavu,A,-0.35890034534800663
2002-05-01,Rubavu,A,1.0004408287497424
2002-06-01,Rubavu,off,-1.5780468507344363
2002-07-01,Rubavu,off,0.18388174798664564
2002-08-01,Rubavu,off,-0.9317938591212904
2002-09-01,Rubavu,off,-1.191275401808534
2002-10-01,Rubavu,B,0.655096141903872
2002-11-01,Rubavu,B,-0.41233854737633163
2002-12-01,Rubavu,B,0.725871171421714
2003-01-01,Rubavu,off,-0.2622320398929595
2003-02-01,Rubavu,off,-0.9332494529002409
2003-03-01,Rubavu,A,-1.118662034168814
2003-04-01,Rubavu,A,0.9106527327284544
2003-05-01,Rubavu,A,0.4498686098264801
2003-06-01,Rubavu,off,0.3372543131516651
2003-07-01,Rubavu,off,0.054608832321863914
2003-08-01,Rubavu,off,0.48565026501793807
2003-09-01,Rubavu,off,0.6647849227553092
2003-10-01,Rubavu,B,0.8936402959563498
2003-11-01,Rubavu,B,-0.7041452137423183
2003-12-01,Rubavu,B,-1.1722375282766926
2004-01-01,Rubavu,off,1.1260717441100987
2004-02-01,Rubavu,off,0.7366302093554586
2004-03-01,Rubavu,A,-0.3372263945881772
2004-04-01,Rubavu,A,0.8086899426418428
2004-05-01,Rubavu,A,-0.19889095682968594
2004-06-01,Rubavu,off,-2.052103336999588
2004-07-01,Rubavu,off,0.00476640456781373
2004-08-01,Rubavu,off,-0.9022731873278312
2004-09-01,Rubavu,off,0.18121034031417996
2004-10-01,Rubavu,B,-0.9601575069835113
2004-11-01,Rubavu,B,-0.789423563969263
2004-12-01,Rubavu,B,-0.15470788107622216
2005-01-01,Rubavu,off,0.11992453174526384
2005-02-01,Rubavu,off,-0.5412555405757583
2005-03-01,Rubavu,A,-0.23173772111019156
2005-04-01,Rubavu,A,-0.6410371858449371
2005-05-01,Rubavu,A,-0.8186321651421834
2005-06-01,Rubavu,off,-0.6161324693476333
2005-07-01,Rubavu,off,-0.7761807431717165
2005-08-01,Rubavu,off,0.4700789459109567
2005-09-01,Rubavu,off,-0.6033488929945491
2005-10-01,Rubavu,B,-0.453817246364754
2005-11-01,Rubavu,B,-1.6421177198694927
2005-12-01,Rubavu,B,-1.09303047045617
2006-01-01,Rubavu,off,0.41491315829828995
2006-02-01,Rubavu,off,1.1775762812669732
2006-03-01,Rubavu,A,0.04847862161882373
2006-04-01,Rubavu,A,0.5414535663101653
2006-05-01,Rubavu,A,0.2108675983483097
2006-06-01,Rubavu,off,-1.450575107565958
2006-07-01,Rubavu,off,1.9423758887019154
2006-08-01,Rubavu,off,4.093056905258976
2006-09-01,Rubavu,off,-0.9042037465081944
2006-10-01,Rubavu,B,-1.1829459254789056
2006-11-01,Rubavu,B,0.48336341120262805
2006-12-01,Rubavu,B,0.9744241850091376
2007-01-01,Rubavu,off,0.18471130117625081
2007-02-01,Rubavu,off,0.9087008957141133
2007-03-01,Rubavu,A,-0.9209434728025891
2007-04-01,Rubavu,A,-0.1886648914201421
2007-05-01,Rubavu,A,2.410958145255465
2007-06-01,Rubavu,off,1.4453488513148463
2007-07-01,Rubavu,off,1.2011074866307567
2007-08-01,Rubavu,off,-1.044848932928689
2007-09-01,Rubavu,off,0.8383686710114655
2007-10-01,Rubavu,B,-0.6975466468565015
2007-11-01,Rubavu,B,-0.07805839836641097
2007-12-01,Rubavu,B,-1.2235616273480803
2008-01-01,Rubavu,off,-0.6390945632363829
2008-02-01,Rubavu,off,-0.9135211534394463
2008-03-01,Rubavu,A,-1.0578480468099198
2008-04-01,Rubavu,A,-1.0331881922380135
2008-05-01,Rubavu,A,-0.6721944156736367
2008-06-01,Rubavu,off,2.2083953987984692
2008-07-01,Rubavu,off,0.33151821721429175
2008-08-01,Rubavu,off,1.154072244283486
2008-09-01,Rubavu,off,-0.35953680668595994
2008-10-01,Rubavu,B,-0.49715601047923075
2008-11-01,Rubavu,B,-1.153119432947385
2008-12-01,Rubavu,B,-0.25730955801985916
2009-01-01,Rubavu,off,-0.35666699412006475
2009-02-01,Rubavu,off,0.6016278069719404
2009-03-01,Rubavu,A,-0.25178621475540197
2009-04-01,Rubavu,A,-0.8267597330508323
2009-05-01,Rubavu,A,-0.20123139023296963
2009-06-01,Rubavu,off,-0.8164342726930599
2009-07-01,Rubavu,off,-0.9071601077546385
2009-08-01,Rubavu,off,-0.4255377344974438
2009-09-01,Rubavu,off,-0.5278694729851682
2009-10-01,Rubavu,B,0.533055174438641
2009-11-01,Rubavu,B,0.24374245501637745
2009-12-01,Rubavu,B,0.19022833039105932
2010-01-01,Rubavu,off,0.8275810145193543
2010-02-01,Rubavu,off,4.250959146541723
2010-03-01,Rubavu,A,0.930039945173882
2010-04-01,Rubavu,A,0.40151189592155434
2010-05-01,Rubavu,A,0.005064268576643201
2010-06-01,Rubavu,off,1.4640337540712096
2010-07-01,Rubavu,off,-1.049634328057183
2010-08-01,Rubavu,off,-2.3787928176559383
2010-09-01,Rubavu,off,0.25081190627151606
2010-10-01,Rubavu,B,0.3346624086043478
2010-11-01,Rubavu,B,-0.49195223256091103
2010-12-01,Rubavu,B,1.1554955876421786
2011-01-01,Rubavu,off,0.3904522989577889
2011-02-01,Rubavu,off,0.42570279113927517
2011-03-01,Rubavu,A,0.5386656310547545
2011-04-01,Rubavu,A,-0.6682504574948587
2011-05-01,Rubavu,A,-0.3429334099635506
2011-06-01,Rubavu,off,3.3798842787770407
2011-07-01,Rubavu,off,1.1518904192940376
2011-08-01,Rubavu,off,1.3198244534587231
2011-09-01,Rubavu,off,1.3877296190769337
2011-10-01,Rubavu,B,0.010033438483526256
2011-11-01,Rubavu,B,-0.04686147472559046
2011-12-01,Rubavu,B,0.29951727891801455
2012-01-01,Rubavu,off,-1.2857415412808544
2012-02-01,Rubavu,off,-0.9751000006459161
2012-03-01,Rubavu,A,-0.340377901035753
2012-04-01,Rubavu,A,0.2776915086310653
2012-05-01,Rubavu,A,0.7482762429304893
2012-06-01,Rubavu,off,0.40382448077252625
2012-07-01,Rubavu,off,-0.11017324622504823
2012-08-01,Rubavu,off,0.28713776324213885
2012-09-01,Rubavu,off,0.1392215379813828
2012-10-01,Rubavu,B,0.33618350423168564
2012-11-01,Rubavu,B,-0.19754442157495078
2012-12-01,Rubavu,B,0.36366738167610124
2013-01-01,Rubavu,off,-0.36871450885201984
2013-02-01,Rubavu,off,-0.5068732173875208
2013-03-01,Rubavu,A,1.61649564590876
2013-04-01,Rubavu,A,-0.10782542076363898
2013-05-01,Rubavu,A,-0.005714789514523584
2013-06-01,Rubavu,off,-1.528224982142046
2013-07-01,Rubavu,off,-1.04868131723014
2013-08-01,Rubavu,off,0.4078799101611568
2013-09-01,Rubavu,off,0.17251928197469646
2013-10-01,Rubavu,B,-1.1355785281865014
2013-11-01,Rubavu,B,-0.666850368319018
2013-12-01,Rubavu,B,0.4714356324121798
2014-01-01,Rubavu,off,-0.6926848286270781
2014-02-01,Rubavu,off,0.994827741279608
2014-03-01,Rubavu,A,0.45944368645050637
2014-04-01,Rubavu,A,-0.10473429562418658
2014-05-01,Rubavu,A,-1.3012659798525392
2014-06-01,Rubavu,off,-0.5858923423969584
2014-07-01,Rubavu,off,-0.9639384292136395
2014-08-01,Rubavu,off,-0.2898663380201611
2014-09-01,Rubavu,off,-0.08590878976223419
2014-10-01,Rubavu,B,-0.5120896490720059
2014-11-01,Rubavu,B,-0.05299149292711772
2014-12-01,Rubavu,B,-0.5097859064572292
2015-01-01,Rubavu,off,-1.777580213704133
2015-02-01,Rubavu,off,-0.03383053392743092
2015-03-01,Rubavu,A,0.24493283304321845
2015-04-01,Rubavu,A,-0.008616557331688996
2015-05-01,Rubavu,A,0.5033215061370163
2015-06-01,Rubavu,off,-0.4168771042305551
2015-07-01,Rubavu,off,-0.7839244630620947
2015-08-01,Rubavu,off,0.5656590403091895
2015-09-01,Rubavu,off,0.2724445333730774
2015-10-01,Rubavu,B,0.04735443844581886
2015-11-01,Rubavu,B,0.2595427482571608
2015-12-01,Rubavu,B,0.4209299086091704
2016-01-01,Rubavu,off,0.5933644228286747
2016-02-01,Rubavu,off,-1.428284240788531
2016-03-01,Rubavu,A,0.8044292424724603
2016-04-01,Rubavu,A,0.9737023685000207
2016-05-01,Rubavu,A,0.6839846130595467
2016-06-01,Rubavu,off,-1.163762058799092
2016-07-01,Rubavu,off,-0.5471162619930856
2016-08-01,Rubavu,off,-0.5342615370805475
2016-09-01,Rubavu,off,0.17402721049849842
2016-10-01,Rubavu,B,1.7731181627954489
2016-11-01,Rubavu,B,1.0030371608318729
2016-12-01,Rubavu,B,-0.6297466127316275
2017-01-01,Rubavu,off,-0.14965404900362306
2017-02-01,Rubavu,off,-0.2620372283611184
2017-03-01,Rubavu,A,-0.485310622336636
2017-04-01,Rubavu,A,-0.6831940291657399
2017-05-01,Rubavu,A,-1.2095311031900027
2017-06-01,Rubavu,off,-1.7679931121522194
2017-07-01,Rubavu,off,-0.8504833115939512
2017-08-01,Rubavu,off,0.676211042601115
2017-09-01,Rubavu,off,0.7946132052870487
2017-10-01,Rubavu,B,0.49633121150430104
2017-11-01,Rubavu,B,0.5310138755541767
2017-12-01,Rubavu,B,-1.2053101353330435
2018-01-01,Rubavu,off,-0.7993025876499503
2018-02-01,Rubavu,off,0.871917898982245
2018-03-01,Rubavu,A,2.6604967537594804
2018-04-01,Rubavu,A,1.162723454809638
2018-05-01,Rubavu,A,-0.1329400665783242
2018-06-01,Rubavu,off,-0.6156213906622552
2018-07-01,Rubavu,off,-1.265729430421729
2018-08-01,Rubavu,off,0.47304443172914923
2018-09-01,Rubavu,off,0.6372799214781266
2018-10-01,Rubavu,B,-0.5538490537676724
2018-11-01,Rubavu,B,0.5137266236211475
2018-12-01,Rubavu,B,0.5253583864172984
2019-01-01,Rubavu,off,0.1620540783514274
2019-02-01,Rubavu,off,-1.2967734950272558
2019-03-01,Rubavu,A,-1.3597474007033419
2019-04-01,Rubavu,A,-0.4755504747573614
2019-05-01,Rubavu,A,0.646876763606633
2019-06-01,Rubavu,off,0.45861124573819645
2019-07-01,Rubavu,off,0.4968492972447772
2019-08-01,Rubavu,off,-1.5056523958160697
2019-09-01,Rubavu,off,0.42054195389193966
2019-10-01,Rubavu,B,-0.7903704019144341
2019-11-01,Rubavu,B,0.4826792223227176
2019-12-01,Rubavu,B,0.1594675510130592
2020-01-01,Rubavu,off,-0.20731251305002346
2020-02-01,Rubavu,off,-0.733183232907252
2020-03-01,Rubavu,A,-0.39891658467015734
2020-04-01,Rubavu,A,0.6291420483217781
2020-05-01,Rubavu,A,-0.2452392254418167
2020-06-01,Rubavu,off,0.6338685636539564
2020-07-01,Rubavu,off,-0.6992723330925755
2020-08-01,Rubavu,off,-1.382895528054909
2020-09-01,Rubavu,off,-0.22979368682387127
2020-10-01,Rubavu,B,-0.016349471470433034
2020-11-01,Rubavu,B,-0.5202560637861156
2020-12-01,Rubavu,B,-0.2128156693224124
2021-01-01,Rubavu,off,1.670341989646382
2021-02-01,Rubavu,off,1.4142792225083036
2021-03-01,Rubavu,A,-0.309740450960849
2021-04-01,Rubavu,A,-1.3255914721286226
2021-05-01,Rubavu,A,-0.6895930361490449
2021-06-01,Rubavu,off,-1.080886358464652
2021-07-01,Rubavu,off,0.05172977968331281
2021-08-01,Rubavu,off,-0.41933542556081443
2021-09-01,Rubavu,off,0.033403122243902385
2021-10-01,Rubavu,B,-0.4644624517367428
2021-11-01,Rubavu,B,-0.8508205614124785
2021-12-01,Rubavu,B,0.67135384440802
2022-01-01,Rubavu,off,0.4797729499701322
2022-02-01,Rubavu,off,2.8575153796219777
2022-03-01,Rubavu,A,-0.6099432505139335
2022-04-01,Rubavu,A,-0.8922065516719142
2022-05-01,Rubavu,A,0.5027158065409479
2022-06-01,Rubavu,off,-0.23038651448539063
2022-07-01,Rubavu,off,-0.986847007681587
2022-08-01,Rubavu,off,0.8396397713397074
2022-09-01,Rubavu,off,-0.3524801375313291
2022-10-01,Rubavu,B,0.23770067950871981
2022-11-01,Rubavu,B,0.8853599588464465
2022-12-01,Rubavu,B,0.43005088699586674
2023-01-01,Rubavu,off,0.37852362182694355
2023-02-01,Rubavu,off,-2.01558080764916
2023-03-01,Rubavu,A,0.27454431421739617
2023-04-01,Rubavu,A,1.3774985486280336
2023-05-01,Rubavu,A,2.35279238838679
2023-06-01,Rubavu,off,-0.9234734046959366
2023-07-01,Rubavu,off,-0.7622350993477367
2023-08-01,Rubavu,off,-1.9206547435603616
2023-09-01,Rubavu,off,-0.03889021804604658
2023-10-01,Rubavu,B,-0.898877511960308
2023-11-01,Rubavu,B,0.20494693195962307
2023-12-01,Rubavu,B,-0.2633889226564213
2024-01-01,Rubavu,off,-0.14454559783487636
2024-02-01,Rubavu,off,-1.737884219900135
2024-03-01,Rubavu,A,-1.2331947880954992
2024-04-01,Rubavu,A,1.0675348443230537
2024-05-01,Rubavu,A,-1.3795704365757333
2024-06-01,Rubavu,off,-1.4518598498348032
2024-07-01,Rubavu,off,-0.5494041681500041
2024-08-01,Rubavu,off,-1.3156368980205344
2024-09-01,Rubavu,off,0.25426479308890565
2024-10-01,Rubavu,B,0.1860966704030118
2024-11-01,Rubavu,B,3.228575329838638
2024-12-01,Rubavu,B,-0.2573688099857687
2025-01-01,Rubavu,off,0.06722930855912666
2025-02-01,Rubavu,off,-1.0831193246895667
2025-03-01,Rubavu,A,-1.2842698030416237
2025-04-01,Rubavu,A,1.197925372442507
2025-05-01,Rubavu,A,0.4575791809562029
2025-06-01,Rubavu,off,2.7830139571361134
2025-07-01,Rubavu,off,0.5421030150835738
2025-08-01,Rubavu,off,2.7388708960306274
2025-09-01,Rubavu,off,-1.1236543940913795
2025-10-01,Rubavu,B,-0.169915885659725
2025-11-01,Rubavu,B,-0.23797620749795795
2025-12-01,Rubavu,B,0.66510265292035
2026-01-01,Rubavu,off,2.282486536391517
2026-02-01,Rubavu,off,0.12931629559453262
2026-03-01,Rubavu,A,0.32088379192706795
2026-04-01,Rubavu,A,-0.0598821744432218
2026-05-01,Rubavu,A,-1.9605562263134924
2026-06-01,Rubavu,off,-1.0611148103304513
2026-07-01,Rubavu,off,1.6464898970927329
2026-08-01,Rubavu,off,-1.8024073135911218
2026-09-01,Rubavu,off,0.8710893339670773
1981-01-01,Ruhango,off,-0.5586596219382928
1981-02-01,Ruhango,off,-1.0974130600427001
1981-03-01,Ruhango,A,-0.3186697642290485
1981-04-01,Ruhango,A,1.1363863452382255
1981-05-01,Ruhango,A,1.1640240578197023
1981-06-01,Ruhango,off,-0.265843866758392
1981-07-01,Ruhango,off,-0.33682959541404683
1981-08-01,Ruhango,off,0.9703228398003771
1981-09-01,Ruhango,off,0.9660954032387622
1981-10-01,Ruhango,B,-0.4782555198414672
1981-11-01,Ruhango,B,-1.1136248837979528
1981-12-01,Ruhango,B,-0.2967783358754623
1982-01-01,Ruhango,off,0.11177974862070936
1982-02-01,Ruhango,off,-0.37563332245248826
1982-03-01,Ruhango,A,-1.5424997680379429
1982-04-01,Ruhango,A,1.3239790021873008
1982-05-01,Ruhango,A,1.3829302661632992
1982-06-01,Ruhango,off,0.7919039513776794
1982-07-01,Ruhango,off,-0.44602584635495185
1982-08-01,Ruhango,off,-1.2501063623544693
1982-09-01,Ruhango,off,1.2051393679373958
1982-10-01,Ruhango,B,-0.03358675669232545
1982-11-01,Ruhango,B,0.6806072469298344
1982-12-01,Ruhango,B,2.020946915317761
1983-01-01,Ruhango,off,-1.8376846829826459
1983-02-01,Ruhango,off,0.7835329473142537
1983-03-01,Ruhango,A,-0.12267554171966748
1983-04-01,Ruhango,A,2.129450563229775
1983-05-01,Ruhango,A,-0.41609907088076326
1983-06-01,Ruhango,off,-0.41159205196317283
1983-07-01,Ruhango,off,0.034258241695067866
1983-08-01,Ruhango,off,0.43294945770106236
1983-09-01,Ruhango,off,-0.5470293912188493
1983-10-01,Ruhango,B,0.5157874905104385
1983-11-01,Ruhango,B,0.23914732801336133
1983-12-01,Ruhango,B,-0.27160444915888
1984-01-01,Ruhango,off,-0.024065427373268243
1984-02-01,Ruhango,off,-0.11449865850191004
1984-03-01,Ruhango,A,-0.3060275368621736
1984-04-01,Ruhango,A,-0.6477200929698198
1984-05-01,Ruhango,A,-2.117703743096917
1984-06-01,Ruhango,off,-1.2049342337584448
1984-07-01,Ruhango,off,2.1176945515085754
1984-08-01,Ruhango,off,1.169360235220278
1984-09-01,Ruhango,off,-1.3702125481587466
1984-10-01,Ruhango,B,0.683900389393366
1984-11-01,Ruhango,B,0.05699640195704266
1984-12-01,Ruhango,B,-0.45001880869752453
1985-01-01,Ruhango,off,-0.6935741969640757
1985-02-01,Ruhango,off,0.9129938875974236
1985-03-01,Ruhango,A,-0.6489952957091927
1985-04-01,Ruhango,A,2.800344651818117
1985-05-01,Ruhango,A,-1.2675650522653286
1985-06-01,Ruhango,off,0.37150763502088135
1985-07-01,Ruhango,off,-0.5816293990435872
1985-08-01,Ruhango,off,-1.698783899411458
1985-09-01,Ruhango,off,1.097538515226645
1985-10-01,Ruhango,B,-0.23181313175340595
1985-11-01,Ruhango,B,-0.09501711598768275
1985-12-01,Ruhango,B,-0.8222007157718187
1986-01-01,Ruhango,off,1.0188463313020677
1986-02-01,Ruhango,off,0.37630671613703837
1986-03-01,Ruhango,A,-0.5545607446963334
1986-04-01,Ruhango,A,3.0897417545881347
1986-05-01,Ruhango,A,0.6202222128027126
1986-06-01,Ruhango,off,-0.19887791234242483
1986-07-01,Ruhango,off,-0.6198023462733602
1986-08-01,Ruhango,off,-0.9806743423527186
1986-09-01,Ruhango,off,-1.2464445054827158
1986-10-01,Ruhango,B,0.5378874282340919
1986-11-01,Ruhango,B,-0.33286074570851737
1986-12-01,Ruhango,B,-0.13944051049809233
1987-01-01,Ruhango,off,0.8246550112291159
1987-02-01,Ruhango,off,1.3168440785331692
1987-03-01,Ruhango,A,0.38098333668014656
1987-04-01,Ruhango,A,-0.8551059045027535
1987-05-01,Ruhango,A,2.2311668143984136
1987-06-01,Ruhango,off,0.17538227816550067
1987-07-01,Ruhango,off,-0.5631518118664514
1987-08-01,Ruhango,off,-0.8508767512569085
1987-09-01,Ruhango,off,1.657858883189308
1987-10-01,Ruhango,B,-0.17572920478810147
1987-11-01,Ruhango,B,1.0034846728236644
1987-12-01,Ruhango,B,-1.1189396365275817
1988-01-01,Ruhango,off,-0.40594278298221537
1988-02-01,Ruhango,off,0.7267398038825462
1988-03-01,Ruhango,A,0.053781233098264984
1988-04-01,Ruhango,A,1.0724517163527985
1988-05-01,Ruhango,A,-0.4850022356861881
1988-06-01,Ruhango,off,-1.046756543209604
1988-07-01,Ruhango,off,0.1804736586537035
1988-08-01,Ruhango,off,3.5510096231959736
1988-09-01,Ruhango,off,-0.37686310082362295
1988-10-01,Ruhango,B,-0.2670492727310543
1988-11-01,Ruhango,B,-0.03213863189872703
1988-12-01,Ruhango,B,-1.3635760615119377
1989-01-01,Ruhango,off,-0.06206818569081386
1989-02-01,Ruhango,off,-0.15631489530821424
1989-03-01,Ruhango,A,-0.09508431514009819
1989-04-01,Ruhango,A,0.12180032811330246
1989-05-01,Ruhango,A,-0.49783218021479536
1989-06-01,Ruhango,off,-0.09540641931268636
1989-07-01,Ruhango,off,0.4803905910898509
1989-08-01,Ruhango,off,1.0467840118647487
1989-09-01,Ruhango,off,-0.5157064658249149
1989-10-01,Ruhango,B,-0.5881502353843895
1989-11-01,Ruhango,B,-0.4470540498567895
1989-12-01,Ruhango,B,1.971695865933949
1990-01-01,Ruhango,off,-0.3978425858560378
1990-02-01,Ruhango,off,2.048265516630077
1990-03-01,Ruhango,A,-0.1447971412877472
1990-04-01,Ruhango,A,0.5186921879910813
1990-05-01,Ruhango,A,-0.8872840322864753
1990-06-01,Ruhango,off,-1.2938863616859169
1990-07-01,Ruhango,off,-0.19288878505987112
1990-08-01,Ruhango,off,-0.6147686328225072
1990-09-01,Ruhango,off,0.625305845623931
1990-10-01,Ruhango,B,-0.48278835678635545
1990-11-01,Ruhango,B,-0.2834544267537107
1990-12-01,Ruhango,B,0.0865018556865473
1991-01-01,Ruhango,off,0.08227497252971688
1991-02-01,Ruhango,off,0.13035892510473207
1991-03-01,Ruhango,A,-0.32341637353644576
1991-04-01,Ruhango,A,-0.19364814677614553
1991-05-01,Ruhango,A,1.9682946401277919
1991-06-01,Ruhango,off,0.43235720164178776
1991-07-01,Ruhango,off,0.26074644570092637
1991-08-01,Ruhango,off,-0.9432098887749365
1991-09-01,Ruhango,off,-0.8986631640553872
1991-10-01,Ruhango,B,0.8373809043642426
1991-11-01,Ruhango,B,-0.9455959217386813
1991-12-01,Ruhango,B,0.5203978605950472
1992-01-01,Ruhango,off,-0.7127850680687575
1992-02-01,Ruhango,off,0.17361087462589433
1992-03-01,Ruhango,A,-0.5312870467185168
1992-04-01,Ruhango,A,0.5925934111676653
1992-05-01,Ruhango,A,-0.5266075800936588
1992-06-01,Ruhango,off,1.4688492389362506
1992-07-01,Ruhango,off,-0.5060250782893816
1992-08-01,Ruhango,off,-1.6745646246543369
1992-09-01,Ruhango,off,0.029943209061832746
1992-10-01,Ruhango,B,0.9388836881077013
1992-11-01,Ruhango,B,-0.5910334630181849
1992-12-01,Ruhango,B,-0.009871272286769315
1993-01-01,Ruhango,off,0.8358419195401927
1993-02-01,Ruhango,off,0.5191798618400416
1993-03-01,Ruhango,A,-0.6099239692224593
1993-04-01,Ruhango,A,-0.8297403138511961
1993-05-01,Ruhango,A,0.5182377748990722
1993-06-01,Ruhango,off,-0.7546624730447234
1993-07-01,Ruhango,off,-0.532521207152027
1993-08-01,Ruhango,off,2.685152158390286
1993-09-01,Ruhango,off,-1.9558585712766754
1993-10-01,Ruhango,B,-1.6044255375552703
1993-11-01,Ruhango,B,-0.5706434105512452
1993-12-01,Ruhango,B,-1.5945622040793295
1994-01-01,Ruhango,off,0.9832987137824905
1994-02-01,Ruhango,off,-0.5213660800871509
1994-03-01,Ruhango,A,0.5833055283159085
1994-04-01,Ruhango,A,-0.5246404971398073
1994-05-01,Ruhango,A,0.15611146993445346
1994-06-01,Ruhango,off,-0.7556621931411173
1994-07-01,Ruhango,off,0.0005736670298370578
1994-08-01,Ruhango,off,-0.29922489325228174
1994-09-01,Ruhango,off,-0.3719784904333068
1994-10-01,Ruhango,B,-0.8449763042675943
1994-11-01,Ruhango,B,0.7855902804238957
1994-12-01,Ruhango,B,0.8164418743509789
1995-01-01,Ruhango,off,0.21841599420395183
1995-02-01,Ruhango,off,-0.6735187398062907
1995-03-01,Ruhango,A,-0.0405304620524136
1995-04-01,Ruhango,A,0.7936999644892381
1995-05-01,Ruhango,A,-0.2004559065568001
1995-06-01,Ruhango,off,2.998684926619049
1995-07-01,Ruhango,off,-0.464685819937527
1995-08-01,Ruhango,off,-1.4720694432004988
1995-09-01,Ruhango,off,-0.5911843053509018
1995-10-01,Ruhango,B,-0.028787957925548002
1995-11-01,Ruhango,B,-0.0006759435617432705
1995-12-01,Ruhango,B,-1.350402023441036
1996-01-01,Ruhango,off,-0.9038342122446233
1996-02-01,Ruhango,off,-0.4155470778430619
1996-03-01,Ruhango,A,-0.7502119691790128
1996-04-01,Ruhango,A,-0.5814745134677497
1996-05-01,Ruhango,A,-0.628180352601407
1996-06-01,Ruhango,off,0.23191054399693797
1996-07-01,Ruhango,off,2.386839015607862
1996-08-01,Ruhango,off,2.6390323523355703
1996-09-01,Ruhango,off,-0.41114883120058365
1996-10-01,Ruhango,B,-1.0745371471652596
1996-11-01,Ruhango,B,-0.7841824847082554
1996-12-01,Ruhango,B,-0.44131264462618425
1997-01-01,Ruhango,off,1.1119914717547579
1997-02-01,Ruhango,off,-1.3718910135764657
1997-03-01,Ruhango,A,-0.9569925478751724
1997-04-01,Ruhango,A,0.47878944422632297
1997-05-01,Ruhango,A,-0.5698712866430005
1997-06-01,Ruhango,off,0.3526559123274293
1997-07-01,Ruhango,off,0.005735533217237653
1997-08-01,Ruhango,off,-0.26337554589136997
1997-09-01,Ruhango,off,0.18249944769062384
1997-10-01,Ruhango,B,1.2952153254546905
1997-11-01,Ruhango,B,0.7332955047247789
1997-12-01,Ruhango,B,1.3234300472289269
1998-01-01,Ruhango,off,2.114114022552208
1998-02-01,Ruhango,off,2.3706001540759902
1998-03-01,Ruhango,A,0.044825833582300724
1998-04-01,Ruhango,A,-0.17643492012219447
1998-05-01,Ruhango,A,0.6459695736978182
1998-06-01,Ruhango,off,1.2623724907608125
1998-07-01,Ruhango,off,0.13282319143465884
1998-08-01,Ruhango,off,-0.6742799085585963
1998-09-01,Ruhango,off,-0.10702814566880738
1998-10-01,Ruhango,B,0.02581034824850734
1998-11-01,Ruhango,B,-0.8115996259541544
1998-12-01,Ruhango,B,-1.3239533066862619
1999-01-01,Ruhango,off,-0.10966386583618422
1999-02-01,Ruhango,off,-1.876391406068129
1999-03-01,Ruhango,A,1.5580408104318513
1999-04-01,Ruhango,A,-0.7492583510893689
1999-05-01,Ruhango,A,-1.0359563406092356
1999-06-01,Ruhango,off,-0.8234179239485604
1999-07-01,Ruhango,off,-0.6063122576005762
1999-08-01,Ruhango,off,0.5762849109847352
1999-09-01,Ruhango,off,0.9439065141664652
1999-10-01,Ruhango,B,-1.8134881091156687
1999-11-01,Ruhango,B,-0.4671278484302928
1999-12-01,Ruhango,B,0.3879233150284205
2000-01-01,Ruhango,off,-1.011417660939598
2000-02-01,Ruhango,off,-1.1530402134751798
2000-03-01,Ruhango,A,-0.7819681879313397
2000-04-01,Ruhango,A,-1.029777372897614
2000-05-01,Ruhango,A,-1.1471180142896378
2000-06-01,Ruhango,off,-1.1237140967778116
2000-07-01,Ruhango,off,-0.500204908875759
2000-08-01,Ruhango,off,-1.415744536686439
2000-09-01,Ruhango,off,-1.5286987675219896
2000-10-01,Ruhango,B,0.08710037990205587
2000-11-01,Ruhango,B,0.6033756563474731
2000-12-01,Ruhango,B,-0.2783363586021198
2001-01-01,Ruhango,off,0.9793248721399244
2001-02-01,Ruhango,off,-0.8354819336673297
2001-03-01,Ruhango,A,1.514477350486835
2001-04-01,Ruhango,A,-0.8888807857936519
2001-05-01,Ruhango,A,-0.765656412495603
2001-06-01,Ruhango,off,-1.0233377176505192
2001-07-01,Ruhango,off,1.6232944626804127
2001-08-01,Ruhango,off,-0.5391439151490975
2001-09-01,Ruhango,off,0.920855171972306
2001-10-01,Ruhango,B,1.8439615711666837
2001-11-01,Ruhango,B,1.557463010660828
2001-12-01,Ruhango,B,-0.59859401142155
2002-01-01,Ruhango,off,0.22234871448282914
2002-02-01,Ruhango,off,-0.634479555972965
2002-03-01,Ruhango,A,-0.269334563436051
2002-04-01,Ruhango,A,-0.18100000136626726
2002-05-01,Ruhango,A,1.8479756758308232
2002-06-01,Ruhango,off,-1.1893567812959727
2002-07-01,Ruhango,off,-0.4958756458337765
2002-08-01,Ruhango,off,-1.2117129002589953
2002-09-01,Ruhango,off,-1.3166375890771946
2002-10-01,Ruhango,B,-0.6680711586343833
2002-11-01,Ruhango,B,-0.4906440054676153
2002-12-01,Ruhango,B,0.6575524036033645
2003-01-01,Ruhango,off,-0.741710700405678
2003-02-01,Ruhango,off,-0.6878116719998536
2003-03-01,Ruhango,A,-1.118874809109957
2003-04-01,Ruhango,A,0.39919344864271705
2003-05-01,Ruhango,A,-0.29709062558360533
2003-06-01,Ruhango,off,-0.7834356705984236
2003-07-01,Ruhango,off,-0.3202390846704745
2003-08-01,Ruhango,off,-0.1853441837494826
2003-09-01,Ruhango,off,0.4181531078571164
2003-10-01,Ruhango,B,0.9443418517343676
2003-11-01,Ruhango,B,-0.32042430586368703
2003-12-01,Ruhango,B,-1.1532478306212068
2004-01-01,Ruhango,off,0.36267574641765954
2004-02-01,Ruhango,off,0.3573335832102304
2004-03-01,Ruhango,A,0.06132802543984109
2004-04-01,Ruhango,A,0.5712579061551485
2004-05-01,Ruhango,A,-1.285803421753839
2004-06-01,Ruhango,off,-1.193446600769825
2004-07-01,Ruhango,off,-0.3557968780617026
2004-08-01,Ruhango,off,-0.7643755853565826
2004-09-01,Ruhango,off,0.06472181981031845
2004-10-01,Ruhango,B,-0.3692929977172423
2004-11-01,Ruhango,B,1.1798224769068824
2004-12-01,Ruhango,B,0.945619923143441
2005-01-01,Ruhango,off,-0.22712528499895288
2005-02-01,Ruhango,off,-0.4859506133713415
2005-03-01,Ruhango,A,0.45492657344445997
2005-04-01,Ruhango,A,-0.9501117612508998
2005-05-01,Ruhango,A,-0.03529067873013607
2005-06-01,Ruhango,off,-0.7835373615510877
2005-07-01,Ruhango,off,-0.527140644428932
2005-08-01,Ruhango,off,1.7189223577004262
2005-09-01,Ruhango,off,0.7828795682612193
2005-10-01,Ruhango,B,1.2598672724768254
2005-11-01,Ruhango,B,-1.1401720840164355
2005-12-01,Ruhango,B,-1.3149131797683788
2006-01-01,Ruhango,off,-0.27027922540336446
2006-02-01,Ruhango,off,0.5953633715242196
2006-03-01,Ruhango,A,-0.011652783934175789
2006-04-01,Ruhango,A,0.5543428630343216
2006-05-01,Ruhango,A,0.39230675526941694
2006-06-01,Ruhango,off,-1.0084154738650641
2006-07-01,Ruhango,off,0.7391662824412542
2006-08-01,Ruhango,off,1.573312071932787
2006-09-01,Ruhango,off,-1.0614604857484973
2006-10-01,Ruhango,B,-1.2133747409452262
2006-11-01,Ruhango,B,1.4820001695339007
2006-12-01,Ruhango,B,2.2836658416389493
2007-01-01,Ruhango,off,0.0019749782962468257
2007-02-01,Ruhango,off,0.7154108738333793
2007-03-01,Ruhango,A,-0.7877761824397005
2007-04-01,Ruhango,A,0.3553117018887291
2007-05-01,Ruhango,A,3.936515055396863
2007-06-01,Ruhango,off,1.5595132059781447
2007-07-01,Ruhango,off,1.0156516045383932
2007-08-01,Ruhango,off,0.020597252589618618
2007-09-01,Ruhango,off,0.6035251885790668
2007-10-01,Ruhango,B,-0.762200998196456
2007-11-01,Ruhango,B,-0.416504468120421
2007-12-01,Ruhango,B,-1.0887387223934621
2008-01-01,Ruhango,off,-1.2982533917809542
2008-02-01,Ruhango,off,-0.4076678925174933
2008-03-01,Ruhango,A,-0.6897389775730646
2008-04-01,Ruhango,A,-1.1275717572975372
2008-05-01,Ruhango,A,-1.1908161210069397
2008-06-01,Ruhango,off,1.7231224176661657
2008-07-01,Ruhango,off,0.10154560005716107
2008-08-01,Ruhango,off,0.1269661471920222
2008-09-01,Ruhango,off,-1.1685929660138987
2008-10-01,Ruhango,B,-0.6274169137600877
2008-11-01,Ruhango,B,-0.9099277975037633
2008-12-01,Ruhango,B,-0.8191163763217096
2009-01-01,Ruhango,off,0.0442521674061983
2009-02-01,Ruhango,off,1.8769745383029133
2009-03-01,Ruhango,A,0.009191037868185469
2009-04-01,Ruhango,A,-0.16481789205975475
2009-05-01,Ruhango,A,0.9693514336997995
2009-06-01,Ruhango,off,-0.7652655280140718
2009-07-01,Ruhango,off,-0.5217293056234279
2009-08-01,Ruhango,off,-1.0078927548110714
2009-09-01,Ruhango,off,-0.5626739863638616
2009-10-01,Ruhango,B,1.1461534314575466
2009-11-01,Ruhango,B,-0.3690837881207123
2009-12-01,Ruhango,B,-0.7457070735287596
2010-01-01,Ruhango,off,0.8731190399514
2010-02-01,Ruhango,off,3.7223820762602005
2010-03-01,Ruhango,A,-0.09232637157315207
2010-04-01,Ruhango,A,-0.14286310450531922
2010-05-01,Ruhango,A,-0.0630792223503537
2010-06-01,Ruhango,off,1.1605488338880625
2010-07-01,Ruhango,off,-0.5560775029771969
2010-08-01,Ruhango,off,-1.7440561942734951
2010-09-01,Ruhango,off,0.531933696269803
2010-10-01,Ruhango,B,-0.25605343589234125
2010-11-01,Ruhango,B,-0.5049238818258518
2010-12-01,Ruhango,B,0.3224899756344919
2011-01-01,Ruhango,off,0.013102480297794313
2011-02-01,Ruhango,off,-0.38119780756164917
2011-03-01,Ruhango,A,-0.7363345028039955
2011-04-01,Ruhango,A,-0.7242823348182198
2011-05-01,Ruhango,A,-0.40622802361976423
2011-06-01,Ruhango,off,2.9830362204670635
2011-07-01,Ruhango,off,1.3076883916610815
2011-08-01,Ruhango,off,0.21662944544360724
2011-09-01,Ruhango,off,1.3929959650868002
2011-10-01,Ruhango,B,0.7940585594956842
2011-11-01,Ruhango,B,0.9202322527703743
2011-12-01,Ruhango,B,0.4746890535916866
2012-01-01,Ruhango,off,-1.037833873633758
2012-02-01,Ruhango,off,-0.9371478137065935
2012-03-01,Ruhango,A,-0.5238137781554659
2012-04-01,Ruhango,A,-0.13493296076366784
2012-05-01,Ruhango,A,0.7157625682209815
2012-06-01,Ruhango,off,0.48518973996985937
2012-07-01,Ruhango,off,-0.5546491539341669
2012-08-01,Ruhango,off,0.794197452802644
2012-09-01,Ruhango,off,-0.00372881799695615
2012-10-01,Ruhango,B,0.4946242073256843
2012-11-01,Ruhango,B,-0.0427796346247332
2012-12-01,Ruhango,B,0.30630220804640634
2013-01-01,Ruhango,off,-0.23395830940212156
2013-02-01,Ruhango,off,-1.392266485521427
2013-03-01,Ruhango,A,1.4322572110604286
2013-04-01,Ruhango,A,0.3191733868784539
2013-05-01,Ruhango,A,-1.2841591770809635
2013-06-01,Ruhango,off,-1.2546591218716034
2013-07-01,Ruhango,off,-0.5918700303488984
2013-08-01,Ruhango,off,0.5630924185583636
2013-09-01,Ruhango,off,1.9950015484495207
2013-10-01,Ruhango,B,-0.7031956247852936
2013-11-01,Ruhango,B,-0.37190535064993807
2013-12-01,Ruhango,B,1.262688496186794
2014-01-01,Ruhango,off,-0.8018814991173083
2014-02-01,Ruhango,off,0.9672435487571808
2014-03-01,Ruhango,A,-0.044769271647051405
2014-04-01,Ruhango,A,-0.38310683948299334
2014-05-01,Ruhango,A,-1.7588557290184466
2014-06-01,Ruhango,off,-0.12851505771280097
2014-07-01,Ruhango,off,-0.6485204969919557
2014-08-01,Ruhango,off,-0.08539092210893139
2014-09-01,Ruhango,off,-0.30763788831548605
2014-10-01,Ruhango,B,-0.08851851748404112
2014-11-01,Ruhango,B,-0.06718459362805124
2014-12-01,Ruhango,B,-0.8327355438370088
2015-01-01,Ruhango,off,-1.7311482648461602
2015-02-01,Ruhango,off,-0.19098773797899057
2015-03-01,Ruhango,A,-0.13791689677428415
2015-04-01,Ruhango,A,0.27404643418321245
2015-05-01,Ruhango,A,0.06523659919974904
2015-06-01,Ruhango,off,0.06023607874199729
2015-07-01,Ruhango,off,-0.543940534178662
2015-08-01,Ruhango,off,-0.6969706341247491
2015-09-01,Ruhango,off,0.005539018048828753
2015-10-01,Ruhango,B,0.6027496538903121
2015-11-01,Ruhango,B,0.19396449272885194
2015-12-01,Ruhango,B,-0.7157918630851712
2016-01-01,Ruhango,off,0.6310457826377615
2016-02-01,Ruhango,off,-1.0337811435744486
2016-03-01,Ruhango,A,1.119715421391258
2016-04-01,Ruhango,A,0.5352113659873157
2016-05-01,Ruhango,A,-1.224893974476444
2016-06-01,Ruhango,off,-1.1275635578715453
2016-07-01,Ruhango,off,-0.3393671822309454
2016-08-01,Ruhango,off,-1.2518812444384355
2016-09-01,Ruhango,off,0.7161351564626952
2016-10-01,Ruhango,B,0.180196244740966
2016-11-01,Ruhango,B,0.8361004386324274
2016-12-01,Ruhango,B,-1.544990620385481
2017-01-01,Ruhango,off,-0.8459120327005281
2017-02-01,Ruhango,off,-0.39546091236671926
2017-03-01,Ruhango,A,-0.6230490817928117
2017-04-01,Ruhango,A,-0.5429594943172422
2017-05-01,Ruhango,A,0.894222962002524
2017-06-01,Ruhango,off,-1.1469254520125474
2017-07-01,Ruhango,off,-0.47441946469629237
2017-08-01,Ruhango,off,1.151102790207661
2017-09-01,Ruhango,off,1.1213804921543957
2017-10-01,Ruhango,B,0.367699137175184
2017-11-01,Ruhango,B,0.4347132378074119
2017-12-01,Ruhango,B,-0.8786173519524204
2018-01-01,Ruhango,off,0.9196325991573467
2018-02-01,Ruhango,off,-0.9187237486779106
2018-03-01,Ruhango,A,1.4994277219551448
2018-04-01,Ruhango,A,2.819083954282469
2018-05-01,Ruhango,A,0.7028900341119103
2018-06-01,Ruhango,off,-0.4595713884459481
2018-07-01,Ruhango,off,-0.31449395242805395
2018-08-01,Ruhango,off,0.7396286013158991
2018-09-01,Ruhango,off,-0.5260783670039275
2018-10-01,Ruhango,B,-0.6850680378994806
2018-11-01,Ruhango,B,-0.1839444762275498
2018-12-01,Ruhango,B,2.339183804919235
2019-01-01,Ruhango,off,0.9463047446234208
2019-02-01,Ruhango,off,-0.7333158547606137
2019-03-01,Ruhango,A,-1.1101926221479579
2019-04-01,Ruhango,A,0.0166304357996241
2019-05-01,Ruhango,A,1.2890746104370578
2019-06-01,Ruhango,off,-0.30824962648197407
2019-07-01,Ruhango,off,0.06532491808578142
2019-08-01,Ruhango,off,0.30163322223053113
2019-09-01,Ruhango,off,0.11424296461094251
2019-10-01,Ruhango,B,0.29962238641677136
2019-11-01,Ruhango,B,0.6262216514846198
2019-12-01,Ruhango,B,0.812713100676189
2020-01-01,Ruhango,off,1.1102322205324626
2020-02-01,Ruhango,off,1.6479537281232175
2020-03-01,Ruhango,A,-0.06181023129733906
2020-04-01,Ruhango,A,1.1926089961008612
2020-05-01,Ruhango,A,-1.203067125073028
2020-06-01,Ruhango,off,-0.8698031045384551
2020-07-01,Ruhango,off,-0.2860514989379667
2020-08-01,Ruhango,off,-1.4360950263582672
2020-09-01,Ruhango,off,0.07161492816152948
2020-10-01,Ruhango,B,1.6744012815985465
2020-11-01,Ruhango,B,0.15995069868665876
2020-12-01,Ruhango,B,1.2596662961882137
2021-01-01,Ruhango,off,0.0014659023642903714
2021-02-01,Ruhango,off,0.5936014662177542
2021-03-01,Ruhango,A,-0.3766078231022695
2021-04-01,Ruhango,A,-0.7305924481698166
2021-05-01,Ruhango,A,1.9018299800948717
2021-06-01,Ruhango,off,-1.2587487945237783
2021-07-01,Ruhango,off,-0.3596901823671466
2021-08-01,Ruhango,off,0.062091848276316884
2021-09-01,Ruhango,off,0.469362589009781
2021-10-01,Ruhango,B,1.0665550641391497
2021-11-01,Ruhango,B,-0.3634585414249973
2021-12-01,Ruhango,B,0.1411396230099379
2022-01-01,Ruhango,off,0.5992836571364073
2022-02-01,Ruhango,off,1.7414286526516283
2022-03-01,Ruhango,A,-0.26764789859233973
2022-04-01,Ruhango,A,0.17926339627170765
2022-05-01,Ruhango,A,0.8415781973060594
2022-06-01,Ruhango,off,-0.5320801096567751
2022-07-01,Ruhango,off,0.2694473016039251
2022-08-01,Ruhango,off,1.2288622047208047
2022-09-01,Ruhango,off,-0.7222768862306281
2022-10-01,Ruhango,B,-0.7510254629184009
2022-11-01,Ruhango,B,0.49240174500470274
2022-12-01,Ruhango,B,0.4669963882664799
2023-01-01,Ruhango,off,1.6579817616394403
2023-02-01,Ruhango,off,-1.6314934690881115
2023-03-01,Ruhango,A,0.4825047328947282
2023-04-01,Ruhango,A,1.381106910337791
2023-05-01,Ruhango,A,0.35832518293845905
2023-06-01,Ruhango,off,-1.309429717637273
2023-07-01,Ruhango,off,-0.6285234974497853
2023-08-01,Ruhango,off,-1.7076660462043012
2023-09-01,Ruhango,off,0.0869773320422964
2023-10-01,Ruhango,B,-0.7828841744956313
2023-11-01,Ruhango,B,-0.48432687855742157
2023-12-01,Ruhango,B,0.010487089285770359
2024-01-01,Ruhango,off,-0.2928968224801239
2024-02-01,Ruhango,off,-1.0143341945062463
2024-03-01,Ruhango,A,-1.250176385000684
2024-04-01,Ruhango,A,1.4092335391055004
2024-05-01,Ruhango,A,-1.4232879860113574
2024-06-01,Ruhango,off,-1.2404807218805023
2024-07-01,Ruhango,off,-0.528070082117681
2024-08-01,Ruhango,off,-0.8634421682984766
2024-09-01,Ruhango,off,-0.3648977891540915
2024-10-01,Ruhango,B,0.2923090857183946
2024-11-01,Ruhango,B,3.203897020627946
2024-12-01,Ruhango,B,-0.6111232086846644
2025-01-01,Ruhango,off,-0.1631574179445228
2025-02-01,Ruhango,off,-0.8796593453979723
2025-03-01,Ruhango,A,-1.2113996279750106
2025-04-01,Ruhango,A,1.4972843061665593
2025-05-01,Ruhango,A,-0.40009821858217026
2025-06-01,Ruhango,off,1.6916210926400364
2025-07-01,Ruhango,off,-0.030903138776143594
2025-08-01,Ruhango,off,1.0453063307380632
2025-09-01,Ruhango,off,-0.8350930369254326
2025-10-01,Ruhango,B,0.41953772662818745
2025-11-01,Ruhango,B,-0.7163820636409608
2025-12-01,Ruhango,B,0.43207541696064966
2026-01-01,Ruhango,off,2.520984335395099
2026-02-01,Ruhango,off,-0.15175048040867822
2026-03-01,Ruhango,A,0.1308760536410037
2026-04-01,Ruhango,A,-0.22833136861012654
2026-05-01,Ruhango,A,-1.6978250860932238
2026-06-01,Ruhango,off,-0.94597080265736
2026-07-01,Ruhango,off,-0.02919012508829996
2026-08-01,Ruhango,off,-1.5229045290754177
2026-09-01,Ruhango,off,-0.3482058472192838
1981-01-01,Rulindo,off,-0.002005122865102293
1981-02-01,Rulindo,off,-0.9291546579863855
1981-03-01,Rulindo,A,0.5321946304795088
1981-04-01,Rulindo,A,1.6578242308459377
1981-05-01,Rulindo,A,0.14293358878846313
1981-06-01,Rulindo,off,0.010386621806664324
1981-07-01,Rulindo,off,-0.006542134120070563
1981-08-01,Rulindo,off,1.0189171729037616
1981-09-01,Rulindo,off,0.6309189815899711
1981-10-01,Rulindo,B,0.047746772512605395
1981-11-01,Rulindo,B,-0.9370418542709661
1981-12-01,Rulindo,B,-0.1379508197764275
1982-01-01,Rulindo,off,0.5581605280249722
1982-02-01,Rulindo,off,-0.2702098362120834
1982-03-01,Rulindo,A,-0.8422931159653017
1982-04-01,Rulindo,A,0.9951798373585281
1982-05-01,Rulindo,A,0.4556088346833384
1982-06-01,Rulindo,off,0.937306825228855
1982-07-01,Rulindo,off,-0.3529666716375865
1982-08-01,Rulindo,off,-1.4712193680966892
1982-09-01,Rulindo,off,0.940574583174066
1982-10-01,Rulindo,B,0.6784921831400809
1982-11-01,Rulindo,B,1.0924291342370818
1982-12-01,Rulindo,B,0.20136874637709817
1983-01-01,Rulindo,off,-1.5539806535602816
1983-02-01,Rulindo,off,0.19609279402524887
1983-03-01,Rulindo,A,-0.026932123269100258
1983-04-01,Rulindo,A,0.7825946880766683
1983-05-01,Rulindo,A,-1.1740562186410546
1983-06-01,Rulindo,off,-0.6902145156225057
1983-07-01,Rulindo,off,0.06820735399246329
1983-08-01,Rulindo,off,0.8923747799778123
1983-09-01,Rulindo,off,-0.09329005610391662
1983-10-01,Rulindo,B,0.6127435426905464
1983-11-01,Rulindo,B,0.6293324949894308
1983-12-01,Rulindo,B,-0.6655972570782641
1984-01-01,Rulindo,off,0.106170276764089
1984-02-01,Rulindo,off,0.11628729429229083
1984-03-01,Rulindo,A,-0.4593588972513464
1984-04-01,Rulindo,A,-0.1608066636041906
1984-05-01,Rulindo,A,-2.0013752106898215
1984-06-01,Rulindo,off,-1.1465580780048927
1984-07-01,Rulindo,off,2.0349049847110776
1984-08-01,Rulindo,off,0.6695929606874337
1984-09-01,Rulindo,off,-1.0570423070308843
1984-10-01,Rulindo,B,0.07650003732080529
1984-11-01,Rulindo,B,0.055369730444406226
1984-12-01,Rulindo,B,-0.43959871121471095
1985-01-01,Rulindo,off,-0.1799628183317497
1985-02-01,Rulindo,off,0.2887300372799187
1985-03-01,Rulindo,A,-0.5425266195270205
1985-04-01,Rulindo,A,1.7490300558536966
1985-05-01,Rulindo,A,-1.2461098053816342
1985-06-01,Rulindo,off,-0.12777185387627518
1985-07-01,Rulindo,off,-0.2805776352632572
1985-08-01,Rulindo,off,-1.727381584725194
1985-09-01,Rulindo,off,0.9391054516547221
1985-10-01,Rulindo,B,0.438596926006518
1985-11-01,Rulindo,B,1.3616279882273428
1985-12-01,Rulindo,B,-0.37186524706216817
1986-01-01,Rulindo,off,-0.37558614054050427
1986-02-01,Rulindo,off,0.41751985951386816
1986-03-01,Rulindo,A,-0.8361909718896849
1986-04-01,Rulindo,A,1.1855796258895122
1986-05-01,Rulindo,A,-0.022064528609083964
1986-06-01,Rulindo,off,-0.3317146983721057
1986-07-01,Rulindo,off,-0.480019847832283
1986-08-01,Rulindo,off,-1.6334415261229054
1986-09-01,Rulindo,off,-0.7209187112776735
1986-10-01,Rulindo,B,0.01610196472986988
1986-11-01,Rulindo,B,0.18988440395632636
1986-12-01,Rulindo,B,0.49726104178985076
1987-01-01,Rulindo,off,1.2244536966276438
1987-02-01,Rulindo,off,0.1929902530816831
1987-03-01,Rulindo,A,-0.21201112824917048
1987-04-01,Rulindo,A,-0.5413973983510693
1987-05-01,Rulindo,A,1.6045569547800806
1987-06-01,Rulindo,off,0.4954513382907566
1987-07-01,Rulindo,off,-0.5991017999248718
1987-08-01,Rulindo,off,-0.6031489655003728
1987-09-01,Rulindo,off,1.329377441686865
1987-10-01,Rulindo,B,-0.557790079425676
1987-11-01,Rulindo,B,1.1656972932438576
1987-12-01,Rulindo,B,-1.329987986376112
1988-01-01,Rulindo,off,-0.033955820076538516
1988-02-01,Rulindo,off,0.6311912662945942
1988-03-01,Rulindo,A,0.4603236233592074
1988-04-01,Rulindo,A,0.9809072739506847
1988-05-01,Rulindo,A,-0.4740809892070067
1988-06-01,Rulindo,off,-1.216232676517676
1988-07-01,Rulindo,off,1.7331132620657048
1988-08-01,Rulindo,off,2.7030125736397856
1988-09-01,Rulindo,off,1.0945704242673175
1988-10-01,Rulindo,B,0.4020998906017697
1988-11-01,Rulindo,B,0.1624894999351949
1988-12-01,Rulindo,B,-0.8633383385403111
1989-01-01,Rulindo,off,0.061610007117186824
1989-02-01,Rulindo,off,-0.6726689225216924
1989-03-01,Rulindo,A,0.14696900498282367
1989-04-01,Rulindo,A,-0.0526780160538143
1989-05-01,Rulindo,A,-0.2440577734041411
1989-06-01,Rulindo,off,0.12268530720724365
1989-07-01,Rulindo,off,-0.052833329853190183
1989-08-01,Rulindo,off,-0.5049216633684425
1989-09-01,Rulindo,off,-0.14339734625011527
1989-10-01,Rulindo,B,-0.22853282841368172
1989-11-01,Rulindo,B,-0.280172692468759
1989-12-01,Rulindo,B,1.5275044919200966
1990-01-01,Rulindo,off,0.03053312877577301
1990-02-01,Rulindo,off,2.985618058446398
1990-03-01,Rulindo,A,-0.1318003762466419
1990-04-01,Rulindo,A,1.2836415509464847
1990-05-01,Rulindo,A,-0.6517094885706477
1990-06-01,Rulindo,off,-1.2159185379776016
1990-07-01,Rulindo,off,-0.3069759014974331
1990-08-01,Rulindo,off,-0.5294691726346353
1990-09-01,Rulindo,off,0.6691049078290666
1990-10-01,Rulindo,B,-0.43137297054567186
1990-11-01,Rulindo,B,0.2219811307150113
1990-12-01,Rulindo,B,0.24988282684363
1991-01-01,Rulindo,off,-0.25698558225648105
1991-02-01,Rulindo,off,-0.20116011055366795
1991-03-01,Rulindo,A,-1.0552968569594416
1991-04-01,Rulindo,A,-0.20493238756532814
1991-05-01,Rulindo,A,2.0631236793562873
1991-06-01,Rulindo,off,-0.1728031979388603
1991-07-01,Rulindo,off,0.10117945766808206
1991-08-01,Rulindo,off,-0.9934933086697812
1991-09-01,Rulindo,off,-0.9758283649071409
1991-10-01,Rulindo,B,1.0048855518459467
1991-11-01,Rulindo,B,-0.8320397373179278
1991-12-01,Rulindo,B,0.42209838311455455
1992-01-01,Rulindo,off,-1.1636060031770326
1992-02-01,Rulindo,off,-0.8616997960985335
1992-03-01,Rulindo,A,-0.5406580197204673
1992-04-01,Rulindo,A,0.27360068680250504
1992-05-01,Rulindo,A,-1.141710908699555
1992-06-01,Rulindo,off,1.2626573269751056
1992-07-01,Rulindo,off,-0.2554775422506371
1992-08-01,Rulindo,off,-1.790127868781702
1992-09-01,Rulindo,off,-0.1263595270397726
1992-10-01,Rulindo,B,0.11587944883505802
1992-11-01,Rulindo,B,-0.852703281086527
1992-12-01,Rulindo,B,0.6652249228211776
1993-01-01,Rulindo,off,1.500100847896102
1993-02-01,Rulindo,off,0.41208376982015826
1993-03-01,Rulindo,A,-1.0222550573635454
1993-04-01,Rulindo,A,-0.9547152285614002
1993-05-01,Rulindo,A,0.12933507275659786
1993-06-01,Rulindo,off,-0.9432290719764185
1993-07-01,Rulindo,off,-0.5054369286899402
1993-08-01,Rulindo,off,1.6777638270512634
1993-09-01,Rulindo,off,-1.7175030444180075
1993-10-01,Rulindo,B,-1.4441451122636755
1993-11-01,Rulindo,B,-0.25040607821977545
1993-12-01,Rulindo,B,-0.8287628658654566
1994-01-01,Rulindo,off,1.133027984246232
1994-02-01,Rulindo,off,-0.5113563010573033
1994-03-01,Rulindo,A,0.6919185990178618
1994-04-01,Rulindo,A,-0.5400289316022024
1994-05-01,Rulindo,A,0.5693486494451211
1994-06-01,Rulindo,off,-0.9643501052722443
1994-07-01,Rulindo,off,-0.031573075461675024
1994-08-01,Rulindo,off,1.0282430867783046
1994-09-01,Rulindo,off,-0.3277209759398839
1994-10-01,Rulindo,B,-0.7339845139969734
1994-11-01,Rulindo,B,0.6784799108527862
1994-12-01,Rulindo,B,0.8138932359412814
1995-01-01,Rulindo,off,-0.019807686990306318
1995-02-01,Rulindo,off,-0.660511333091503
1995-03-01,Rulindo,A,-0.18045579077658877
1995-04-01,Rulindo,A,0.34816318794288964
1995-05-01,Rulindo,A,0.2725996203205701
1995-06-01,Rulindo,off,4.701627979825225
1995-07-01,Rulindo,off,-0.5417552155623576
1995-08-01,Rulindo,off,-1.7422977602365264
1995-09-01,Rulindo,off,-0.2480790604607818
1995-10-01,Rulindo,B,-0.3022545391441941
1995-11-01,Rulindo,B,0.30222396140937186
1995-12-01,Rulindo,B,-1.4027789881813266
1996-01-01,Rulindo,off,-0.9016644783296337
1996-02-01,Rulindo,off,0.21766037850527947
1996-03-01,Rulindo,A,-0.029282639790373502
1996-04-01,Rulindo,A,-0.3375300124147669
1996-05-01,Rulindo,A,-0.9574947415602685
1996-06-01,Rulindo,off,0.7209110346980981
1996-07-01,Rulindo,off,2.0114496556563144
1996-08-01,Rulindo,off,3.003956804139271
1996-09-01,Rulindo,off,0.5214802620351415
1996-10-01,Rulindo,B,-1.2829146084086176
1996-11-01,Rulindo,B,-0.7128221070856338
1996-12-01,Rulindo,B,-0.8030507592212421
1997-01-01,Rulindo,off,1.52100925047511
1997-02-01,Rulindo,off,-1.4492350487548047
1997-03-01,Rulindo,A,-0.4776900341260982
1997-04-01,Rulindo,A,0.5056818371259917
1997-05-01,Rulindo,A,-0.8738937648568854
1997-06-01,Rulindo,off,0.18467958818456776
1997-07-01,Rulindo,off,-0.20847457519755042
1997-08-01,Rulindo,off,-0.09560176018267669
1997-09-01,Rulindo,off,0.7864359780291413
1997-10-01,Rulindo,B,0.7977486151433337
1997-11-01,Rulindo,B,0.5011446124399401
1997-12-01,Rulindo,B,0.7847890264026787
1998-01-01,Rulindo,off,2.1023757792293027
1998-02-01,Rulindo,off,1.9426074170256085
1998-03-01,Rulindo,A,-0.013329946894156782
1998-04-01,Rulindo,A,0.20060412952088677
1998-05-01,Rulindo,A,0.7634994999380774
1998-06-01,Rulindo,off,1.0038138716900753
1998-07-01,Rulindo,off,0.09303163001603011
1998-08-01,Rulindo,off,-1.0958587193618405
1998-09-01,Rulindo,off,-0.03085744103909899
1998-10-01,Rulindo,B,0.16706051076174527
1998-11-01,Rulindo,B,-0.8773694046773091
1998-12-01,Rulindo,B,-1.269859391871054
1999-01-01,Rulindo,off,0.06272077717597939
1999-02-01,Rulindo,off,-1.9140128419600304
1999-03-01,Rulindo,A,0.8425435309233048
1999-04-01,Rulindo,A,-0.8377713330181326
1999-05-01,Rulindo,A,-1.6983522788253036
1999-06-01,Rulindo,off,-0.7035517920083121
1999-07-01,Rulindo,off,-0.5479995687688304
1999-08-01,Rulindo,off,1.7136126615842298
1999-09-01,Rulindo,off,-0.17746656039519032
1999-10-01,Rulindo,B,-1.194622800668474
1999-11-01,Rulindo,B,0.11422426944033061
1999-12-01,Rulindo,B,-0.09353660101988379
2000-01-01,Rulindo,off,-0.9404270846844696
2000-02-01,Rulindo,off,-1.2190291999738898
2000-03-01,Rulindo,A,-0.9916924518890926
2000-04-01,Rulindo,A,-1.129140660941203
2000-05-01,Rulindo,A,-0.7538996403285891
2000-06-01,Rulindo,off,-0.9764640160312202
2000-07-01,Rulindo,off,-0.056192297571884466
2000-08-01,Rulindo,off,-1.3041093608006435
2000-09-01,Rulindo,off,-1.646642153257577
2000-10-01,Rulindo,B,0.24593823624680253
2000-11-01,Rulindo,B,0.6499082118672191
2000-12-01,Rulindo,B,-0.19494197735578836
2001-01-01,Rulindo,off,0.1943084674819685
2001-02-01,Rulindo,off,-0.5330262790995852
2001-03-01,Rulindo,A,1.4448640831505781
2001-04-01,Rulindo,A,-0.8101303963156345
2001-05-01,Rulindo,A,-0.9496963752925912
2001-06-01,Rulindo,off,-1.157462634887661
2001-07-01,Rulindo,off,1.4536746249880808
2001-08-01,Rulindo,off,0.14656242944053754
2001-09-01,Rulindo,off,0.4047818655955335
2001-10-01,Rulindo,B,1.6031949443214866
2001-11-01,Rulindo,B,1.0043242494397644
2001-12-01,Rulindo,B,0.11372316527121545
2002-01-01,Rulindo,off,0.3328330735168934
2002-02-01,Rulindo,off,-0.682680579795583
2002-03-01,Rulindo,A,-0.2996505305251899
2002-04-01,Rulindo,A,-0.5336032153326258
2002-05-01,Rulindo,A,1.5721590767627447
2002-06-01,Rulindo,off,-1.3458478580941673
2002-07-01,Rulindo,off,-0.21728031483567664
2002-08-01,Rulindo,off,-1.2708204400248555
2002-09-01,Rulindo,off,-1.3012717091746624
2002-10-01,Rulindo,B,-0.2771006188123463
2002-11-01,Rulindo,B,-0.3897720082422786
2002-12-01,Rulindo,B,0.907348784641187
2003-01-01,Rulindo,off,-0.49948897790051267
2003-02-01,Rulindo,off,-1.0422698239964379
2003-03-01,Rulindo,A,-0.9023358791601787
2003-04-01,Rulindo,A,0.2020246307678821
2003-05-01,Rulindo,A,0.6731331420674721
2003-06-01,Rulindo,off,0.1298109173569963
2003-07-01,Rulindo,off,0.11228143830297754
2003-08-01,Rulindo,off,1.0377081150329936
2003-09-01,Rulindo,off,0.7867176430298789
2003-10-01,Rulindo,B,0.2039349990374533
2003-11-01,Rulindo,B,-0.3064613831847269
2003-12-01,Rulindo,B,-1.210706775024079
2004-01-01,Rulindo,off,0.5060569956128043
2004-02-01,Rulindo,off,0.5891515750562035
2004-03-01,Rulindo,A,-0.11564276816727068
2004-04-01,Rulindo,A,0.5144967009429328
2004-05-01,Rulindo,A,-1.2376040751458615
2004-06-01,Rulindo,off,-1.329421668339469
2004-07-01,Rulindo,off,-0.14951023658078044
2004-08-01,Rulindo,off,-0.9603689859454957
2004-09-01,Rulindo,off,0.4859126763123
2004-10-01,Rulindo,B,-0.4066005796184739
2004-11-01,Rulindo,B,1.4519022932716863
2004-12-01,Rulindo,B,0.8888752572191582
2005-01-01,Rulindo,off,-0.49966775844750655
2005-02-01,Rulindo,off,-0.2962106510827866
2005-03-01,Rulindo,A,0.5357477671263084
2005-04-01,Rulindo,A,-0.7611404925918133
2005-05-01,Rulindo,A,0.09085302156086629
2005-06-01,Rulindo,off,-0.864084013387873
2005-07-01,Rulindo,off,-0.6252268316861034
2005-08-01,Rulindo,off,1.7657891874269145
2005-09-01,Rulindo,off,1.3753475516981462
2005-10-01,Rulindo,B,1.4244518117964433
2005-11-01,Rulindo,B,-1.2753831163675997
2005-12-01,Rulindo,B,-1.4787561852432378
2006-01-01,Rulindo,off,-0.5347076144735805
2006-02-01,Rulindo,off,0.3178979346538029
2006-03-01,Rulindo,A,-0.13858155131403455
2006-04-01,Rulindo,A,0.672735093096966
2006-05-01,Rulindo,A,0.8894161342706622
2006-06-01,Rulindo,off,-0.9921873238705742
2006-07-01,Rulindo,off,0.6480308720578013
2006-08-01,Rulindo,off,2.351296727403971
2006-09-01,Rulindo,off,-1.2721740839849816
2006-10-01,Rulindo,B,-1.0037556407511026
2006-11-01,Rulindo,B,1.392661881548563
2006-12-01,Rulindo,B,2.392173891545849
2007-01-01,Rulindo,off,0.15957840667342194
2007-02-01,Rulindo,off,0.7204320740038826
2007-03-01,Rulindo,A,-0.5763099213927987
2007-04-01,Rulindo,A,-0.22874398645602448
2007-05-01,Rulindo,A,3.531356963313993
2007-06-01,Rulindo,off,0.8533008843878658
2007-07-01,Rulindo,off,1.9583680112752289
2007-08-01,Rulindo,off,-0.12021531569762199
2007-09-01,Rulindo,off,0.5447609831205894
2007-10-01,Rulindo,B,-0.618187298292278
2007-11-01,Rulindo,B,-0.24764450410346422
2007-12-01,Rulindo,B,-1.0255976762612522
2008-01-01,Rulindo,off,-0.7909405941777801
2008-02-01,Rulindo,off,-0.6270206452410397
2008-03-01,Rulindo,A,-0.1333550509442045
2008-04-01,Rulindo,A,-1.0989143161386168
2008-05-01,Rulindo,A,-0.08101395906467929
2008-06-01,Rulindo,off,1.6253270006592877
2008-07-01,Rulindo,off,-0.4606637828804743
2008-08-01,Rulindo,off,0.49000999819239477
2008-09-01,Rulindo,off,-0.874076056345201
2008-10-01,Rulindo,B,-0.5506826642757818
2008-11-01,Rulindo,B,-0.8723738580828058
2008-12-01,Rulindo,B,-0.8719560133793166
2009-01-01,Rulindo,off,-0.4474233721918611
2009-02-01,Rulindo,off,2.557837967281314
2009-03-01,Rulindo,A,-0.31619222918221335
2009-04-01,Rulindo,A,-0.09283515976435293
2009-05-01,Rulindo,A,1.1353883719551106
2009-06-01,Rulindo,off,-0.7532920767350831
2009-07-01,Rulindo,off,-0.6007555706744482
2009-08-01,Rulindo,off,-1.0660974408899413
2009-09-01,Rulindo,off,-1.4645759734651735
2009-10-01,Rulindo,B,0.17708781253404846
2009-11-01,Rulindo,B,-0.4687990714563766
2009-12-01,Rulindo,B,-0.7219658575305107
2010-01-01,Rulindo,off,0.6975643847509928
2010-02-01,Rulindo,off,4.439974811043028
2010-03-01,Rulindo,A,0.05362551827324662
2010-04-01,Rulindo,A,-0.3019908983984486
2010-05-01,Rulindo,A,-0.5970011685160204
2010-06-01,Rulindo,off,0.7049010248844378
2010-07-01,Rulindo,off,-0.09331132451137553
2010-08-01,Rulindo,off,-1.8775337667809484
2010-09-01,Rulindo,off,0.23331298729826358
2010-10-01,Rulindo,B,-0.15907968599301434
2010-11-01,Rulindo,B,-0.6742020726944962
2010-12-01,Rulindo,B,0.8076655730455287
2011-01-01,Rulindo,off,0.1909071657078864
2011-02-01,Rulindo,off,0.58960752787963
2011-03-01,Rulindo,A,0.06539639192345888
2011-04-01,Rulindo,A,-0.5065299199394879
2011-05-01,Rulindo,A,0.06392991762110337
2011-06-01,Rulindo,off,2.8448331532091453
2011-07-01,Rulindo,off,0.37730837624950125
2011-08-01,Rulindo,off,1.5654939975331568
2011-09-01,Rulindo,off,2.4198052131780394
2011-10-01,Rulindo,B,0.8934136557761687
2011-11-01,Rulindo,B,0.3820762132211463
2011-12-01,Rulindo,B,-0.3942454170343991
2012-01-01,Rulindo,off,-0.8817765964758109
2012-02-01,Rulindo,off,-0.7235876883184591
2012-03-01,Rulindo,A,-0.5530340451929429
2012-04-01,Rulindo,A,1.022443043729659
2012-05-01,Rulindo,A,1.6426263369760963
2012-06-01,Rulindo,off,0.07309549139425538
2012-07-01,Rulindo,off,-0.31057957862477664
2012-08-01,Rulindo,off,1.0987247535897842
2012-09-01,Rulindo,off,0.4206765052370713
2012-10-01,Rulindo,B,0.6500948039918641
2012-11-01,Rulindo,B,0.13725854165379928
2012-12-01,Rulindo,B,0.4301864073770413
2013-01-01,Rulindo,off,-0.20148380013472322
2013-02-01,Rulindo,off,-0.5117680949895784
2013-03-01,Rulindo,A,1.2133017090899112
2013-04-01,Rulindo,A,-0.2346314508764224
2013-05-01,Rulindo,A,-1.1367096528235712
2013-06-01,Rulindo,off,-1.3173529942986166
2013-07-01,Rulindo,off,-0.5711876394209837
2013-08-01,Rulindo,off,-0.517209328372398
2013-09-01,Rulindo,off,0.7124068091514639
2013-10-01,Rulindo,B,-0.627182244585822
2013-11-01,Rulindo,B,0.20466499737194077
2013-12-01,Rulindo,B,0.9534617440765756
2014-01-01,Rulindo,off,-0.8502968029351916
2014-02-01,Rulindo,off,0.3462252337057909
2014-03-01,Rulindo,A,-0.057574637341170756
2014-04-01,Rulindo,A,-0.46884651718621245
2014-05-01,Rulindo,A,-1.8642246526265944
2014-06-01,Rulindo,off,-0.3021482184500086
2014-07-01,Rulindo,off,-0.5623623068094025
2014-08-01,Rulindo,off,-0.2741686626621723
2014-09-01,Rulindo,off,-0.05952870562506412
2014-10-01,Rulindo,B,-0.15834948489899722
2014-11-01,Rulindo,B,-0.26250625468853467
2014-12-01,Rulindo,B,-0.7716813842516098
2015-01-01,Rulindo,off,-1.7444369052843736
2015-02-01,Rulindo,off,-0.4588395874108185
2015-03-01,Rulindo,A,-0.18383818255668333
2015-04-01,Rulindo,A,0.38576718366159257
2015-05-01,Rulindo,A,-0.8616601299316876
2015-06-01,Rulindo,off,0.8741142567769984
2015-07-01,Rulindo,off,-0.4047642079055113
2015-08-01,Rulindo,off,-1.2183942104861694
2015-09-01,Rulindo,off,-0.2279754531394321
2015-10-01,Rulindo,B,0.13141125563484818
2015-11-01,Rulindo,B,0.249575432725791
2015-12-01,Rulindo,B,-0.6310695502798707
2016-01-01,Rulindo,off,0.7202497078146877
2016-02-01,Rulindo,off,-1.3561904082481775
2016-03-01,Rulindo,A,0.9468223299347652
2016-04-01,Rulindo,A,0.6147688115838554
2016-05-01,Rulindo,A,-1.6382163422909766
2016-06-01,Rulindo,off,-1.1194520102689012
2016-07-01,Rulindo,off,-0.1424889408730295
2016-08-01,Rulindo,off,-1.6519365247119224
2016-09-01,Rulindo,off,0.5234730573891138
2016-10-01,Rulindo,B,1.3685727155339305
2016-11-01,Rulindo,B,0.6308400654468914
2016-12-01,Rulindo,B,-0.9304763406417756
2017-01-01,Rulindo,off,-0.9803888749243891
2017-02-01,Rulindo,off,-0.8299164822142386
2017-03-01,Rulindo,A,-0.5977464058298614
2017-04-01,Rulindo,A,-0.26823843732421904
2017-05-01,Rulindo,A,0.0007062949466145056
2017-06-01,Rulindo,off,-1.173836384625172
2017-07-01,Rulindo,off,-0.1725716678996087
2017-08-01,Rulindo,off,0.4104505418123573
2017-09-01,Rulindo,off,0.8902656540118433
2017-10-01,Rulindo,B,0.6758255751843211
2017-11-01,Rulindo,B,-0.06043450714293226
2017-12-01,Rulindo,B,-0.8098315607842389
2018-01-01,Rulindo,off,0.8434766516198452
2018-02-01,Rulindo,off,-1.2246603763493638
2018-03-01,Rulindo,A,1.7187845235967145
2018-04-01,Rulindo,A,2.681726878263132
2018-05-01,Rulindo,A,0.6330205841102517
2018-06-01,Rulindo,off,-0.427103665898588
2018-07-01,Rulindo,off,-0.5946525088451731
2018-08-01,Rulindo,off,0.066260521022297
2018-09-01,Rulindo,off,-0.8377701911618366
2018-10-01,Rulindo,B,-0.6974807234984359
2018-11-01,Rulindo,B,-0.21492542297719427
2018-12-01,Rulindo,B,1.8256405349546607
2019-01-01,Rulindo,off,1.1383066578443937
2019-02-01,Rulindo,off,-0.7644208216278359
2019-03-01,Rulindo,A,-1.1616321284886018
2019-04-01,Rulindo,A,0.051290368789976885
2019-05-01,Rulindo,A,1.534541955032414
2019-06-01,Rulindo,off,0.21862351828369736
2019-07-01,Rulindo,off,-0.23991649539242355
2019-08-01,Rulindo,off,0.1550501567644263
2019-09-01,Rulindo,off,-0.20437660235265082
2019-10-01,Rulindo,B,-0.037088027940693866
2019-11-01,Rulindo,B,0.3644496870535139
2019-12-01,Rulindo,B,0.253428706833595
2020-01-01,Rulindo,off,1.6722333901471447
2020-02-01,Rulindo,off,1.347203995465841
2020-03-01,Rulindo,A,-0.35447872414779763
2020-04-01,Rulindo,A,1.1443254143957335
2020-05-01,Rulindo,A,-1.8755432231249054
2020-06-01,Rulindo,off,-0.9584003296470534
2020-07-01,Rulindo,off,-0.5120517448993919
2020-08-01,Rulindo,off,-1.5317240281706648
2020-09-01,Rulindo,off,-0.9229118201406044
2020-10-01,Rulindo,B,1.8373127287434714
2020-11-01,Rulindo,B,-0.0762958515354635
2020-12-01,Rulindo,B,1.2055306833440156
2021-01-01,Rulindo,off,0.7699917426763434
2021-02-01,Rulindo,off,0.635132698111388
2021-03-01,Rulindo,A,-0.30877341808166586
2021-04-01,Rulindo,A,-0.3669222898866096
2021-05-01,Rulindo,A,1.6578673012385639
2021-06-01,Rulindo,off,-1.0703417741002694
2021-07-01,Rulindo,off,0.15923089818346148
2021-08-01,Rulindo,off,-0.26590866630425086
2021-09-01,Rulindo,off,0.33138601077157165
2021-10-01,Rulindo,B,1.02413688616514
2021-11-01,Rulindo,B,-0.8616672798729808
2021-12-01,Rulindo,B,0.48032483711830587
2022-01-01,Rulindo,off,0.37568273571671457
2022-02-01,Rulindo,off,2.0778497731447603
2022-03-01,Rulindo,A,-0.3567586590097974
2022-04-01,Rulindo,A,-0.49710764193079876
2022-05-01,Rulindo,A,1.0981931394472988
2022-06-01,Rulindo,off,-0.5029893010257289
2022-07-01,Rulindo,off,-0.09111351793026122
2022-08-01,Rulindo,off,1.6124674577389673
2022-09-01,Rulindo,off,-0.2163650156345977
2022-10-01,Rulindo,B,-0.9437377209343312
2022-11-01,Rulindo,B,0.372545128046149
2022-12-01,Rulindo,B,0.3972400648331875
2023-01-01,Rulindo,off,1.3660044352782839
2023-02-01,Rulindo,off,-1.8236697480775135
2023-03-01,Rulindo,A,0.5838505872382737
2023-04-01,Rulindo,A,0.99780237179557
2023-05-01,Rulindo,A,0.8823236166103876
2023-06-01,Rulindo,off,-1.2805416816235895
2023-07-01,Rulindo,off,-0.4750918308325614
2023-08-01,Rulindo,off,-2.0953093679226544
2023-09-01,Rulindo,off,0.36419751822849955
2023-10-01,Rulindo,B,-1.027240167178072
2023-11-01,Rulindo,B,0.4570506576955625
2023-12-01,Rulindo,B,0.1488536121206305
2024-01-01,Rulindo,off,-0.41563715564483195
2024-02-01,Rulindo,off,-1.5437518941883757
2024-03-01,Rulindo,A,-1.1234544833755415
2024-04-01,Rulindo,A,0.6806216917745137
2024-05-01,Rulindo,A,-1.040032137817394
2024-06-01,Rulindo,off,-1.270088467452846
2024-07-01,Rulindo,off,-0.2335871966147644
2024-08-01,Rulindo,off,-1.1806936692168988
2024-09-01,Rulindo,off,-0.2591199571196142
2024-10-01,Rulindo,B,0.16571157295700792
2024-11-01,Rulindo,B,3.203848139737054
2024-12-01,Rulindo,B,-0.5120279900198117
2025-01-01,Rulindo,off,-0.1641152295725435
2025-02-01,Rulindo,off,-1.2540974423340538
2025-03-01,Rulindo,A,-1.3328191283540507
2025-04-01,Rulindo,A,1.3857586132299222
2025-05-01,Rulindo,A,0.05951514901914093
2025-06-01,Rulindo,off,2.5231292922673227
2025-07-01,Rulindo,off,-0.24773665297371392
2025-08-01,Rulindo,off,1.087444429941615
2025-09-01,Rulindo,off,-1.1352192528967684
2025-10-01,Rulindo,B,0.6165668617457981
2025-11-01,Rulindo,B,-0.7902208832215115
2025-12-01,Rulindo,B,0.9477555573468469
2026-01-01,Rulindo,off,1.8838343019879933
2026-02-01,Rulindo,off,-0.0657314397702786
2026-03-01,Rulindo,A,0.03772831745870885
2026-04-01,Rulindo,A,0.03718510333684173
2026-05-01,Rulindo,A,-1.6782304018032166
2026-06-01,Rulindo,off,-1.2559352547068292
2026-07-01,Rulindo,off,0.24191164542773924
2026-08-01,Rulindo,off,-1.9545657189138192
2026-09-01,Rulindo,off,-1.1035310225601198
1981-01-01,Rusizi,off,0.24738299525483276
1981-02-01,Rusizi,off,-0.003101119239686127
1981-03-01,Rusizi,A,-0.014471085315320521
1981-04-01,Rusizi,A,0.9746763081413141
1981-05-01,Rusizi,A,1.1275189121869487
1981-06-01,Rusizi,off,-0.43604714980320347
1981-07-01,Rusizi,off,0.0200634034495049
1981-08-01,Rusizi,off,2.594947176979604
1981-09-01,Rusizi,off,1.1813149431220706
1981-10-01,Rusizi,B,0.5614552845682614
1981-11-01,Rusizi,B,-0.17245397426769193
1981-12-01,Rusizi,B,-0.7590159967181278
1982-01-01,Rusizi,off,1.3240474782525113
1982-02-01,Rusizi,off,0.10359316224866782
1982-03-01,Rusizi,A,-0.8590399895726148
1982-04-01,Rusizi,A,0.5468168005912069
1982-05-01,Rusizi,A,0.5531797862170059
1982-06-01,Rusizi,off,0.18568417250417676
1982-07-01,Rusizi,off,-0.5372518263694965
1982-08-01,Rusizi,off,-0.46664713400053115
1982-09-01,Rusizi,off,1.0040688341585364
1982-10-01,Rusizi,B,1.3000328710347002
1982-11-01,Rusizi,B,2.1850013891246736
1982-12-01,Rusizi,B,-0.11166548343925708
1983-01-01,Rusizi,off,-1.2572793655386263
1983-02-01,Rusizi,off,0.1798976026550829
1983-03-01,Rusizi,A,1.3574328976994103
1983-04-01,Rusizi,A,1.5103385692019502
1983-05-01,Rusizi,A,-0.3567601859244246
1983-06-01,Rusizi,off,-0.8892958679677758
1983-07-01,Rusizi,off,-0.10820611113919008
1983-08-01,Rusizi,off,1.8891372934850885
1983-09-01,Rusizi,off,-0.2321576377237129
1983-10-01,Rusizi,B,1.0447206920059
1983-11-01,Rusizi,B,0.5347867783716361
1983-12-01,Rusizi,B,0.02497298523699766
1984-01-01,Rusizi,off,0.40749150853573524
1984-02-01,Rusizi,off,0.2939500165472971
1984-03-01,Rusizi,A,-0.05475444413560054
1984-04-01,Rusizi,A,0.34435230457319577
1984-05-01,Rusizi,A,-2.0518141387756983
1984-06-01,Rusizi,off,-1.5208747867996064
1984-07-01,Rusizi,off,2.7021055169856645
1984-08-01,Rusizi,off,0.6456844126135273
1984-09-01,Rusizi,off,-1.205750768751488
1984-10-01,Rusizi,B,0.4859831629369762
1984-11-01,Rusizi,B,0.6292725411850816
1984-12-01,Rusizi,B,-0.060647356829507726
1985-01-01,Rusizi,off,-0.26593054161243146
1985-02-01,Rusizi,off,-0.5956079964653381
1985-03-01,Rusizi,A,0.20015745368814972
1985-04-01,Rusizi,A,1.9302569269130043
1985-05-01,Rusizi,A,-0.8340685871470288
1985-06-01,Rusizi,off,0.5831537937997051
1985-07-01,Rusizi,off,-0.6704997335809435
1985-08-01,Rusizi,off,-2.0246008763688863
1985-09-01,Rusizi,off,0.9040337740075594
1985-10-01,Rusizi,B,0.047911922221588785
1985-11-01,Rusizi,B,0.6988437997380433
1985-12-01,Rusizi,B,-0.42035568516404276
1986-01-01,Rusizi,off,0.7541599609521145
1986-02-01,Rusizi,off,0.3800359723609286
1986-03-01,Rusizi,A,-0.23130286814713297
1986-04-01,Rusizi,A,1.4835126299061052
1986-05-01,Rusizi,A,0.3247523935258521
1986-06-01,Rusizi,off,0.06466699599942695
1986-07-01,Rusizi,off,-1.009583912910731
1986-08-01,Rusizi,off,-1.3976834382861558
1986-09-01,Rusizi,off,-0.34182124582068857
1986-10-01,Rusizi,B,1.0159031491474126
1986-11-01,Rusizi,B,0.21352347605795918
1986-12-01,Rusizi,B,-0.418348103393756
1987-01-01,Rusizi,off,-0.04857596937932555
1987-02-01,Rusizi,off,0.4556291437575506
1987-03-01,Rusizi,A,1.4484535383812012
1987-04-01,Rusizi,A,0.6850240375718603
1987-05-01,Rusizi,A,1.633006328113078
1987-06-01,Rusizi,off,-0.3602999074423309
1987-07-01,Rusizi,off,-0.7161115471612219
1987-08-01,Rusizi,off,-0.6433964084703404
1987-09-01,Rusizi,off,1.7591543355366017
1987-10-01,Rusizi,B,1.1391241180054037
1987-11-01,Rusizi,B,1.59323978299931
1987-12-01,Rusizi,B,-0.5741437460851314
1988-01-01,Rusizi,off,0.28384992433203
1988-02-01,Rusizi,off,2.4731377369238126
1988-03-01,Rusizi,A,1.1169982304389043
1988-04-01,Rusizi,A,0.6583105845996957
1988-05-01,Rusizi,A,-0.5143033966775369
1988-06-01,Rusizi,off,-1.406941183400495
1988-07-01,Rusizi,off,-0.14478016390252618
1988-08-01,Rusizi,off,3.050696187791594
1988-09-01,Rusizi,off,0.7239004622926225
1988-10-01,Rusizi,B,0.16588838644205178
1988-11-01,Rusizi,B,1.0354502920994821
1988-12-01,Rusizi,B,-0.8429294648171599
1989-01-01,Rusizi,off,0.5738681126349259
1989-02-01,Rusizi,off,-0.2580011624723857
1989-03-01,Rusizi,A,0.8615945574569673
1989-04-01,Rusizi,A,-0.7330940522686136
1989-05-01,Rusizi,A,-0.8279685191851259
1989-06-01,Rusizi,off,-0.5425622895128109
1989-07-01,Rusizi,off,1.1388000430418976
1989-08-01,Rusizi,off,0.5246397130653209
1989-09-01,Rusizi,off,0.18581992919003848
1989-10-01,Rusizi,B,0.7894210774239024
1989-11-01,Rusizi,B,0.4539423780675479
1989-12-01,Rusizi,B,0.48634727376486825
1990-01-01,Rusizi,off,-0.4720149599418027
1990-02-01,Rusizi,off,2.7005573215915932
1990-03-01,Rusizi,A,0.5040658992865902
1990-04-01,Rusizi,A,0.36231197774843177
1990-05-01,Rusizi,A,-0.3416161039617321
1990-06-01,Rusizi,off,-1.7487222337950008
1990-07-01,Rusizi,off,-0.7239171145517344
1990-08-01,Rusizi,off,0.3949483832192603
1990-09-01,Rusizi,off,1.2188127505345652
1990-10-01,Rusizi,B,-0.022317979217039558
1990-11-01,Rusizi,B,-0.07556003872367276
1990-12-01,Rusizi,B,-0.4443919623419775
1991-01-01,Rusizi,off,0.20883630498388803
1991-02-01,Rusizi,off,-0.16308954428713318
1991-03-01,Rusizi,A,0.4557172755757198
1991-04-01,Rusizi,A,-0.0339083296905858
1991-05-01,Rusizi,A,1.6364672233763942
1991-06-01,Rusizi,off,2.9779079081453705
1991-07-01,Rusizi,off,0.23383358487823444
1991-08-01,Rusizi,off,-1.7115096399702332
1991-09-01,Rusizi,off,-0.8494333890758069
1991-10-01,Rusizi,B,1.1345333840617924
1991-11-01,Rusizi,B,0.4341090729023372
1991-12-01,Rusizi,B,0.2480528861275452
1992-01-01,Rusizi,off,-0.5061889194236643
1992-02-01,Rusizi,off,0.3387771813927777
1992-03-01,Rusizi,A,-0.6835131189730993
1992-04-01,Rusizi,A,0.176807426331382
1992-05-01,Rusizi,A,-0.09216889512316477
1992-06-01,Rusizi,off,0.6576849048338348
1992-07-01,Rusizi,off,-1.027709408389523
1992-08-01,Rusizi,off,-2.1173011390105265
1992-09-01,Rusizi,off,-0.046888984279362333
1992-10-01,Rusizi,B,1.3943403309898317
1992-11-01,Rusizi,B,-0.23932482538364605
1992-12-01,Rusizi,B,-0.28107783728570923
1993-01-01,Rusizi,off,0.0048540341173740256
1993-02-01,Rusizi,off,1.4844673600789677
1993-03-01,Rusizi,A,-0.40891780525269045
1993-04-01,Rusizi,A,-0.18580876155692608
1993-05-01,Rusizi,A,0.6966438728720308
1993-06-01,Rusizi,off,-0.4023003169802682
1993-07-01,Rusizi,off,-1.032203098598666
1993-08-01,Rusizi,off,0.6499307761723712
1993-09-01,Rusizi,off,-1.6162856400816714
1993-10-01,Rusizi,B,-1.673945119023563
1993-11-01,Rusizi,B,-0.4755683687692446
1993-12-01,Rusizi,B,0.12561972808906216
1994-01-01,Rusizi,off,0.920029173066585
1994-02-01,Rusizi,off,0.17369970366415058
1994-03-01,Rusizi,A,-0.24128570509871708
1994-04-01,Rusizi,A,0.24580466325749264
1994-05-01,Rusizi,A,-0.059210937903364846
1994-06-01,Rusizi,off,-0.7762253394575361
1994-07-01,Rusizi,off,-0.4850953234507321
1994-08-01,Rusizi,off,-0.48055757701235596
1994-09-01,Rusizi,off,-0.3230355715865113
1994-10-01,Rusizi,B,0.2134542457624837
1994-11-01,Rusizi,B,0.5197974578692434
1994-12-01,Rusizi,B,0.5921596433739993
1995-01-01,Rusizi,off,0.039335367592879804
1995-02-01,Rusizi,off,-0.11519654471699486
1995-03-01,Rusizi,A,0.009477066497680084
1995-04-01,Rusizi,A,1.2157817632740733
1995-05-01,Rusizi,A,0.6553095403454504
1995-06-01,Rusizi,off,2.2720538006375337
1995-07-01,Rusizi,off,0.1916454055875519
1995-08-01,Rusizi,off,-2.1194815383901386
1995-09-01,Rusizi,off,-0.7338247584195294
1995-10-01,Rusizi,B,1.6627001685371186
1995-11-01,Rusizi,B,0.7548366148141686
1995-12-01,Rusizi,B,-0.6862652297217541
1996-01-01,Rusizi,off,-0.04089832444847126
1996-02-01,Rusizi,off,0.002551255606199608
1996-03-01,Rusizi,A,-0.434938632608392
1996-04-01,Rusizi,A,-0.573590639390012
1996-05-01,Rusizi,A,-0.9299572249757418
1996-06-01,Rusizi,off,-0.1926412264170796
1996-07-01,Rusizi,off,1.0106121166919877
1996-08-01,Rusizi,off,-0.29011836654008244
1996-09-01,Rusizi,off,0.5177046030634964
1996-10-01,Rusizi,B,-0.1627912758068111
1996-11-01,Rusizi,B,-0.2098230203000945
1996-12-01,Rusizi,B,-0.9740430358340347
1997-01-01,Rusizi,off,1.276748305284692
1997-02-01,Rusizi,off,-1.3213510102034298
1997-03-01,Rusizi,A,-0.5976230575339517
1997-04-01,Rusizi,A,0.40430606957018006
1997-05-01,Rusizi,A,0.5881127944539711
1997-06-01,Rusizi,off,1.8672254209744397
1997-07-01,Rusizi,off,0.4559892019544257
1997-08-01,Rusizi,off,-1.0832507874738502
1997-09-01,Rusizi,off,-1.5915572148265975
1997-10-01,Rusizi,B,0.4213386001483521
1997-11-01,Rusizi,B,-0.14492720084160224
1997-12-01,Rusizi,B,0.48937924191694354
1998-01-01,Rusizi,off,0.9414950173956165
1998-02-01,Rusizi,off,1.3935909169132472
1998-03-01,Rusizi,A,0.2761405165829123
1998-04-01,Rusizi,A,0.28555468163871633
1998-05-01,Rusizi,A,-0.08474253267511597
1998-06-01,Rusizi,off,1.5109008394894974
1998-07-01,Rusizi,off,-0.4559897663009146
1998-08-01,Rusizi,off,-1.425141820337203
1998-09-01,Rusizi,off,0.9726902737197042
1998-10-01,Rusizi,B,-0.5238222654566919
1998-11-01,Rusizi,B,-1.3240320514848887
1998-12-01,Rusizi,B,-1.184577514056766
1999-01-01,Rusizi,off,0.939740253977852
1999-02-01,Rusizi,off,-1.7610679482269764
1999-03-01,Rusizi,A,1.0155004479795724
1999-04-01,Rusizi,A,-0.777402848178163
1999-05-01,Rusizi,A,-1.5475426541260555
1999-06-01,Rusizi,off,-1.4126285993075698
1999-07-01,Rusizi,off,-1.0071320324255661
1999-08-01,Rusizi,off,4.083187702551159
1999-09-01,Rusizi,off,0.2188944898968787
1999-10-01,Rusizi,B,-0.9459271402132883
1999-11-01,Rusizi,B,0.660213578804846
1999-12-01,Rusizi,B,0.31100249407208663
2000-01-01,Rusizi,off,-0.766906469309757
2000-02-01,Rusizi,off,-1.1709510262520206
2000-03-01,Rusizi,A,-0.13512830042170745
2000-04-01,Rusizi,A,-0.40922689580660576
2000-05-01,Rusizi,A,-1.3170153145248726
2000-06-01,Rusizi,off,-1.697605127480552
2000-07-01,Rusizi,off,0.017208912141779508
2000-08-01,Rusizi,off,-1.3224579463558863
2000-09-01,Rusizi,off,-1.0963919275415777
2000-10-01,Rusizi,B,0.027800953752553793
2000-11-01,Rusizi,B,0.8944432614233744
2000-12-01,Rusizi,B,0.28028606771857256
2001-01-01,Rusizi,off,0.761230988970653
2001-02-01,Rusizi,off,-0.6560058859398802
2001-03-01,Rusizi,A,-0.18169557339030074
2001-04-01,Rusizi,A,-0.17845163585758653
2001-05-01,Rusizi,A,0.3501939205092036
2001-06-01,Rusizi,off,-0.2970477138038513
2001-07-01,Rusizi,off,2.36159868347808
2001-08-01,Rusizi,off,0.5942444251838813
2001-09-01,Rusizi,off,1.3877765917042677
2001-10-01,Rusizi,B,-0.06728173321558194
2001-11-01,Rusizi,B,-0.25014984810530494
2001-12-01,Rusizi,B,-0.23015580578501293
2002-01-01,Rusizi,off,0.749262046611883
2002-02-01,Rusizi,off,-0.5846082266173572
2002-03-01,Rusizi,A,-0.505877408906959
2002-04-01,Rusizi,A,0.42164199249655304
2002-05-01,Rusizi,A,0.4473530388022897
2002-06-01,Rusizi,off,-1.588770224347607
2002-07-01,Rusizi,off,-0.4873282715156586
2002-08-01,Rusizi,off,-1.5003516115488953
2002-09-01,Rusizi,off,-1.2216528024194866
2002-10-01,Rusizi,B,-0.39027661893011933
2002-11-01,Rusizi,B,-0.6359279515762266
2002-12-01,Rusizi,B,1.3260493037379761
2003-01-01,Rusizi,off,-1.2962019631494077
2003-02-01,Rusizi,off,-0.5698029717113332
2003-03-01,Rusizi,A,-1.2747957983293772
2003-04-01,Rusizi,A,0.46821231139164515
2003-05-01,Rusizi,A,0.23575636469915
2003-06-01,Rusizi,off,-0.883229221305301
2003-07-01,Rusizi,off,-0.6665488055326491
2003-08-01,Rusizi,off,0.15159486654730164
2003-09-01,Rusizi,off,0.03568912899284082
2003-10-01,Rusizi,B,0.2658429876702103
2003-11-01,Rusizi,B,-0.2707991260036567
2003-12-01,Rusizi,B,-1.10177423454018
2004-01-01,Rusizi,off,0.4280570234554067
2004-02-01,Rusizi,off,-0.25473960761056547
2004-03-01,Rusizi,A,-0.38641212549942344
2004-04-01,Rusizi,A,0.29825051628704574
2004-05-01,Rusizi,A,-1.3899756954714373
2004-06-01,Rusizi,off,-2.1215413784502055
2004-07-01,Rusizi,off,0.16722711631031736
2004-08-01,Rusizi,off,-0.7842852610702876
2004-09-01,Rusizi,off,0.02167290456757239
2004-10-01,Rusizi,B,-0.816162262858137
2004-11-01,Rusizi,B,-0.40885196290511916
2004-12-01,Rusizi,B,0.3531410479925046
2005-01-01,Rusizi,off,0.33608295615404277
2005-02-01,Rusizi,off,-0.7320589599714454
2005-03-01,Rusizi,A,0.5221234357570241
2005-04-01,Rusizi,A,-1.1092053788347007
2005-05-01,Rusizi,A,0.5437738103152809
2005-06-01,Rusizi,off,0.2308071277880841
2005-07-01,Rusizi,off,-0.9658968473877708
2005-08-01,Rusizi,off,0.23372223432375674
2005-09-01,Rusizi,off,-0.8646723013136695
2005-10-01,Rusizi,B,-0.9448265798561277
2005-11-01,Rusizi,B,-1.189945927242341
2005-12-01,Rusizi,B,-0.9261349486025592
2006-01-01,Rusizi,off,-0.34221418969856054
2006-02-01,Rusizi,off,0.8253893973679947
2006-03-01,Rusizi,A,0.19365821447746223
2006-04-01,Rusizi,A,0.16480253945864923
2006-05-01,Rusizi,A,1.0441862738767491
2006-06-01,Rusizi,off,-1.7216008977080108
2006-07-01,Rusizi,off,2.821748348223126
2006-08-01,Rusizi,off,2.637328366049125
2006-09-01,Rusizi,off,-0.7493386945884684
2006-10-01,Rusizi,B,-0.8801467372366533
2006-11-01,Rusizi,B,-0.2649196618496249
2006-12-01,Rusizi,B,0.49335740261316113
2007-01-01,Rusizi,off,0.1868533178334039
2007-02-01,Rusizi,off,-0.4098725805981912
2007-03-01,Rusizi,A,-1.4256935460402231
2007-04-01,Rusizi,A,-0.30810006460331807
2007-05-01,Rusizi,A,0.06094686786888938
2007-06-01,Rusizi,off,1.0055888353728037
2007-07-01,Rusizi,off,0.5882481187731482
2007-08-01,Rusizi,off,-0.30483275990991027
2007-09-01,Rusizi,off,-0.032850857577541644
2007-10-01,Rusizi,B,-0.33097834118732467
2007-11-01,Rusizi,B,-0.38366505472660534
2007-12-01,Rusizi,B,-0.5994882357872491
2008-01-01,Rusizi,off,-0.8808606843385988
2008-02-01,Rusizi,off,0.06446342872959249
2008-03-01,Rusizi,A,-0.5814543826859789
2008-04-01,Rusizi,A,-1.4050015735450336
2008-05-01,Rusizi,A,-0.6659161756336579
2008-06-01,Rusizi,off,2.2164605827236428
2008-07-01,Rusizi,off,-0.03250909429935407
2008-08-01,Rusizi,off,0.6358849830284351
2008-09-01,Rusizi,off,-1.3101602633453524
2008-10-01,Rusizi,B,-0.6632262547020706
2008-11-01,Rusizi,B,-0.9801698524513021
2008-12-01,Rusizi,B,-0.21092253523333082
2009-01-01,Rusizi,off,-0.025365428677732057
2009-02-01,Rusizi,off,0.4913895275923199
2009-03-01,Rusizi,A,-0.7319431308724994
2009-04-01,Rusizi,A,-0.9806545032390377
2009-05-01,Rusizi,A,0.8844462338099942
2009-06-01,Rusizi,off,-1.1384109546599075
2009-07-01,Rusizi,off,-0.7742485718800995
2009-08-01,Rusizi,off,-1.2154163776209501
2009-09-01,Rusizi,off,-0.5773137231017699
2009-10-01,Rusizi,B,0.6255008581672815
2009-11-01,Rusizi,B,0.5333300575709989
2009-12-01,Rusizi,B,-0.2815711870330174
2010-01-01,Rusizi,off,0.4655702540974119
2010-02-01,Rusizi,off,2.08256639056984
2010-03-01,Rusizi,A,-0.6566725114761349
2010-04-01,Rusizi,A,-0.1299668037344675
2010-05-01,Rusizi,A,0.14752643155919276
2010-06-01,Rusizi,off,-0.2211465295434097
2010-07-01,Rusizi,off,-0.7792127286684161
2010-08-01,Rusizi,off,-2.031538735448439
2010-09-01,Rusizi,off,0.27235074514991503
2010-10-01,Rusizi,B,-0.293379934308371
2010-11-01,Rusizi,B,-0.7545749778057482
2010-12-01,Rusizi,B,-0.1712268724429703
2011-01-01,Rusizi,off,0.22948982265704618
2011-02-01,Rusizi,off,-0.2551919406019044
2011-03-01,Rusizi,A,0.06869951873974275
2011-04-01,Rusizi,A,-0.7453913448584841
2011-05-01,Rusizi,A,-0.4719333846094839
2011-06-01,Rusizi,off,4.24121987485239
2011-07-01,Rusizi,off,2.9232131933755845
2011-08-01,Rusizi,off,0.6252468201535127
2011-09-01,Rusizi,off,0.5370321811783854
2011-10-01,Rusizi,B,0.43173269525619795
2011-11-01,Rusizi,B,-0.07099646644240906
2011-12-01,Rusizi,B,0.7487919930396933
2012-01-01,Rusizi,off,-1.4536473299670238
2012-02-01,Rusizi,off,-0.8706437950392695
2012-03-01,Rusizi,A,-0.20295866355699513
2012-04-01,Rusizi,A,0.16303732180163494
2012-05-01,Rusizi,A,0.3615032068245521
2012-06-01,Rusizi,off,2.195582621568322
2012-07-01,Rusizi,off,-0.8854547352445393
2012-08-01,Rusizi,off,1.6752050842544581
2012-09-01,Rusizi,off,0.5108431825419139
2012-10-01,Rusizi,B,0.5566938174099413
2012-11-01,Rusizi,B,-0.13909228981582988
2012-12-01,Rusizi,B,0.6999434953618345
2013-01-01,Rusizi,off,-0.3453252615942918
2013-02-01,Rusizi,off,-1.5604162882804387
2013-03-01,Rusizi,A,1.6197619298464392
2013-04-01,Rusizi,A,-0.1609802724538233
2013-05-01,Rusizi,A,-0.44626514905879866
2013-06-01,Rusizi,off,-1.6797585859524065
2013-07-01,Rusizi,off,-0.880889969114966
2013-08-01,Rusizi,off,1.033438760949922
2013-09-01,Rusizi,off,1.6358678469927446
2013-10-01,Rusizi,B,-1.1680992388493836
2013-11-01,Rusizi,B,-0.281684434838322
2013-12-01,Rusizi,B,0.5007879790230795
2014-01-01,Rusizi,off,-0.33752409530943883
2014-02-01,Rusizi,off,0.356076475762372
2014-03-01,Rusizi,A,-0.0071237749850552555
2014-04-01,Rusizi,A,-0.14712850869971447
2014-05-01,Rusizi,A,-1.2332939075792668
2014-06-01,Rusizi,off,-0.7822362495370486
2014-07-01,Rusizi,off,-0.6262233845324738
2014-08-01,Rusizi,off,-0.26764728257485143
2014-09-01,Rusizi,off,0.10581065481791486
2014-10-01,Rusizi,B,-0.6723012442265636
2014-11-01,Rusizi,B,-0.47080533347503656
2014-12-01,Rusizi,B,-0.7544804701922838
2015-01-01,Rusizi,off,-2.0072787569102633
2015-02-01,Rusizi,off,-0.6179386580564493
2015-03-01,Rusizi,A,0.2431739701085184
2015-04-01,Rusizi,A,0.08604410835951849
2015-05-01,Rusizi,A,0.35121246671412776
2015-06-01,Rusizi,off,0.1214349735562156
2015-07-01,Rusizi,off,-0.6581049939294741
2015-08-01,Rusizi,off,0.4911208988162418
2015-09-01,Rusizi,off,0.6935926095499824
2015-10-01,Rusizi,B,1.2354257628168206
2015-11-01,Rusizi,B,0.5451834547731234
2015-12-01,Rusizi,B,0.3447151312075022
2016-01-01,Rusizi,off,0.38111032613438967
2016-02-01,Rusizi,off,-1.021286478672125
2016-03-01,Rusizi,A,-0.12228529976961866
2016-04-01,Rusizi,A,0.9140207603886714
2016-05-01,Rusizi,A,-0.3937681928683695
2016-06-01,Rusizi,off,-1.1477553989744433
2016-07-01,Rusizi,off,-0.7864172741005818
2016-08-01,Rusizi,off,0.6744106551159009
2016-09-01,Rusizi,off,-0.14500849868485477
2016-10-01,Rusizi,B,0.10368131342654009
2016-11-01,Rusizi,B,0.8420741050811555
2016-12-01,Rusizi,B,-0.898437848515509
2017-01-01,Rusizi,off,-1.0058837446332791
2017-02-01,Rusizi,off,-0.3684231417348838
2017-03-01,Rusizi,A,-0.6404746744632424
2017-04-01,Rusizi,A,-0.49547034279856356
2017-05-01,Rusizi,A,-0.2970039027975139
2017-06-01,Rusizi,off,-1.9223625659363321
2017-07-01,Rusizi,off,-0.6213415000257592
2017-08-01,Rusizi,off,-0.47641190326524746
2017-09-01,Rusizi,off,0.9076281608715657
2017-10-01,Rusizi,B,-0.4500643164006522
2017-11-01,Rusizi,B,0.4348563832246041
2017-12-01,Rusizi,B,-0.8608357761995837
2018-01-01,Rusizi,off,-0.8626158879209121
2018-02-01,Rusizi,off,0.8767514878087633
2018-03-01,Rusizi,A,1.5485157666477596
2018-04-01,Rusizi,A,1.2664413933696024
2018-05-01,Rusizi,A,0.19458204656543074
2018-06-01,Rusizi,off,-0.9206832628840976
2018-07-01,Rusizi,off,-0.9142653086101934
2018-08-01,Rusizi,off,0.8250338499817598
2018-09-01,Rusizi,off,0.03586512804657967
2018-10-01,Rusizi,B,-0.7572835550371319
2018-11-01,Rusizi,B,0.5976680336605399
2018-12-01,Rusizi,B,0.7053862756172319
2019-01-01,Rusizi,off,-0.937106511364269
2019-02-01,Rusizi,off,-1.3559759410442338
2019-03-01,Rusizi,A,-1.092339219084983
2019-04-01,Rusizi,A,-0.08462118606101042
2019-05-01,Rusizi,A,0.9084120610312069
2019-06-01,Rusizi,off,2.9060744877366878
2019-07-01,Rusizi,off,0.7102806019593009
2019-08-01,Rusizi,off,-0.9126588856847954
2019-09-01,Rusizi,off,-0.4774590050310848
2019-10-01,Rusizi,B,-0.33393118623604223
2019-11-01,Rusizi,B,0.48495675023967827
2019-12-01,Rusizi,B,0.3110264355706145
2020-01-01,Rusizi,off,-0.9491406894666032
2020-02-01,Rusizi,off,-0.9482254724461651
2020-03-01,Rusizi,A,-0.5844857571405165
2020-04-01,Rusizi,A,1.1886868596339766
2020-05-01,Rusizi,A,0.12822526007826157
2020-06-01,Rusizi,off,0.23110550597338514
2020-07-01,Rusizi,off,-0.7160042234248261
2020-08-01,Rusizi,off,-0.5510696267525128
2020-09-01,Rusizi,off,0.015294573151072398
2020-10-01,Rusizi,B,-0.5785875140752392
2020-11-01,Rusizi,B,-0.519712019964818
2020-12-01,Rusizi,B,0.44490497217848146
2021-01-01,Rusizi,off,1.073487073624405
2021-02-01,Rusizi,off,0.24292755981746236
2021-03-01,Rusizi,A,-0.010419693318482465
2021-04-01,Rusizi,A,-1.115195019054603
2021-05-01,Rusizi,A,-0.1813608764034575
2021-06-01,Rusizi,off,0.282938766395843
2021-07-01,Rusizi,off,-0.8169834949770736
2021-08-01,Rusizi,off,0.5621525565132787
2021-09-01,Rusizi,off,-0.6995531163330239
2021-10-01,Rusizi,B,-0.737377586455902
2021-11-01,Rusizi,B,-0.5999530945059849
2021-12-01,Rusizi,B,-0.03618621807781871
2022-01-01,Rusizi,off,0.3036477689758345
2022-02-01,Rusizi,off,1.0159506255907214
2022-03-01,Rusizi,A,-0.2789297427960254
2022-04-01,Rusizi,A,-0.5553452105553836
2022-05-01,Rusizi,A,1.2148589895164978
2022-06-01,Rusizi,off,-0.3729787958979005
2022-07-01,Rusizi,off,1.3905169511136175
2022-08-01,Rusizi,off,0.5729609750635869
2022-09-01,Rusizi,off,-0.2474478273597713
2022-10-01,Rusizi,B,-0.3253425705127904
2022-11-01,Rusizi,B,0.6347618234454381
2022-12-01,Rusizi,B,0.24736140918675287
2023-01-01,Rusizi,off,0.11262588308977516
2023-02-01,Rusizi,off,-1.3180615644638087
2023-03-01,Rusizi,A,-0.12502066437577153
2023-04-01,Rusizi,A,1.7125565581303943
2023-05-01,Rusizi,A,2.039026678194427
2023-06-01,Rusizi,off,-1.274311625080966
2023-07-01,Rusizi,off,-0.29394306932928804
2023-08-01,Rusizi,off,-1.4756210309136302
2023-09-01,Rusizi,off,-0.056005481005616246
2023-10-01,Rusizi,B,-0.9583171367376911
2023-11-01,Rusizi,B,-0.6491506927892086
2023-12-01,Rusizi,B,-0.7322335264072132
2024-01-01,Rusizi,off,-0.2975631594247346
2024-02-01,Rusizi,off,-1.9475332055116685
2024-03-01,Rusizi,A,-1.153361362160648
2024-04-01,Rusizi,A,0.7992768501959627
2024-05-01,Rusizi,A,-1.0133182768757047
2024-06-01,Rusizi,off,-1.6094590347580846
2024-07-01,Rusizi,off,-0.5906896447326975
2024-08-01,Rusizi,off,-1.023564909131022
2024-09-01,Rusizi,off,-0.6011403669698119
2024-10-01,Rusizi,B,-0.29434768065442174
2024-11-01,Rusizi,B,2.8010403071750147
2024-12-01,Rusizi,B,-0.9067691221691313
2025-01-01,Rusizi,off,-0.03369039106839998
2025-02-01,Rusizi,off,-0.31317196458824753
2025-03-01,Rusizi,A,-1.1743832175300382
2025-04-01,Rusizi,A,0.6271139860029142
2025-05-01,Rusizi,A,0.00982792883595509
2025-06-01,Rusizi,off,0.6964685578611068
2025-07-01,Rusizi,off,0.1915617781267882
2025-08-01,Rusizi,off,5.663462446019172
2025-09-01,Rusizi,off,-1.2605741158366812
2025-10-01,Rusizi,B,-0.1881074745306147
2025-11-01,Rusizi,B,0.6085984828677682
2025-12-01,Rusizi,B,0.2971981228692427
2026-01-01,Rusizi,off,2.050690769774089
2026-02-01,Rusizi,off,-0.35522102505810016
2026-03-01,Rusizi,A,0.02708213445885929
2026-04-01,Rusizi,A,0.32736812807817106
2026-05-01,Rusizi,A,-1.6400084256000313
2026-06-01,Rusizi,off,-0.5939339952723938
2026-07-01,Rusizi,off,0.9975518743669977
2026-08-01,Rusizi,off,-1.2447227206967029
2026-09-01,Rusizi,off,-0.10916586192818548
1981-01-01,Rutsiro,off,0.30054536446078073
1981-02-01,Rutsiro,off,-0.9325938424267968
1981-03-01,Rutsiro,A,0.9354492443443914
1981-04-01,Rutsiro,A,1.2242427045078408
1981-05-01,Rutsiro,A,0.9067052589234847
1981-06-01,Rutsiro,off,-0.5004104732574525
1981-07-01,Rutsiro,off,0.07017421289486898
1981-08-01,Rutsiro,off,1.8935447005960833
1981-09-01,Rutsiro,off,-0.13414675420249111
1981-10-01,Rutsiro,B,0.03076944244082611
1981-11-01,Rutsiro,B,-1.1791856753246417
1981-12-01,Rutsiro,B,-0.5494351682679213
1982-01-01,Rutsiro,off,0.9759825338265224
1982-02-01,Rutsiro,off,-0.5648781251659029
1982-03-01,Rutsiro,A,-0.8573795358838592
1982-04-01,Rutsiro,A,0.7780222587484803
1982-05-01,Rutsiro,A,0.5396242364573969
1982-06-01,Rutsiro,off,1.1672032789572178
1982-07-01,Rutsiro,off,-0.8573680742660924
1982-08-01,Rutsiro,off,-1.0772884635321702
1982-09-01,Rutsiro,off,1.2370327842275584
1982-10-01,Rutsiro,B,-0.6711278153640498
1982-11-01,Rutsiro,B,0.4039236418127463
1982-12-01,Rutsiro,B,0.5787181737596564
1983-01-01,Rutsiro,off,-1.093083313069478
1983-02-01,Rutsiro,off,-0.3060248904632021
1983-03-01,Rutsiro,A,0.7258794238389857
1983-04-01,Rutsiro,A,0.7886517063121592
1983-05-01,Rutsiro,A,-0.5965010370231085
1983-06-01,Rutsiro,off,-0.6746719104335663
1983-07-01,Rutsiro,off,0.8108409788300063
1983-08-01,Rutsiro,off,1.3500988675363295
1983-09-01,Rutsiro,off,-0.8674412077213689
1983-10-01,Rutsiro,B,1.656174769379785
1983-11-01,Rutsiro,B,0.13747704215824172
1983-12-01,Rutsiro,B,-0.5245417435627296
1984-01-01,Rutsiro,off,0.7986070281548938
1984-02-01,Rutsiro,off,0.2073782534807443
1984-03-01,Rutsiro,A,-0.801710014239259
1984-04-01,Rutsiro,A,-0.3472924513999816
1984-05-01,Rutsiro,A,-2.477741282177311
1984-06-01,Rutsiro,off,-2.0053033049274585
1984-07-01,Rutsiro,off,2.1127804525176046
1984-08-01,Rutsiro,off,0.8295797492087731
1984-09-01,Rutsiro,off,-0.5917969497425946
1984-10-01,Rutsiro,B,0.31047279102066344
1984-11-01,Rutsiro,B,-0.2593489017758682
1984-12-01,Rutsiro,B,-0.9994821904750317
1985-01-01,Rutsiro,off,-0.4570747503747064
1985-02-01,Rutsiro,off,0.35044198137737337
1985-03-01,Rutsiro,A,-0.576352623372523
1985-04-01,Rutsiro,A,3.3366089394391336
1985-05-01,Rutsiro,A,-1.004469499388964
1985-06-01,Rutsiro,off,-0.1454897584132509
1985-07-01,Rutsiro,off,-0.5314055746930626
1985-08-01,Rutsiro,off,-1.7030647379070947
1985-09-01,Rutsiro,off,0.43481226987771704
1985-10-01,Rutsiro,B,0.07319832804793487
1985-11-01,Rutsiro,B,0.3809990984957523
1985-12-01,Rutsiro,B,-0.6105181884110857
1986-01-01,Rutsiro,off,1.1659817345276664
1986-02-01,Rutsiro,off,0.40110900653918224
1986-03-01,Rutsiro,A,-1.04270142186698
1986-04-01,Rutsiro,A,1.2890871586425603
1986-05-01,Rutsiro,A,0.8136346525442757
1986-06-01,Rutsiro,off,0.45637064757736956
1986-07-01,Rutsiro,off,-0.9720939083981995
1986-08-01,Rutsiro,off,-1.3418965037236295
1986-09-01,Rutsiro,off,-0.8317507293412428
1986-10-01,Rutsiro,B,1.3491405331750546
1986-11-01,Rutsiro,B,-0.8016584061153439
1986-12-01,Rutsiro,B,-0.03569258030932626
1987-01-01,Rutsiro,off,0.7981254921576674
1987-02-01,Rutsiro,off,0.7209356789426337
1987-03-01,Rutsiro,A,0.8614631568652479
1987-04-01,Rutsiro,A,0.6055887460359353
1987-05-01,Rutsiro,A,0.923872640272717
1987-06-01,Rutsiro,off,0.2483962990701527
1987-07-01,Rutsiro,off,-0.6499646599071638
1987-08-01,Rutsiro,off,-0.6124546466222229
1987-09-01,Rutsiro,off,2.124675366318421
1987-10-01,Rutsiro,B,-0.085008985212658
1987-11-01,Rutsiro,B,1.5174442239037012
1987-12-01,Rutsiro,B,-0.9698453215887071
1988-01-01,Rutsiro,off,0.6732902150535064
1988-02-01,Rutsiro,off,1.3638479971973334
1988-03-01,Rutsiro,A,0.7442414536794146
1988-04-01,Rutsiro,A,1.6226885858739735
1988-05-01,Rutsiro,A,0.19825310315175318
1988-06-01,Rutsiro,off,-1.3205214872330677
1988-07-01,Rutsiro,off,2.084502704486787
1988-08-01,Rutsiro,off,3.3157128187023095
1988-09-01,Rutsiro,off,0.6175873695880375
1988-10-01,Rutsiro,B,-0.16649468432454487
1988-11-01,Rutsiro,B,0.049414496513292674
1988-12-01,Rutsiro,B,-0.7385130597045806
1989-01-01,Rutsiro,off,-0.5633966771412305
1989-02-01,Rutsiro,off,-0.6943436367583815
1989-03-01,Rutsiro,A,0.29295834102838686
1989-04-01,Rutsiro,A,-0.5042407633187098
1989-05-01,Rutsiro,A,-0.5683358571306131
1989-06-01,Rutsiro,off,-0.6643417727159735
1989-07-01,Rutsiro,off,1.3806543807684768
1989-08-01,Rutsiro,off,0.7975037518285811
1989-09-01,Rutsiro,off,-0.5682098163479419
1989-10-01,Rutsiro,B,0.290057034210356
1989-11-01,Rutsiro,B,-0.19202836807601034
1989-12-01,Rutsiro,B,1.5271563102305425
1990-01-01,Rutsiro,off,0.4243289486873713
1990-02-01,Rutsiro,off,2.193982251428819
1990-03-01,Rutsiro,A,0.23688159266945286
1990-04-01,Rutsiro,A,1.249249166179637
1990-05-01,Rutsiro,A,-0.6425415289725193
1990-06-01,Rutsiro,off,-1.9759121390743075
1990-07-01,Rutsiro,off,-0.9797474314212942
1990-08-01,Rutsiro,off,0.3846097301687289
1990-09-01,Rutsiro,off,1.2227018633422353
1990-10-01,Rutsiro,B,-0.1876277977585439
1990-11-01,Rutsiro,B,-0.20718163844529885
1990-12-01,Rutsiro,B,0.9365670296723103
1991-01-01,Rutsiro,off,0.6763541312603015
1991-02-01,Rutsiro,off,-0.014608262029542714
1991-03-01,Rutsiro,A,-0.047884891630336074
1991-04-01,Rutsiro,A,0.10566559964324418
1991-05-01,Rutsiro,A,0.8319958681040031
1991-06-01,Rutsiro,off,1.436770103562852
1991-07-01,Rutsiro,off,0.6650797487051027
1991-08-01,Rutsiro,off,-1.4758888978431466
1991-09-01,Rutsiro,off,-0.23643009543655116
1991-10-01,Rutsiro,B,0.0019975987498257624
1991-11-01,Rutsiro,B,-1.007082587851084
1991-12-01,Rutsiro,B,0.08884818626985878
1992-01-01,Rutsiro,off,0.04688683349941163
1992-02-01,Rutsiro,off,0.383801470208435
1992-03-01,Rutsiro,A,-0.7736460272304229
1992-04-01,Rutsiro,A,0.10086124479805025
1992-05-01,Rutsiro,A,-0.48671444456831686
1992-06-01,Rutsiro,off,1.1575406046639125
1992-07-01,Rutsiro,off,-0.37411456163687745
1992-08-01,Rutsiro,off,-1.4622093768446156
1992-09-01,Rutsiro,off,0.8003679225115455
1992-10-01,Rutsiro,B,1.4959891488149841
1992-11-01,Rutsiro,B,-0.8047194600020932
1992-12-01,Rutsiro,B,0.20751895131606066
1993-01-01,Rutsiro,off,0.5182261240050933
1993-02-01,Rutsiro,off,-0.10337065726308213
1993-03-01,Rutsiro,A,-0.2970798318829037
1993-04-01,Rutsiro,A,-0.46731984510923785
1993-05-01,Rutsiro,A,1.0249523882654397
1993-06-01,Rutsiro,off,-0.7425934696549434
1993-07-01,Rutsiro,off,-1.070997997054645
1993-08-01,Rutsiro,off,1.274607249063859
1993-09-01,Rutsiro,off,-1.7863583992677528
1993-10-01,Rutsiro,B,-1.1931740677987193
1993-11-01,Rutsiro,B,0.23738182011007644
1993-12-01,Rutsiro,B,-0.29002392920748143
1994-01-01,Rutsiro,off,0.11800370422275266
1994-02-01,Rutsiro,off,-0.8426981165064723
1994-03-01,Rutsiro,A,0.2543536507148545
1994-04-01,Rutsiro,A,-0.03511073973466087
1994-05-01,Rutsiro,A,-0.7787541087776336
1994-06-01,Rutsiro,off,-0.8311210929568605
1994-07-01,Rutsiro,off,-0.23752438999996334
1994-08-01,Rutsiro,off,0.40237557082150904
1994-09-01,Rutsiro,off,0.48794703439625714
1994-10-01,Rutsiro,B,-0.5825594780270094
1994-11-01,Rutsiro,B,0.9433829292794759
1994-12-01,Rutsiro,B,0.46925071765229576
1995-01-01,Rutsiro,off,-0.5159389913171233
1995-02-01,Rutsiro,off,-0.10069768215657281
1995-03-01,Rutsiro,A,0.06451392565552774
1995-04-01,Rutsiro,A,0.5969267240252595
1995-05-01,Rutsiro,A,1.1835070909463214
1995-06-01,Rutsiro,off,2.6258033273735037
1995-07-01,Rutsiro,off,0.5216968721234568
1995-08-01,Rutsiro,off,-1.8412163914916626
1995-09-01,Rutsiro,off,-0.7686509703122304
1995-10-01,Rutsiro,B,1.5234877289142392
1995-11-01,Rutsiro,B,0.8852163911856148
1995-12-01,Rutsiro,B,-0.6274704762790061
1996-01-01,Rutsiro,off,-0.806856243603621
1996-02-01,Rutsiro,off,-0.21331329551067302
1996-03-01,Rutsiro,A,-0.5999729078618345
1996-04-01,Rutsiro,A,-0.7387221817940752
1996-05-01,Rutsiro,A,-0.00030017801664602187
1996-06-01,Rutsiro,off,2.119387106659412
1996-07-01,Rutsiro,off,2.455234653183036
1996-08-01,Rutsiro,off,0.9859885631493639
1996-09-01,Rutsiro,off,-0.36692892924044973
1996-10-01,Rutsiro,B,-0.5485514269540263
1996-11-01,Rutsiro,B,-0.3233447643803491
1996-12-01,Rutsiro,B,-0.4302549472664678
1997-01-01,Rutsiro,off,1.4651287861604576
1997-02-01,Rutsiro,off,-1.711734298183061
1997-03-01,Rutsiro,A,-1.125956602295654
1997-04-01,Rutsiro,A,-0.21865554444777172
1997-05-01,Rutsiro,A,-0.0032975206072217078
1997-06-01,Rutsiro,off,0.9960630290639709
1997-07-01,Rutsiro,off,-0.06491947119954969
1997-08-01,Rutsiro,off,-0.48770734884668693
1997-09-01,Rutsiro,off,1.041328621886715
1997-10-01,Rutsiro,B,0.8976972169646099
1997-11-01,Rutsiro,B,-0.032964123076772
1997-12-01,Rutsiro,B,0.895251413836499
1998-01-01,Rutsiro,off,1.9465208654414408
1998-02-01,Rutsiro,off,2.5637160276973066
1998-03-01,Rutsiro,A,-0.12131142021585431
1998-04-01,Rutsiro,A,0.2669326836816
1998-05-01,Rutsiro,A,0.7037337030011335
1998-06-01,Rutsiro,off,2.894831307893077
1998-07-01,Rutsiro,off,0.07380286978157702
1998-08-01,Rutsiro,off,-0.8116341713387442
1998-09-01,Rutsiro,off,-0.4147291928261493
1998-10-01,Rutsiro,B,-0.4161692975987928
1998-11-01,Rutsiro,B,-0.20441545287353086
1998-12-01,Rutsiro,B,-1.1337585958334966
1999-01-01,Rutsiro,off,0.4397646264093761
1999-02-01,Rutsiro,off,-1.7383886295824913
1999-03-01,Rutsiro,A,1.117643626200407
1999-04-01,Rutsiro,A,-0.0909071904681539
1999-05-01,Rutsiro,A,-1.6083145295280294
1999-06-01,Rutsiro,off,-0.6246473774211702
1999-07-01,Rutsiro,off,-0.6821764447632838
1999-08-01,Rutsiro,off,2.241385170706893
1999-09-01,Rutsiro,off,0.2184414042191729
1999-10-01,Rutsiro,B,-1.5977225635518373
1999-11-01,Rutsiro,B,0.7348701931768994
1999-12-01,Rutsiro,B,0.16516326460906863
2000-01-01,Rutsiro,off,-0.8420074584197506
2000-02-01,Rutsiro,off,-1.235992302957466
2000-03-01,Rutsiro,A,-0.9725622555155632
2000-04-01,Rutsiro,A,-0.9359679255557095
2000-05-01,Rutsiro,A,-0.6484892449622415
2000-06-01,Rutsiro,off,-1.0993451563465535
2000-07-01,Rutsiro,off,-0.4042567533870088
2000-08-01,Rutsiro,off,-1.2368193900746085
2000-09-01,Rutsiro,off,-1.3491406779675297
2000-10-01,Rutsiro,B,-0.10371001491462527
2000-11-01,Rutsiro,B,0.889091627074132
2000-12-01,Rutsiro,B,-0.5095829875806365
2001-01-01,Rutsiro,off,-0.2532574652421616
2001-02-01,Rutsiro,off,-0.4483564689700426
2001-03-01,Rutsiro,A,0.9247360245690506
2001-04-01,Rutsiro,A,-0.06338965983618598
2001-05-01,Rutsiro,A,-0.14026147176173615
2001-06-01,Rutsiro,off,-0.4874511835402453
2001-07-01,Rutsiro,off,1.6563996218919412
2001-08-01,Rutsiro,off,-0.20746695746840624
2001-09-01,Rutsiro,off,0.1253794835007905
2001-10-01,Rutsiro,B,-0.18455356732951855
2001-11-01,Rutsiro,B,2.3178671642525215
2001-12-01,Rutsiro,B,-0.7378250788741079
2002-01-01,Rutsiro,off,0.532414052264032
2002-02-01,Rutsiro,off,-0.6305797701285824
2002-03-01,Rutsiro,A,-0.6019685124621772
2002-04-01,Rutsiro,A,-0.18449762871277722
2002-05-01,Rutsiro,A,1.5909020282707458
2002-06-01,Rutsiro,off,-1.6420014085518255
2002-07-01,Rutsiro,off,-0.06721449668425492
2002-08-01,Rutsiro,off,-1.0608429543632534
2002-09-01,Rutsiro,off,-1.1279312453367016
2002-10-01,Rutsiro,B,0.07675068930033975
2002-11-01,Rutsiro,B,-0.8604735064511266
2002-12-01,Rutsiro,B,0.5967410433499257
2003-01-01,Rutsiro,off,-0.5791102713345015
2003-02-01,Rutsiro,off,-0.7907191247443799
2003-03-01,Rutsiro,A,-1.0266715166335636
2003-04-01,Rutsiro,A,1.0711860127923691
2003-05-01,Rutsiro,A,0.21784653515326807
2003-06-01,Rutsiro,off,-0.3005795733293096
2003-07-01,Rutsiro,off,-0.12950425615329
2003-08-01,Rutsiro,off,-0.17187010903147634
2003-09-01,Rutsiro,off,0.38102402042028216
2003-10-01,Rutsiro,B,1.5436234101756612
2003-11-01,Rutsiro,B,-0.489580478226827
2003-12-01,Rutsiro,B,-1.2288163308911906
2004-01-01,Rutsiro,off,1.0521038380337198
2004-02-01,Rutsiro,off,0.5370753651324942
2004-03-01,Rutsiro,A,-0.2678246262318906
2004-04-01,Rutsiro,A,0.5978352638878204
2004-05-01,Rutsiro,A,-0.3216692584591778
2004-06-01,Rutsiro,off,-1.9859105931190995
2004-07-01,Rutsiro,off,-0.07110194678330843
2004-08-01,Rutsiro,off,-0.5906702813524662
2004-09-01,Rutsiro,off,-0.20434325331791267
2004-10-01,Rutsiro,B,-0.9891427008669466
2004-11-01,Rutsiro,B,-0.5954366364315453
2004-12-01,Rutsiro,B,0.028300197898553505
2005-01-01,Rutsiro,off,0.09841988320104376
2005-02-01,Rutsiro,off,-0.5286848901399406
2005-03-01,Rutsiro,A,-0.12108189175845234
2005-04-01,Rutsiro,A,-0.7251941910317199
2005-05-01,Rutsiro,A,-0.5726466098190807
2005-06-01,Rutsiro,off,-0.05929012662690202
2005-07-01,Rutsiro,off,-0.6597923617561671
2005-08-01,Rutsiro,off,0.5050697536827187
2005-09-01,Rutsiro,off,-0.6376128976195091
2005-10-01,Rutsiro,B,0.3145534970730993
2005-11-01,Rutsiro,B,-1.585856433340094
2005-12-01,Rutsiro,B,-1.0072287142244165
2006-01-01,Rutsiro,off,-0.1356826973462955
2006-02-01,Rutsiro,off,0.8139175287252758
2006-03-01,Rutsiro,A,0.09892436710897526
2006-04-01,Rutsiro,A,0.4336174733354836
2006-05-01,Rutsiro,A,0.8116426011688163
2006-06-01,Rutsiro,off,-1.5238639973657335
2006-07-01,Rutsiro,off,2.2377925272348898
2006-08-01,Rutsiro,off,2.8978244063539305
2006-09-01,Rutsiro,off,-0.7454665480752891
2006-10-01,Rutsiro,B,-1.1383398747789768
2006-11-01,Rutsiro,B,0.8246534003092474
2006-12-01,Rutsiro,B,1.2976264956940664
2007-01-01,Rutsiro,off,0.19770155135170184
2007-02-01,Rutsiro,off,0.6319180437216336
2007-03-01,Rutsiro,A,-0.8876757747377926
2007-04-01,Rutsiro,A,-0.009884187859059583
2007-05-01,Rutsiro,A,1.742260957059178
2007-06-01,Rutsiro,off,1.4359731078189395
2007-07-01,Rutsiro,off,1.4292041403904436
2007-08-01,Rutsiro,off,-0.5411489368014295
2007-09-01,Rutsiro,off,0.5147965093997905
2007-10-01,Rutsiro,B,-0.4621498782286399
2007-11-01,Rutsiro,B,-0.3687908190793798
2007-12-01,Rutsiro,B,-1.0705378050818923
2008-01-01,Rutsiro,off,-0.9665355666352884
2008-02-01,Rutsiro,off,-0.7889147527332517
2008-03-01,Rutsiro,A,-1.0917471031119172
2008-04-01,Rutsiro,A,-1.4638883743027387
2008-05-01,Rutsiro,A,-0.8587999128558471
2008-06-01,Rutsiro,off,1.4421046908587944
2008-07-01,Rutsiro,off,0.5540713774066184
2008-08-01,Rutsiro,off,1.0957243000730112
2008-09-01,Rutsiro,off,-0.8875403944022158
2008-10-01,Rutsiro,B,-0.5591933354799687
2008-11-01,Rutsiro,B,-1.2757555789971464
2008-12-01,Rutsiro,B,-0.5343226736216873
2009-01-01,Rutsiro,off,-0.05460783986155825
2009-02-01,Rutsiro,off,0.5662056403836124
2009-03-01,Rutsiro,A,-0.3365864491126863
2009-04-01,Rutsiro,A,-0.7042159883325697
2009-05-01,Rutsiro,A,0.3031488666182681
2009-06-01,Rutsiro,off,-0.7518737527953397
2009-07-01,Rutsiro,off,-0.6818545447964983
2009-08-01,Rutsiro,off,-0.9972114453603633
2009-09-01,Rutsiro,off,-0.35537018999388387
2009-10-01,Rutsiro,B,1.3079473061963396
2009-11-01,Rutsiro,B,0.10711788161366448
2009-12-01,Rutsiro,B,0.13466968606065324
2010-01-01,Rutsiro,off,0.7369841892563442
2010-02-01,Rutsiro,off,3.438762180824597
2010-03-01,Rutsiro,A,0.7178633238267423
2010-04-01,Rutsiro,A,0.05680545102260342
2010-05-01,Rutsiro,A,0.17430731612042663
2010-06-01,Rutsiro,off,0.680137378104613
2010-07-01,Rutsiro,off,-0.8296005964712293
2010-08-01,Rutsiro,off,-2.1541114624026823
2010-09-01,Rutsiro,off,0.8889969977864374
2010-10-01,Rutsiro,B,0.18206654758380417
2010-11-01,Rutsiro,B,-0.5266431799792184
2010-12-01,Rutsiro,B,0.22327569004897566
2011-01-01,Rutsiro,off,0.36151107883244615
2011-02-01,Rutsiro,off,0.19531805303491584
2011-03-01,Rutsiro,A,0.21291743497197496
2011-04-01,Rutsiro,A,-0.883929528315097
2011-05-01,Rutsiro,A,-0.4872314634640312
2011-06-01,Rutsiro,off,3.870355628300184
2011-07-01,Rutsiro,off,0.8554755287835182
2011-08-01,Rutsiro,off,1.0326179774480333
2011-09-01,Rutsiro,off,0.9410922589627697
2011-10-01,Rutsiro,B,0.2065171886506553
2011-11-01,Rutsiro,B,0.484273283631254
2011-12-01,Rutsiro,B,1.0695894797617493
2012-01-01,Rutsiro,off,-1.2973333760577919
2012-02-01,Rutsiro,off,-1.0070227999073853
2012-03-01,Rutsiro,A,-0.16229552510507345
2012-04-01,Rutsiro,A,0.22326823814678934
2012-05-01,Rutsiro,A,0.3176824200226396
2012-06-01,Rutsiro,off,0.016584425852278137
2012-07-01,Rutsiro,off,-0.11339759879487374
2012-08-01,Rutsiro,off,0.5343968381121029
2012-09-01,Rutsiro,off,-0.55134426171242
2012-10-01,Rutsiro,B,0.7319782629245324
2012-11-01,Rutsiro,B,-0.48686865206074104
2012-12-01,Rutsiro,B,0.5220120357680668
2013-01-01,Rutsiro,off,-0.4447706605209051
2013-02-01,Rutsiro,off,-0.9146883032831993
2013-03-01,Rutsiro,A,1.4056611385423456
2013-04-01,Rutsiro,A,-0.038771733435325646
2013-05-01,Rutsiro,A,-0.4435272168754913
2013-06-01,Rutsiro,off,-1.7927358210542317
2013-07-01,Rutsiro,off,-0.929983332520234
2013-08-01,Rutsiro,off,0.8962716088559879
2013-09-01,Rutsiro,off,0.7719793089293294
2013-10-01,Rutsiro,B,-1.2588846081611949
2013-11-01,Rutsiro,B,-0.8352022678375807
2013-12-01,Rutsiro,B,0.6711927513398382
2014-01-01,Rutsiro,off,-0.7202679284952991
2014-02-01,Rutsiro,off,1.104570657962102
2014-03-01,Rutsiro,A,0.19907848768197156
2014-04-01,Rutsiro,A,-0.260037524160834
2014-05-01,Rutsiro,A,-1.8050931846061125
2014-06-01,Rutsiro,off,-0.4460476870765005
2014-07-01,Rutsiro,off,-1.069603590702031
2014-08-01,Rutsiro,off,-0.3369546643788205
2014-09-01,Rutsiro,off,-0.129399078229223
2014-10-01,Rutsiro,B,-0.4441493149945831
2014-11-01,Rutsiro,B,-0.2865742536866902
2014-12-01,Rutsiro,B,-0.560038090020837
2015-01-01,Rutsiro,off,-1.797980380982209
2015-02-01,Rutsiro,off,-0.16449531676035006
2015-03-01,Rutsiro,A,0.1788489790759724
2015-04-01,Rutsiro,A,0.04263062528042256
2015-05-01,Rutsiro,A,0.3131493440272284
2015-06-01,Rutsiro,off,-0.36738688811006437
2015-07-01,Rutsiro,off,-0.9399186057850669
2015-08-01,Rutsiro,off,-0.2004171865734246
2015-09-01,Rutsiro,off,0.3525210374121304
2015-10-01,Rutsiro,B,0.1074259881588536
2015-11-01,Rutsiro,B,0.19409021643630056
2015-12-01,Rutsiro,B,0.09057472044838473
2016-01-01,Rutsiro,off,0.6877100159112625
2016-02-01,Rutsiro,off,-1.2357520284623094
2016-03-01,Rutsiro,A,0.7708934409374297
2016-04-01,Rutsiro,A,0.748474010745274
2016-05-01,Rutsiro,A,0.34070028484316994
2016-06-01,Rutsiro,off,-1.1099431924152554
2016-07-01,Rutsiro,off,-0.9972210316649973
2016-08-01,Rutsiro,off,-0.8938937578952125
2016-09-01,Rutsiro,off,0.5352510062313952
2016-10-01,Rutsiro,B,0.8674081955987212
2016-11-01,Rutsiro,B,1.0949570872626726
2016-12-01,Rutsiro,B,-0.8996534737433589
2017-01-01,Rutsiro,off,-0.2719107608223441
2017-02-01,Rutsiro,off,-0.2566208393460782
2017-03-01,Rutsiro,A,-0.5706590986754172
2017-04-01,Rutsiro,A,-0.6638097266400221
2017-05-01,Rutsiro,A,-0.5132997595094201
2017-06-01,Rutsiro,off,-1.856678965152022
2017-07-01,Rutsiro,off,-1.176754245484689
2017-08-01,Rutsiro,off,0.419817512818507
2017-09-01,Rutsiro,off,1.2051234182892974
2017-10-01,Rutsiro,B,0.031018785061987738
2017-11-01,Rutsiro,B,0.37191783296158926
2017-12-01,Rutsiro,B,-1.089877132153895
2018-01-01,Rutsiro,off,-0.6432257715143118
2018-02-01,Rutsiro,off,0.40088938516365974
2018-03-01,Rutsiro,A,1.9388260361790755
2018-04-01,Rutsiro,A,1.9042653722736111
2018-05-01,Rutsiro,A,-0.2673750445834429
2018-06-01,Rutsiro,off,-1.0046491469845473
2018-07-01,Rutsiro,off,-0.9405548551157603
2018-08-01,Rutsiro,off,0.4110426389050228
2018-09-01,Rutsiro,off,0.05168142931376288
2018-10-01,Rutsiro,B,-0.5034157365784966
2018-11-01,Rutsiro,B,0.4072755049485502
2018-12-01,Rutsiro,B,0.604828577987431
2019-01-01,Rutsiro,off,0.04742000229572507
2019-02-01,Rutsiro,off,-1.4386562088253245
2019-03-01,Rutsiro,A,-1.1336155168440054
2019-04-01,Rutsiro,A,-0.3557308669947272
2019-05-01,Rutsiro,A,0.2918914975947168
2019-06-01,Rutsiro,off,0.05999755475210238
2019-07-01,Rutsiro,off,0.21277080275760105
2019-08-01,Rutsiro,off,-0.9981685706381712
2019-09-01,Rutsiro,off,0.7912117554903413
2019-10-01,Rutsiro,B,-0.4839468525116986
2019-11-01,Rutsiro,B,0.5505758307395895
2019-12-01,Rutsiro,B,0.7527813459223085
2020-01-01,Rutsiro,off,-0.033652251958281115
2020-02-01,Rutsiro,off,-0.576800243344733
2020-03-01,Rutsiro,A,-0.27165100527825986
2020-04-01,Rutsiro,A,1.1166101189251914
2020-05-01,Rutsiro,A,-0.8697898523565725
2020-06-01,Rutsiro,off,0.34801953330031954
2020-07-01,Rutsiro,off,-0.6051630590337843
2020-08-01,Rutsiro,off,-1.3514286463528136
2020-09-01,Rutsiro,off,0.20318980328626934
2020-10-01,Rutsiro,B,0.014733911268009863
2020-11-01,Rutsiro,B,-0.0780203717334664
2020-12-01,Rutsiro,B,-0.30793326832769
2021-01-01,Rutsiro,off,1.6181262697987915
2021-02-01,Rutsiro,off,1.1586289031603345
2021-03-01,Rutsiro,A,-0.3054857996254152
2021-04-01,Rutsiro,A,-1.2374143948539638
2021-05-01,Rutsiro,A,-0.5259585919850064
2021-06-01,Rutsiro,off,-1.4595898234872215
2021-07-01,Rutsiro,off,-0.23061337993923314
2021-08-01,Rutsiro,off,-0.18000625375940127
2021-09-01,Rutsiro,off,0.3206134727614835
2021-10-01,Rutsiro,B,-0.5498493163682254
2021-11-01,Rutsiro,B,-0.575257736604963
2021-12-01,Rutsiro,B,0.4577248210607299
2022-01-01,Rutsiro,off,0.5560169530941049
2022-02-01,Rutsiro,off,2.302467068129696
2022-03-01,Rutsiro,A,-0.5421442222339756
2022-04-01,Rutsiro,A,-0.8960592263851218
2022-05-01,Rutsiro,A,0.5483789384171166
2022-06-01,Rutsiro,off,-0.9363888099781886
2022-07-01,Rutsiro,off,-0.5809333964769595
2022-08-01,Rutsiro,off,0.22434672826202312
2022-09-01,Rutsiro,off,-0.33888436159260904
2022-10-01,Rutsiro,B,-0.08432503877293884
2022-11-01,Rutsiro,B,0.7199006294691194
2022-12-01,Rutsiro,B,0.5940472547351578
2023-01-01,Rutsiro,off,0.4830043135195772
2023-02-01,Rutsiro,off,-1.8978710200600282
2023-03-01,Rutsiro,A,0.23470107232413415
2023-04-01,Rutsiro,A,1.615953003954276
2023-05-01,Rutsiro,A,1.6901132241278813
2023-06-01,Rutsiro,off,-1.2703193423268442
2023-07-01,Rutsiro,off,-0.7490064483654295
2023-08-01,Rutsiro,off,-1.9436393325158483
2023-09-01,Rutsiro,off,0.1937262576374747
2023-10-01,Rutsiro,B,-1.213935597805497
2023-11-01,Rutsiro,B,-0.3886292261964702
2023-12-01,Rutsiro,B,-0.5847754195828847
2024-01-01,Rutsiro,off,-0.15044539674289212
2024-02-01,Rutsiro,off,-1.2716963526826333
2024-03-01,Rutsiro,A,-1.186401004291537
2024-04-01,Rutsiro,A,1.294795883246112
2024-05-01,Rutsiro,A,-1.5858200991481435
2024-06-01,Rutsiro,off,-1.6300425983910387
2024-07-01,Rutsiro,off,-0.6458722084724735
2024-08-01,Rutsiro,off,-1.3958429210387238
2024-09-01,Rutsiro,off,-0.32489097239603976
2024-10-01,Rutsiro,B,0.18742445291804657
2024-11-01,Rutsiro,B,3.5503641627551725
2024-12-01,Rutsiro,B,-0.5704174547081698
2025-01-01,Rutsiro,off,0.026562485866748895
2025-02-01,Rutsiro,off,-0.7766200517827009
2025-03-01,Rutsiro,A,-1.2874167078732524
2025-04-01,Rutsiro,A,0.8067849973007163
2025-05-01,Rutsiro,A,-0.15244432015397633
2025-06-01,Rutsiro,off,2.3869116905881054
2025-07-01,Rutsiro,off,0.273050646026069
2025-08-01,Rutsiro,off,3.20851613238479
2025-09-01,Rutsiro,off,-1.1413531451935957
2025-10-01,Rutsiro,B,-0.26113686479708453
2025-11-01,Rutsiro,B,-0.4922949939867494
2025-12-01,Rutsiro,B,0.4404284379080898
2026-01-01,Rutsiro,off,2.776609470603243
2026-02-01,Rutsiro,off,0.011118628324960736
2026-03-01,Rutsiro,A,0.5400170158580565
2026-04-01,Rutsiro,A,-0.24652120475521347
2026-05-01,Rutsiro,A,-1.9062405178971387
2026-06-01,Rutsiro,off,-1.3763559747454346
2026-07-01,Rutsiro,off,1.0866885602326661
2026-08-01,Rutsiro,off,-1.9200543952115752
2026-09-01,Rutsiro,off,0.8855998927213008
1981-01-01,Rwamagana,off,-0.6346264095871286
1981-02-01,Rwamagana,off,-0.2368654993252693
1981-03-01,Rwamagana,A,0.8676777437672336
1981-04-01,Rwamagana,A,0.8459492153681245
1981-05-01,Rwamagana,A,0.30661699762012823
1981-06-01,Rwamagana,off,-0.14364103573625114
1981-07-01,Rwamagana,off,-0.17727693348987766
1981-08-01,Rwamagana,off,0.9261192256075532
1981-09-01,Rwamagana,off,1.3570008386216659
1981-10-01,Rwamagana,B,0.23013699033150048
1981-11-01,Rwamagana,B,-1.1118097281926114
1981-12-01,Rwamagana,B,-0.09830697496860627
1982-01-01,Rwamagana,off,-0.01569359298444269
1982-02-01,Rwamagana,off,-0.9675544031392171
1982-03-01,Rwamagana,A,-0.8416410725769421
1982-04-01,Rwamagana,A,1.008329234577831
1982-05-01,Rwamagana,A,1.085458255343984
1982-06-01,Rwamagana,off,-0.30543903432215175
1982-07-01,Rwamagana,off,-0.1344784780963273
1982-08-01,Rwamagana,off,-1.4299789140067627
1982-09-01,Rwamagana,off,0.5197535074954017
1982-10-01,Rwamagana,B,0.16077498211217975
1982-11-01,Rwamagana,B,0.5189014083424959
1982-12-01,Rwamagana,B,0.052361669955379844
1983-01-01,Rwamagana,off,-1.6586387238758031
1983-02-01,Rwamagana,off,-0.3287759932431735
1983-03-01,Rwamagana,A,-0.4813641077348263
1983-04-01,Rwamagana,A,0.2532249641631357
1983-05-01,Rwamagana,A,-1.1283061916425865
1983-06-01,Rwamagana,off,-0.6069337557040531
1983-07-01,Rwamagana,off,-0.36919044399900475
1983-08-01,Rwamagana,off,0.8383257318608651
1983-09-01,Rwamagana,off,0.18426811275809807
1983-10-01,Rwamagana,B,0.5143937893302435
1983-11-01,Rwamagana,B,0.25680665698348426
1983-12-01,Rwamagana,B,-0.18829190095123163
1984-01-01,Rwamagana,off,-0.06584370300200974
1984-02-01,Rwamagana,off,0.5449634233886963
1984-03-01,Rwamagana,A,-0.5629044111429548
1984-04-01,Rwamagana,A,-0.6417802295981891
1984-05-01,Rwamagana,A,-1.9070385260546026
1984-06-01,Rwamagana,off,-0.8028869497858706
1984-07-01,Rwamagana,off,1.3936398200900972
1984-08-01,Rwamagana,off,-0.03721275896051836
1984-09-01,Rwamagana,off,-0.9204919624216057
1984-10-01,Rwamagana,B,-0.3449282612574866
1984-11-01,Rwamagana,B,1.2387558875929323
1984-12-01,Rwamagana,B,-1.322915414760336
1985-01-01,Rwamagana,off,0.44730438741374856
1985-02-01,Rwamagana,off,0.9812043755103815
1985-03-01,Rwamagana,A,-0.5377743760612598
1985-04-01,Rwamagana,A,1.8673973277325635
1985-05-01,Rwamagana,A,-1.1222835798030506
1985-06-01,Rwamagana,off,-0.2506032039712853
1985-07-01,Rwamagana,off,-0.05107602085709012
1985-08-01,Rwamagana,off,-0.8753071723010665
1985-09-01,Rwamagana,off,0.25026033249567187
1985-10-01,Rwamagana,B,0.33779025858471473
1985-11-01,Rwamagana,B,0.22940663555579954
1985-12-01,Rwamagana,B,-0.08465120250464894
1986-01-01,Rwamagana,off,-0.4191457741617981
1986-02-01,Rwamagana,off,0.5534908143016884
1986-03-01,Rwamagana,A,-1.0380852354209686
1986-04-01,Rwamagana,A,1.1395154902671203
1986-05-01,Rwamagana,A,-0.3687060975957747
1986-06-01,Rwamagana,off,-0.5419986160826895
1986-07-01,Rwamagana,off,-0.13695546332982284
1986-08-01,Rwamagana,off,-1.321476701697598
1986-09-01,Rwamagana,off,-1.0636408072365011
1986-10-01,Rwamagana,B,-0.3889028319975962
1986-11-01,Rwamagana,B,0.16952820215563458
1986-12-01,Rwamagana,B,0.4733802603592956
1987-01-01,Rwamagana,off,0.8110096939856961
1987-02-01,Rwamagana,off,0.3531584794313283
1987-03-01,Rwamagana,A,0.17048293672397552
1987-04-01,Rwamagana,A,-0.21489397271686103
1987-05-01,Rwamagana,A,0.8258393743432194
1987-06-01,Rwamagana,off,0.9666809959788031
1987-07-01,Rwamagana,off,-0.29654878496182724
1987-08-01,Rwamagana,off,-0.504678044481953
1987-09-01,Rwamagana,off,1.3387794847812542
1987-10-01,Rwamagana,B,-0.3332272330140782
1987-11-01,Rwamagana,B,0.6769194112474863
1987-12-01,Rwamagana,B,-1.9485157204929096
1988-01-01,Rwamagana,off,-0.10839191349714142
1988-02-01,Rwamagana,off,-0.04566356909264774
1988-03-01,Rwamagana,A,0.24666118072892193
1988-04-01,Rwamagana,A,1.0192872988064703
1988-05-01,Rwamagana,A,-1.2997144371734501
1988-06-01,Rwamagana,off,-0.7856424496387419
1988-07-01,Rwamagana,off,0.27469148572994756
1988-08-01,Rwamagana,off,1.5919856033490505
1988-09-01,Rwamagana,off,1.0946541812001143
1988-10-01,Rwamagana,B,0.5722026352104479
1988-11-01,Rwamagana,B,-0.2680128840353229
1988-12-01,Rwamagana,B,-1.2099709708722794
1989-01-01,Rwamagana,off,0.712724521773335
1989-02-01,Rwamagana,off,-0.8782625505039623
1989-03-01,Rwamagana,A,0.07217857750857651
1989-04-01,Rwamagana,A,-0.014894238579572033
1989-05-01,Rwamagana,A,-0.5924822633285375
1989-06-01,Rwamagana,off,-0.335932043004733
1989-07-01,Rwamagana,off,-0.1482396731638421
1989-08-01,Rwamagana,off,1.773213034595316
1989-09-01,Rwamagana,off,0.3668069383136515
1989-10-01,Rwamagana,B,-0.6543407486174059
1989-11-01,Rwamagana,B,-0.5157517212739269
1989-12-01,Rwamagana,B,2.081494101957412
1990-01-01,Rwamagana,off,0.7124853252886351
1990-02-01,Rwamagana,off,2.379291216939313
1990-03-01,Rwamagana,A,0.4967224591939877
1990-04-01,Rwamagana,A,-0.2450945384728432
1990-05-01,Rwamagana,A,-1.0546828180560395
1990-06-01,Rwamagana,off,-0.934868390246598
1990-07-01,Rwamagana,off,-0.13511569619371708
1990-08-01,Rwamagana,off,-0.9415508410023281
1990-09-01,Rwamagana,off,1.4948701582480721
1990-10-01,Rwamagana,B,-0.7093525397288428
1990-11-01,Rwamagana,B,-0.490149781796783
1990-12-01,Rwamagana,B,-0.054693278197886344
1991-01-01,Rwamagana,off,-0.38502748103662743
1991-02-01,Rwamagana,off,0.32259062917327386
1991-03-01,Rwamagana,A,-0.6853817519311887
1991-04-01,Rwamagana,A,-0.5665269306949263
1991-05-01,Rwamagana,A,2.694676759933945
1991-06-01,Rwamagana,off,1.0378267154067053
1991-07-01,Rwamagana,off,0.3673722469574727
1991-08-01,Rwamagana,off,-0.9678164434177713
1991-09-01,Rwamagana,off,-0.8103403813713801
1991-10-01,Rwamagana,B,0.5685263340764576
1991-11-01,Rwamagana,B,-0.6872304938130501
1991-12-01,Rwamagana,B,-0.2612959947831478
1992-01-01,Rwamagana,off,-1.0590093590303291
1992-02-01,Rwamagana,off,-0.2653312300035931
1992-03-01,Rwamagana,A,-1.1002983848240886
1992-04-01,Rwamagana,A,-0.44561268960097505
1992-05-01,Rwamagana,A,0.3476815878774873
1992-06-01,Rwamagana,off,0.8209923984538864
1992-07-01,Rwamagana,off,-0.24161865846238895
1992-08-01,Rwamagana,off,-1.256999720059862
1992-09-01,Rwamagana,off,0.024790370243171052
1992-10-01,Rwamagana,B,-0.3058130415219762
1992-11-01,Rwamagana,B,-0.7196230492425946
1992-12-01,Rwamagana,B,0.27203139338553484
1993-01-01,Rwamagana,off,1.512541432640565
1993-02-01,Rwamagana,off,0.49939024417761946
1993-03-01,Rwamagana,A,-0.5599723226840131
1993-04-01,Rwamagana,A,-0.8211814951863872
1993-05-01,Rwamagana,A,0.633454996272624
1993-06-01,Rwamagana,off,-0.5892252333294868
1993-07-01,Rwamagana,off,-0.36465350376770017
1993-08-01,Rwamagana,off,2.381800912612619
1993-09-01,Rwamagana,off,-1.5723271111614991
1993-10-01,Rwamagana,B,-1.7117991197022848
1993-11-01,Rwamagana,B,-0.09908840217947078
1993-12-01,Rwamagana,B,-1.1554251195737102
1994-01-01,Rwamagana,off,0.48116939203107
1994-02-01,Rwamagana,off,-0.26475349050074454
1994-03-01,Rwamagana,A,0.9298269662235688
1994-04-01,Rwamagana,A,-0.5949945343636688
1994-05-01,Rwamagana,A,2.2929395579060614
1994-06-01,Rwamagana,off,-0.5941402612040265
1994-07-01,Rwamagana,off,0.253953245270874
1994-08-01,Rwamagana,off,-0.4133329261003844
1994-09-01,Rwamagana,off,-0.8540815083830755
1994-10-01,Rwamagana,B,-0.979472441849868
1994-11-01,Rwamagana,B,0.9213577049060647
1994-12-01,Rwamagana,B,0.9775321436710515
1995-01-01,Rwamagana,off,0.19048005271244095
1995-02-01,Rwamagana,off,-0.7109456964598427
1995-03-01,Rwamagana,A,-0.4738791140310131
1995-04-01,Rwamagana,A,1.2143426392551575
1995-05-01,Rwamagana,A,-0.23279655027729074
1995-06-01,Rwamagana,off,2.8419598074451513
1995-07-01,Rwamagana,off,-0.37146398679704046
1995-08-01,Rwamagana,off,-1.2187003548829092
1995-09-01,Rwamagana,off,-0.1966202420372454
1995-10-01,Rwamagana,B,-0.6610849523131854
1995-11-01,Rwamagana,B,0.2189435982352765
1995-12-01,Rwamagana,B,-1.3488739136396555
1996-01-01,Rwamagana,off,-0.8979497088756657
1996-02-01,Rwamagana,off,0.33225222727221204
1996-03-01,Rwamagana,A,-0.10768693328210946
1996-04-01,Rwamagana,A,-0.6083275727405092
1996-05-01,Rwamagana,A,-0.7381586418207243
1996-06-01,Rwamagana,off,0.9508673378751543
1996-07-01,Rwamagana,off,2.050497448381041
1996-08-01,Rwamagana,off,1.954168659255845
1996-09-01,Rwamagana,off,-0.44982173387275953
1996-10-01,Rwamagana,B,-1.1909569407297405
1996-11-01,Rwamagana,B,-1.0108512523641353
1996-12-01,Rwamagana,B,-0.4166623672468669
1997-01-01,Rwamagana,off,1.936623867460364
1997-02-01,Rwamagana,off,-1.1344759001224918
1997-03-01,Rwamagana,A,-0.6451866305831181
1997-04-01,Rwamagana,A,0.47722045930365914
1997-05-01,Rwamagana,A,-1.0028902180776984
1997-06-01,Rwamagana,off,-0.21953138550561657
1997-07-01,Rwamagana,off,-0.3410983749091774
1997-08-01,Rwamagana,off,0.5781618663920705
1997-09-01,Rwamagana,off,-0.600371811814001
1997-10-01,Rwamagana,B,1.5422630591382762
1997-11-01,Rwamagana,B,0.9545674973394753
1997-12-01,Rwamagana,B,1.3045651340046194
1998-01-01,Rwamagana,off,2.429780237883863
1998-02-01,Rwamagana,off,1.7306697295512803
1998-03-01,Rwamagana,A,0.19042887993850593
1998-04-01,Rwamagana,A,-0.18220430303342486
1998-05-01,Rwamagana,A,1.0735078518048504
1998-06-01,Rwamagana,off,0.6309634730658793
1998-07-01,Rwamagana,off,-0.12271672259809853
1998-08-01,Rwamagana,off,-0.8784688024250499
1998-09-01,Rwamagana,off,-0.1541797842349423
1998-10-01,Rwamagana,B,0.12101685841550869
1998-11-01,Rwamagana,B,-1.0843570846531676
1998-12-01,Rwamagana,B,-1.3662598468608875
1999-01-01,Rwamagana,off,-0.23825496834825394
1999-02-01,Rwamagana,off,-2.130187340335931
1999-03-01,Rwamagana,A,0.6943736082802223
1999-04-01,Rwamagana,A,-1.1518511862850946
1999-05-01,Rwamagana,A,-1.0601633664006982
1999-06-01,Rwamagana,off,-0.6569704606112794
1999-07-01,Rwamagana,off,-0.39189548048007006
1999-08-01,Rwamagana,off,0.926191023573597
1999-09-01,Rwamagana,off,0.17902062908427008
1999-10-01,Rwamagana,B,-1.1261288402810457
1999-11-01,Rwamagana,B,-0.6923551405319307
1999-12-01,Rwamagana,B,-0.022457329294586312
2000-01-01,Rwamagana,off,-0.7828981284692581
2000-02-01,Rwamagana,off,-1.2331910685696883
2000-03-01,Rwamagana,A,-0.39436087101097483
2000-04-01,Rwamagana,A,-1.1947032002856126
2000-05-01,Rwamagana,A,-0.7504718146171708
2000-06-01,Rwamagana,off,-0.6944256199520904
2000-07-01,Rwamagana,off,-0.31578925741621633
2000-08-01,Rwamagana,off,-1.3229046785116871
2000-09-01,Rwamagana,off,-1.6608203117632905
2000-10-01,Rwamagana,B,-0.2983218602605309
2000-11-01,Rwamagana,B,0.3555797654973779
2000-12-01,Rwamagana,B,0.137796399839989
2001-01-01,Rwamagana,off,0.3643082241615499
2001-02-01,Rwamagana,off,-0.7259010232579424
2001-03-01,Rwamagana,A,1.8695210870408785
2001-04-01,Rwamagana,A,-1.0233979692277682
2001-05-01,Rwamagana,A,-0.31389097047828346
2001-06-01,Rwamagana,off,-0.9461286191140076
2001-07-01,Rwamagana,off,1.6597676772578278
2001-08-01,Rwamagana,off,-0.2246056844582464
2001-09-01,Rwamagana,off,0.6105838322306869
2001-10-01,Rwamagana,B,2.4946970824023875
2001-11-01,Rwamagana,B,1.5265757609953625
2001-12-01,Rwamagana,B,-0.026985528903938228
2002-01-01,Rwamagana,off,0.10866114197955608
2002-02-01,Rwamagana,off,-0.3979800236396943
2002-03-01,Rwamagana,A,0.39864604737202475
2002-04-01,Rwamagana,A,0.6579793530777265
2002-05-01,Rwamagana,A,0.4630666051734027
2002-06-01,Rwamagana,off,-0.8996460696084773
2002-07-01,Rwamagana,off,-0.4164702296464325
2002-08-01,Rwamagana,off,-1.2808251169762779
2002-09-01,Rwamagana,off,-1.6957175570762717
2002-10-01,Rwamagana,B,-0.10778319161111911
2002-11-01,Rwamagana,B,-0.5219597480161442
2002-12-01,Rwamagana,B,0.8981652226685777
2003-01-01,Rwamagana,off,-0.8808242328101344
2003-02-01,Rwamagana,off,-0.8891713595440955
2003-03-01,Rwamagana,A,-1.1254311067551328
2003-04-01,Rwamagana,A,-0.15807539247918717
2003-05-01,Rwamagana,A,-0.07684573791047547
2003-06-01,Rwamagana,off,-0.1970787902272105
2003-07-01,Rwamagana,off,0.09672762880044657
2003-08-01,Rwamagana,off,-0.10095926318627442
2003-09-01,Rwamagana,off,1.1337697576957038
2003-10-01,Rwamagana,B,-0.1877438282787621
2003-11-01,Rwamagana,B,-0.35949298036330307
2003-12-01,Rwamagana,B,-1.2507692508788797
2004-01-01,Rwamagana,off,0.2148784955069071
2004-02-01,Rwamagana,off,0.45253270638204474
2004-03-01,Rwamagana,A,-0.03706507143626709
2004-04-01,Rwamagana,A,0.4885729663954391
2004-05-01,Rwamagana,A,-1.338948145850438
2004-06-01,Rwamagana,off,-0.8351950868615509
2004-07-01,Rwamagana,off,-0.36603463352382165
2004-08-01,Rwamagana,off,-0.812752703840427
2004-09-01,Rwamagana,off,1.18205366688501
2004-10-01,Rwamagana,B,0.02391657561791707
2004-11-01,Rwamagana,B,2.1593686955464175
2004-12-01,Rwamagana,B,1.090552287588523
2005-01-01,Rwamagana,off,-0.6514571237855442
2005-02-01,Rwamagana,off,-0.5059814451357051
2005-03-01,Rwamagana,A,0.40523122526226896
2005-04-01,Rwamagana,A,-0.7166356295250391
2005-05-01,Rwamagana,A,0.007156878972870755
2005-06-01,Rwamagana,off,-0.36136034066182554
2005-07-01,Rwamagana,off,-0.4328534775148587
2005-08-01,Rwamagana,off,1.7818739429681438
2005-09-01,Rwamagana,off,1.305538587328393
2005-10-01,Rwamagana,B,2.3632691217590875
2005-11-01,Rwamagana,B,-1.0683856939992726
2005-12-01,Rwamagana,B,-1.731196421657969
2006-01-01,Rwamagana,off,-0.5102872159841033
2006-02-01,Rwamagana,off,0.2290238542877648
2006-03-01,Rwamagana,A,0.11340270641408426
2006-04-01,Rwamagana,A,1.493129057571514
2006-05-01,Rwamagana,A,0.4079020873015881
2006-06-01,Rwamagana,off,-0.751388877550843
2006-07-01,Rwamagana,off,0.5415862655815519
2006-08-01,Rwamagana,off,1.4565229537741775
2006-09-01,Rwamagana,off,-0.8620945070048737
2006-10-01,Rwamagana,B,-1.2944670426896414
2006-11-01,Rwamagana,B,1.7532617845745997
2006-12-01,Rwamagana,B,2.6722758614208413
2007-01-01,Rwamagana,off,-0.09822498704278608
2007-02-01,Rwamagana,off,0.7260644946742254
2007-03-01,Rwamagana,A,-0.4186623085100146
2007-04-01,Rwamagana,A,-0.24059014145006113
2007-05-01,Rwamagana,A,3.9947335683512755
2007-06-01,Rwamagana,off,1.528214404636527
2007-07-01,Rwamagana,off,1.7133935112033143
2007-08-01,Rwamagana,off,0.48769130075092565
2007-09-01,Rwamagana,off,0.7274052659463276
2007-10-01,Rwamagana,B,0.0966160743830188
2007-11-01,Rwamagana,B,-0.05803250794905507
2007-12-01,Rwamagana,B,-1.1644806937847278
2008-01-01,Rwamagana,off,-0.47895392582625734
2008-02-01,Rwamagana,off,-0.442271542264377
2008-03-01,Rwamagana,A,-0.05287045716556654
2008-04-01,Rwamagana,A,-0.9974111636658739
2008-05-01,Rwamagana,A,-0.7872205555538787
2008-06-01,Rwamagana,off,1.9517221770091642
2008-07-01,Rwamagana,off,-0.11360356508046283
2008-08-01,Rwamagana,off,-0.015784299234710916
2008-09-01,Rwamagana,off,0.6500576069950681
2008-10-01,Rwamagana,B,-0.02525488575721547
2008-11-01,Rwamagana,B,-0.6695571903476036
2008-12-01,Rwamagana,B,-1.3926868720636512
2009-01-01,Rwamagana,off,-0.06727402105412236
2009-02-01,Rwamagana,off,2.9126940264186
2009-03-01,Rwamagana,A,-0.5678276556480806
2009-04-01,Rwamagana,A,0.04778822870841885
2009-05-01,Rwamagana,A,1.3254744520706712
2009-06-01,Rwamagana,off,-0.47716049290550494
2009-07-01,Rwamagana,off,-0.19439153952172963
2009-08-01,Rwamagana,off,-0.9601990359806196
2009-09-01,Rwamagana,off,-1.8302493973056502
2009-10-01,Rwamagana,B,0.18124938734354767
2009-11-01,Rwamagana,B,-0.42763916137969127
2009-12-01,Rwamagana,B,-0.17722386542801866
2010-01-01,Rwamagana,off,0.6040075733424363
2010-02-01,Rwamagana,off,3.7642740934088423
2010-03-01,Rwamagana,A,0.1964679919317287
2010-04-01,Rwamagana,A,-0.010666241428553103
2010-05-01,Rwamagana,A,-0.7312530264863767
2010-06-01,Rwamagana,off,0.8461663484716442
2010-07-01,Rwamagana,off,-0.03775056363194346
2010-08-01,Rwamagana,off,-1.3843317962691637
2010-09-01,Rwamagana,off,-0.6231342866679008
2010-10-01,Rwamagana,B,-0.06499483698732607
2010-11-01,Rwamagana,B,-0.5944830518968752
2010-12-01,Rwamagana,B,1.039704499788806
2011-01-01,Rwamagana,off,-0.21613323459753087
2011-02-01,Rwamagana,off,0.8504076460843847
2011-03-01,Rwamagana,A,-0.16819036574693352
2011-04-01,Rwamagana,A,0.22034031394738038
2011-05-01,Rwamagana,A,-0.3257837795620471
2011-06-01,Rwamagana,off,1.5224692852464985
2011-07-01,Rwamagana,off,0.060922406787073384
2011-08-01,Rwamagana,off,0.807101610287414
2011-09-01,Rwamagana,off,3.8881691764563784
2011-10-01,Rwamagana,B,1.711900358782162
2011-11-01,Rwamagana,B,0.8631478383987513
2011-12-01,Rwamagana,B,0.04857761612856238
2012-01-01,Rwamagana,off,-1.138440140087073
2012-02-01,Rwamagana,off,-0.6635666423202328
2012-03-01,Rwamagana,A,-0.5838752703227579
2012-04-01,Rwamagana,A,2.2171883557165386
2012-05-01,Rwamagana,A,1.0527480608072113
2012-06-01,Rwamagana,off,0.5010413744215727
2012-07-01,Rwamagana,off,-0.42466188702690305
2012-08-01,Rwamagana,off,1.4616803220816204
2012-09-01,Rwamagana,off,0.6494349491684324
2012-10-01,Rwamagana,B,1.7430190911983137
2012-11-01,Rwamagana,B,0.466829810833061
2012-12-01,Rwamagana,B,1.985467332537205
2013-01-01,Rwamagana,off,0.15560028864336536
2013-02-01,Rwamagana,off,-0.67340277413942
2013-03-01,Rwamagana,A,0.8682001185652107
2013-04-01,Rwamagana,A,-0.25395845447978427
2013-05-01,Rwamagana,A,-1.3507058432027599
2013-06-01,Rwamagana,off,-1.101142980866568
2013-07-01,Rwamagana,off,-0.3719949126881785
2013-08-01,Rwamagana,off,-0.48586908449273797
2013-09-01,Rwamagana,off,1.3548542020732375
2013-10-01,Rwamagana,B,-0.800450289590135
2013-11-01,Rwamagana,B,0.36222580442747226
2013-12-01,Rwamagana,B,0.46918024657702906
2014-01-01,Rwamagana,off,-0.7070499767280726
2014-02-01,Rwamagana,off,0.42659970469967345
2014-03-01,Rwamagana,A,-0.048705550804895255
2014-04-01,Rwamagana,A,-0.7242937076112786
2014-05-01,Rwamagana,A,-1.664249433905797
2014-06-01,Rwamagana,off,-0.39275132561381365
2014-07-01,Rwamagana,off,-0.2897382350399724
2014-08-01,Rwamagana,off,0.2043366142087651
2014-09-01,Rwamagana,off,-0.4622717130110249
2014-10-01,Rwamagana,B,0.03673184363155923
2014-11-01,Rwamagana,B,-0.1382134216684212
2014-12-01,Rwamagana,B,-1.1675086726638466
2015-01-01,Rwamagana,off,-1.8439954412185295
2015-02-01,Rwamagana,off,-0.5917381398435095
2015-03-01,Rwamagana,A,-0.43057700259491843
2015-04-01,Rwamagana,A,1.109680313725286
2015-05-01,Rwamagana,A,-1.2507591389603698
2015-06-01,Rwamagana,off,0.3571318279266951
2015-07-01,Rwamagana,off,-0.17229375329135818
2015-08-01,Rwamagana,off,-0.46408157919295
2015-09-01,Rwamagana,off,-0.6218005168123625
2015-10-01,Rwamagana,B,-0.15566400650534978
2015-11-01,Rwamagana,B,-0.19183339137009744
2015-12-01,Rwamagana,B,-0.7098182788641646
2016-01-01,Rwamagana,off,0.6415377303412559
2016-02-01,Rwamagana,off,-0.8873315924079894
2016-03-01,Rwamagana,A,0.5753306406969176
2016-04-01,Rwamagana,A,0.1209806695649222
2016-05-01,Rwamagana,A,-1.7365004072094237
2016-06-01,Rwamagana,off,-1.0721285754831402
2016-07-01,Rwamagana,off,-0.21352665626507616
2016-08-01,Rwamagana,off,-1.1922502294649828
2016-09-01,Rwamagana,off,-0.4715303283024133
2016-10-01,Rwamagana,B,0.5212751338304172
2016-11-01,Rwamagana,B,0.22730845148569903
2016-12-01,Rwamagana,B,-1.180857531120472
2017-01-01,Rwamagana,off,-0.9768527971794941
2017-02-01,Rwamagana,off,-0.6462103647806269
2017-03-01,Rwamagana,A,-0.8437274835644117
2017-04-01,Rwamagana,A,-0.6328642377683619
2017-05-01,Rwamagana,A,0.5419998508527191
2017-06-01,Rwamagana,off,-0.9414924772830362
2017-07-01,Rwamagana,off,-0.36465350376770017
2017-08-01,Rwamagana,off,0.3958396276511647
2017-09-01,Rwamagana,off,0.7667208287641064
2017-10-01,Rwamagana,B,0.29510302314601794
2017-11-01,Rwamagana,B,0.30850063509728787
2017-12-01,Rwamagana,B,-1.048800892324191
2018-01-01,Rwamagana,off,1.3049220613156258
2018-02-01,Rwamagana,off,-1.1480034730815523
2018-03-01,Rwamagana,A,1.8704560214247956
2018-04-01,Rwamagana,A,2.9731470219271543
2018-05-01,Rwamagana,A,0.6095492837432617
2018-06-01,Rwamagana,off,-0.5517022784247759
2018-07-01,Rwamagana,off,-0.4765736002768605
2018-08-01,Rwamagana,off,0.14993817171563464
2018-09-01,Rwamagana,off,-1.0316279225730463
2018-10-01,Rwamagana,B,-0.9888694912009404
2018-11-01,Rwamagana,B,-0.351575849864177
2018-12-01,Rwamagana,B,1.9357434058811196
2019-01-01,Rwamagana,off,1.7598214875654004
2019-02-01,Rwamagana,off,-0.36242103297384254
2019-03-01,Rwamagana,A,-1.117214554210349
2019-04-01,Rwamagana,A,-0.1004954750826382
2019-05-01,Rwamagana,A,1.7929176742109252
2019-06-01,Rwamagana,off,-0.448388115789909
2019-07-01,Rwamagana,off,-0.2534970076141711
2019-08-01,Rwamagana,off,1.0137040481538624
2019-09-01,Rwamagana,off,0.33743689887450506
2019-10-01,Rwamagana,B,-0.09355634659830246
2019-11-01,Rwamagana,B,0.28232958525172325
2019-12-01,Rwamagana,B,-0.33588975578653274
2020-01-01,Rwamagana,off,1.8874100408257632
2020-02-01,Rwamagana,off,2.047636511260498
2020-03-01,Rwamagana,A,-0.013661298041564955
2020-04-01,Rwamagana,A,1.1656946118094886
2020-05-01,Rwamagana,A,-1.4441628920662508
2020-06-01,Rwamagana,off,-0.8889446385134335
2020-07-01,Rwamagana,off,-0.2100329048043791
2020-08-01,Rwamagana,off,-1.3752021385978415
2020-09-01,Rwamagana,off,-0.6902519395232088
2020-10-01,Rwamagana,B,2.5799551603037734
2020-11-01,Rwamagana,B,-0.153400820898378
2020-12-01,Rwamagana,B,1.067855824498125
2021-01-01,Rwamagana,off,-0.5228687504017664
2021-02-01,Rwamagana,off,0.27859198827653664
2021-03-01,Rwamagana,A,-0.3861801394079455
2021-04-01,Rwamagana,A,-0.3807146864741598
2021-05-01,Rwamagana,A,2.6517233145832617
2021-06-01,Rwamagana,off,-1.101683294007304
2021-07-01,Rwamagana,off,-0.31207137143543434
2021-08-01,Rwamagana,off,-0.46340057994452655
2021-09-01,Rwamagana,off,-0.09071574480230442
2021-10-01,Rwamagana,B,0.4723981110085792
2021-11-01,Rwamagana,B,-0.740633921295089
2021-12-01,Rwamagana,B,0.4866342317834681
2022-01-01,Rwamagana,off,0.38147474993375435
2022-02-01,Rwamagana,off,1.433200454785138
2022-03-01,Rwamagana,A,-0.48120111297340384
2022-04-01,Rwamagana,A,0.8070465020038492
2022-05-01,Rwamagana,A,0.06579154639635992
2022-06-01,Rwamagana,off,-0.8150244070943012
2022-07-01,Rwamagana,off,0.1869952425512405
2022-08-01,Rwamagana,off,0.8316564031868168
2022-09-01,Rwamagana,off,-0.6080551864196431
2022-10-01,Rwamagana,B,-1.3129571260601016
2022-11-01,Rwamagana,B,0.1698300657780877
2022-12-01,Rwamagana,B,0.029618894947132
2023-01-01,Rwamagana,off,1.4892802852364837
2023-02-01,Rwamagana,off,-1.672756935444345
2023-03-01,Rwamagana,A,0.671361646643073
2023-04-01,Rwamagana,A,0.3979501979852837
2023-05-01,Rwamagana,A,-0.7530715141693377
2023-06-01,Rwamagana,off,-0.9547608640441807
2023-07-01,Rwamagana,off,-0.37831687968085737
2023-08-01,Rwamagana,off,-1.5727188225802788
2023-09-01,Rwamagana,off,0.43922455202076505
2023-10-01,Rwamagana,B,-0.9185824598386669
2023-11-01,Rwamagana,B,0.6798350775940076
2023-12-01,Rwamagana,B,0.043949657481919285
2024-01-01,Rwamagana,off,-0.4697189793364078
2024-02-01,Rwamagana,off,-1.4867200104146228
2024-03-01,Rwamagana,A,-1.2385303622202826
2024-04-01,Rwamagana,A,0.7006769568562402
2024-05-01,Rwamagana,A,-1.3013786337553244
2024-06-01,Rwamagana,off,-1.051988242620172
2024-07-01,Rwamagana,off,-0.2466439697965724
2024-08-01,Rwamagana,off,-0.5631034386724285
2024-09-01,Rwamagana,off,-0.03924855461167762
2024-10-01,Rwamagana,B,-0.22272181285728548
2024-11-01,Rwamagana,B,2.758251473032564
2024-12-01,Rwamagana,B,-0.457466544943534
2025-01-01,Rwamagana,off,-0.07217847991130116
2025-02-01,Rwamagana,off,-1.3947511304799212
2025-03-01,Rwamagana,A,-1.3999378646014253
2025-04-01,Rwamagana,A,1.935091359942916
2025-05-01,Rwamagana,A,0.7403453330953568
2025-06-01,Rwamagana,off,1.1368931475986435
2025-07-01,Rwamagana,off,-0.29030131393329545
2025-08-01,Rwamagana,off,0.2539105789950896
2025-09-01,Rwamagana,off,-1.3587638604871182
2025-10-01,Rwamagana,B,0.9017364579590894
2025-11-01,Rwamagana,B,-0.9221233705224036
2025-12-01,Rwamagana,B,0.9889792367789673
2026-01-01,Rwamagana,off,1.683082896111492
2026-02-01,Rwamagana,off,0.014503349426980068
2026-03-01,Rwamagana,A,0.008454315044040114
2026-04-01,Rwamagana,A,-0.20394847313227935
2026-05-01,Rwamagana,A,-1.5231725178488853
2026-06-01,Rwamagana,off,-0.873954449566293
2026-07-01,Rwamagana,off,-0.008863989844580158
2026-08-01,Rwamagana,off,-1.4563463937224708
2026-09-01,Rwamagana,off,-1.0980025333723176
