date,market,crop,price_rwf
2008-01-01,Bugesera,beans,270.0
2008-02-01,Bugesera,beans,245.0
2008-03-01,Bugesera,beans,250.0
2008-04-01,Bugesera,beans,250.0
2008-05-01,Bugesera,beans,250.0
2008-06-01,Bugesera,beans,255.0
2008-07-01,Bugesera,beans,296.67
2008-08-01,Bugesera,beans,320.0
2008-09-01,Bugesera,beans,375.0
2008-11-01,Bugesera,beans,300.0
2008-12-01,Bugesera,beans,300.0
2009-01-01,Bugesera,beans,212.5
2009-02-01,Bugesera,beans,250.0
2009-03-01,Bugesera,beans,200.0
2009-04-01,Bugesera,beans,250.0
2009-05-01,Bugesera,beans,190.0
2009-06-01,Bugesera,beans,204.17
2009-07-01,Bugesera,beans,192.5
2009-08-01,Bugesera,beans,239.17
2009-09-01,Bugesera,beans,301.67
2009-10-01,Bugesera,beans,291.0
2009-11-01,Bugesera,beans,348.75
2009-12-01,Bugesera,beans,350.42
2010-01-01,Bugesera,beans,220.62
2010-02-01,Bugesera,beans,251.25
2010-03-01,Bugesera,beans,277.5
2010-04-01,Bugesera,beans,263.75
2010-05-01,Bugesera,beans,218.75
2010-06-01,Bugesera,beans,245.42
2010-07-01,Bugesera,beans,255.5
2010-08-01,Bugesera,beans,269.375
2010-09-01,Bugesera,beans,301.66499999999996
2010-10-01,Bugesera,beans,311.5
2010-11-01,Bugesera,beans,285.105
2010-12-01,Bugesera,beans,288.75
2011-01-01,Bugesera,beans,263.46000000000004
2011-02-01,Bugesera,beans,268.83500000000004
2011-03-01,Bugesera,beans,300.66499999999996
2011-04-01,Bugesera,beans,306.25
2011-05-01,Bugesera,beans,307.96000000000004
2011-06-01,Bugesera,beans,255.29000000000002
2011-07-01,Bugesera,beans,268.375
2011-08-01,Bugesera,beans,276.53999999999996
2011-09-01,Bugesera,beans,283.865
2011-10-01,Bugesera,beans,259.625
2011-11-01,Bugesera,beans,267.125
2011-12-01,Bugesera,beans,313.1333333333333
2012-01-01,Bugesera,beans,206.25
2012-02-01,Bugesera,beans,222.5
2012-03-01,Bugesera,beans,250.0
2012-04-01,Bugesera,beans,300.0
2012-05-01,Bugesera,beans,282.125
2012-06-01,Bugesera,beans,282.425
2012-07-01,Bugesera,beans,309.975
2012-08-01,Bugesera,beans,318.21500000000003
2012-09-01,Bugesera,beans,333.3333333333333
2012-10-01,Bugesera,beans,366.6666666666667
2012-11-01,Bugesera,beans,341.71000000000004
2012-12-01,Bugesera,beans,331.25
2013-01-01,Bugesera,beans,255.125
2013-02-01,Bugesera,beans,278.0
2013-03-01,Bugesera,beans,299.0
2013-04-01,Bugesera,beans,322.5
2013-05-01,Bugesera,beans,345.0
2013-06-01,Bugesera,beans,335.0
2013-07-01,Bugesera,beans,339.53999999999996
2013-08-01,Bugesera,beans,352.0
2013-09-01,Bugesera,beans,477.78999999999996
2013-10-01,Bugesera,beans,508.25
2013-11-01,Bugesera,beans,524.65
2013-12-01,Bugesera,beans,370.75
2014-01-01,Bugesera,beans,320.05
2014-02-01,Bugesera,beans,357.33500000000004
2014-03-01,Bugesera,beans,405.28999999999996
2014-04-01,Bugesera,beans,397.865
2014-05-01,Bugesera,beans,350.0
2014-06-01,Bugesera,beans,421.625
2014-07-01,Bugesera,beans,402.83500000000004
2014-08-01,Bugesera,beans,399.125
2014-09-01,Bugesera,beans,402.83500000000004
2014-10-01,Bugesera,beans,390.2
2014-11-01,Bugesera,beans,346.625
2014-12-01,Bugesera,beans,311.67
2015-01-01,Bugesera,beans,250.0
2015-02-01,Bugesera,beans,278.66499999999996
2015-03-01,Bugesera,beans,306.96000000000004
2015-04-01,Bugesera,beans,347.16499999999996
2015-05-01,Bugesera,beans,354.125
2015-06-01,Bugesera,beans,352.83500000000004
2015-07-01,Bugesera,beans,289.625
2015-08-01,Bugesera,beans,350.0
2015-09-01,Bugesera,beans,363.96500000000003
2015-10-01,Bugesera,beans,400.25
2015-11-01,Bugesera,beans,441.75
2015-12-01,Bugesera,beans,495.7
2012-06-01,Burera,beans,374.0
2012-07-01,Burera,beans,346.0
2012-08-01,Burera,beans,325.0
2012-11-01,Burera,beans,350.0
2012-12-01,Burera,beans,346.67
2013-01-01,Burera,beans,342.0
2013-02-01,Burera,beans,302.0
2013-03-01,Burera,beans,305.67
2013-04-01,Burera,beans,343.0
2013-05-01,Burera,beans,363.33
2013-06-01,Burera,beans,398.67
2013-07-01,Burera,beans,377.75
2013-08-01,Burera,beans,386.5
2013-09-01,Burera,beans,466.6
2013-10-01,Burera,beans,517.5
2013-11-01,Burera,beans,533.33
2013-12-01,Burera,beans,500.0
2014-01-01,Burera,beans,377.67
2014-02-01,Burera,beans,427.67
2014-03-01,Burera,beans,429.25
2014-04-01,Burera,beans,461.0
2014-05-01,Burera,beans,445.75
2014-06-01,Burera,beans,383.33
2014-07-01,Burera,beans,376.67
2014-08-01,Burera,beans,388.0
2014-09-01,Burera,beans,406.75
2014-11-01,Burera,beans,377.0
2014-12-01,Burera,beans,350.0
2015-01-01,Burera,beans,350.0
2015-02-01,Burera,beans,330.75
2015-03-01,Burera,beans,336.0
2015-04-01,Burera,beans,395.75
2015-05-01,Burera,beans,481.0
2015-06-01,Burera,beans,460.75
2015-07-01,Burera,beans,399.0
2015-08-01,Burera,beans,395.75
2015-09-01,Burera,beans,413.2
2015-10-01,Burera,beans,433.33
2015-11-01,Burera,beans,479.0
2015-12-01,Burera,beans,511.0
2008-01-01,Gakenke,beans,251.66666666666666
2008-02-01,Gakenke,beans,256.6666666666667
2008-03-01,Gakenke,beans,270.8333333333333
2008-04-01,Gakenke,beans,261.6666666666667
2008-05-01,Gakenke,beans,270.8333333333333
2008-06-01,Gakenke,beans,285.8333333333333
2008-07-01,Gakenke,beans,327.77666666666664
2008-08-01,Gakenke,beans,355.0
2008-09-01,Gakenke,beans,375.0
2008-10-01,Gakenke,beans,384.1666666666667
2008-11-01,Gakenke,beans,337.5
2008-12-01,Gakenke,beans,293.75
2009-01-01,Gakenke,beans,266.25
2009-02-01,Gakenke,beans,265.0
2009-03-01,Gakenke,beans,245.0
2009-04-01,Gakenke,beans,248.125
2009-05-01,Gakenke,beans,248.75
2009-06-01,Gakenke,beans,238.125
2009-07-01,Gakenke,beans,244.79
2009-08-01,Gakenke,beans,272.0
2009-09-01,Gakenke,beans,306.67
2009-10-01,Gakenke,beans,341.91499999999996
2009-11-01,Gakenke,beans,400.575
2009-12-01,Gakenke,beans,379.81
2010-01-01,Gakenke,beans,296.875
2010-02-01,Gakenke,beans,257.5
2010-03-01,Gakenke,beans,247.98000000000002
2010-04-01,Gakenke,beans,241.685
2010-05-01,Gakenke,beans,250.31
2010-06-01,Gakenke,beans,249.685
2010-07-01,Gakenke,beans,262.5
2010-08-01,Gakenke,beans,279.41
2010-09-01,Gakenke,beans,295.27
2010-10-01,Gakenke,beans,291.6666666666667
2010-11-01,Gakenke,beans,285.6666666666667
2010-12-01,Gakenke,beans,274.9433333333333
2011-01-01,Gakenke,beans,234.63333333333333
2011-02-01,Gakenke,beans,229.44333333333336
2011-03-01,Gakenke,beans,244.68999999999997
2011-04-01,Gakenke,beans,271.3066666666667
2011-05-01,Gakenke,beans,332.1666666666667
2011-06-01,Gakenke,beans,311.71666666666664
2011-07-01,Gakenke,beans,300.7
2011-08-01,Gakenke,beans,309.91
2011-09-01,Gakenke,beans,296.6433333333334
2011-10-01,Gakenke,beans,305.175
2011-11-01,Gakenke,beans,314.125
2011-12-01,Gakenke,beans,298.0375
2012-01-01,Gakenke,beans,263.534
2012-02-01,Gakenke,beans,267.416
2012-03-01,Gakenke,beans,289.554
2012-04-01,Gakenke,beans,322.35
2012-05-01,Gakenke,beans,304.5
2012-06-01,Gakenke,beans,335.966
2012-07-01,Gakenke,beans,326.586
2012-08-01,Gakenke,beans,323.158
2012-09-01,Gakenke,beans,330.0
2012-10-01,Gakenke,beans,350.0
2012-11-01,Gakenke,beans,339.375
2012-12-01,Gakenke,beans,316.51599999999996
2013-01-01,Gakenke,beans,266.25
2013-02-01,Gakenke,beans,286.8
2013-03-01,Gakenke,beans,310.23400000000004
2013-04-01,Gakenke,beans,347.866
2013-05-01,Gakenke,beans,362.616
2013-06-01,Gakenke,beans,384.65
2013-07-01,Gakenke,beans,371.616
2013-08-01,Gakenke,beans,374.875
2013-09-01,Gakenke,beans,473.18
2013-10-01,Gakenke,beans,522.3
2013-11-01,Gakenke,beans,538.5
2013-12-01,Gakenke,beans,441.8
2014-01-01,Gakenke,beans,364.0
2014-02-01,Gakenke,beans,385.3
2014-03-01,Gakenke,beans,407.556
2014-04-01,Gakenke,beans,409.116
2014-05-01,Gakenke,beans,392.884
2014-06-01,Gakenke,beans,397.954
2014-07-01,Gakenke,beans,384.75
2014-08-01,Gakenke,beans,381.5825
2014-09-01,Gakenke,beans,384.0833333333333
2014-10-01,Gakenke,beans,367.5
2014-11-01,Gakenke,beans,366.45
2014-12-01,Gakenke,beans,333.4
2015-01-01,Gakenke,beans,348.7925
2015-02-01,Gakenke,beans,309.23199999999997
2015-03-01,Gakenke,beans,337.02
2015-04-01,Gakenke,beans,378.63199999999995
2015-05-01,Gakenke,beans,424.584
2015-06-01,Gakenke,beans,377.21999999999997
2015-07-01,Gakenke,beans,365.45
2015-08-01,Gakenke,beans,372.116
2015-09-01,Gakenke,beans,384.05
2015-10-01,Gakenke,beans,417.1
2015-11-01,Gakenke,beans,445.375
2015-12-01,Gakenke,beans,475.284
2008-01-01,Gatsibo,beans,250.0
2008-02-01,Gatsibo,beans,211.25
2008-03-01,Gatsibo,beans,235.0
2008-04-01,Gatsibo,beans,235.625
2008-05-01,Gatsibo,beans,245.0
2008-06-01,Gatsibo,beans,252.5
2008-07-01,Gatsibo,beans,284.16499999999996
2008-08-01,Gatsibo,beans,313.75
2008-09-01,Gatsibo,beans,361.25
2008-10-01,Gatsibo,beans,387.5
2008-11-01,Gatsibo,beans,267.5
2008-12-01,Gatsibo,beans,210.0
2009-01-01,Gatsibo,beans,195.0
2009-02-01,Gatsibo,beans,185.0
2009-03-01,Gatsibo,beans,160.0
2009-04-01,Gatsibo,beans,162.5
2009-05-01,Gatsibo,beans,158.75
2009-06-01,Gatsibo,beans,170.0
2009-07-01,Gatsibo,beans,182.67
2009-08-01,Gatsibo,beans,237.88
2009-09-01,Gatsibo,beans,270.62
2009-10-01,Gatsibo,beans,335.62
2009-11-01,Gatsibo,beans,395.62
2009-12-01,Gatsibo,beans,410.0
2010-01-01,Gatsibo,beans,210.25
2010-02-01,Gatsibo,beans,220.62
2010-03-01,Gatsibo,beans,205.75
2010-04-01,Gatsibo,beans,205.83
2010-05-01,Gatsibo,beans,180.0
2010-06-01,Gatsibo,beans,219.25
2010-07-01,Gatsibo,beans,234.17
2010-08-01,Gatsibo,beans,241.67
2010-09-01,Gatsibo,beans,275.0
2010-10-01,Gatsibo,beans,268.12
2010-11-01,Gatsibo,beans,281.25
2010-12-01,Gatsibo,beans,247.5
2011-01-01,Gatsibo,beans,222.5
2011-02-01,Gatsibo,beans,195.75
2011-03-01,Gatsibo,beans,221.25
2011-04-01,Gatsibo,beans,254.67
2011-05-01,Gatsibo,beans,275.5
2011-06-01,Gatsibo,beans,239.4
2011-07-01,Gatsibo,beans,242.25
2011-08-01,Gatsibo,beans,267.4
2011-09-01,Gatsibo,beans,256.0
2011-10-01,Gatsibo,beans,223.5
2011-11-01,Gatsibo,beans,245.4
2011-12-01,Gatsibo,beans,274.515
2012-01-01,Gatsibo,beans,263.175
2012-02-01,Gatsibo,beans,249.89499999999998
2012-03-01,Gatsibo,beans,278.875
2012-04-01,Gatsibo,beans,325.81
2012-05-01,Gatsibo,beans,334.28499999999997
2012-06-01,Gatsibo,beans,331.235
2012-07-01,Gatsibo,beans,330.95
2012-08-01,Gatsibo,beans,331.925
2012-09-01,Gatsibo,beans,350.0
2012-10-01,Gatsibo,beans,310.0
2012-11-01,Gatsibo,beans,356.5
2012-12-01,Gatsibo,beans,355.13
2013-01-01,Gatsibo,beans,321.945
2013-02-01,Gatsibo,beans,323.0
2013-03-01,Gatsibo,beans,345.0
2013-04-01,Gatsibo,beans,366.6
2013-05-01,Gatsibo,beans,391.94
2013-06-01,Gatsibo,beans,375.93
2013-07-01,Gatsibo,beans,357.75
2013-08-01,Gatsibo,beans,366.36
2013-09-01,Gatsibo,beans,470.375
2013-10-01,Gatsibo,beans,545.1800000000001
2013-11-01,Gatsibo,beans,552.03
2013-12-01,Gatsibo,beans,402.055
2014-01-01,Gatsibo,beans,394.21500000000003
2014-02-01,Gatsibo,beans,383.0
2014-03-01,Gatsibo,beans,386.875
2014-04-01,Gatsibo,beans,381.04499999999996
2014-05-01,Gatsibo,beans,388.83500000000004
2014-06-01,Gatsibo,beans,373.71000000000004
2014-07-01,Gatsibo,beans,404.375
2014-08-01,Gatsibo,beans,407.25
2014-09-01,Gatsibo,beans,415.03499999999997
2014-10-01,Gatsibo,beans,307.0
2014-11-01,Gatsibo,beans,359.065
2014-12-01,Gatsibo,beans,339.695
2015-01-01,Gatsibo,beans,325.0
2015-02-01,Gatsibo,beans,320.1
2015-03-01,Gatsibo,beans,353.5
2015-04-01,Gatsibo,beans,380.385
2015-05-01,Gatsibo,beans,443.375
2015-06-01,Gatsibo,beans,417.89
2015-07-01,Gatsibo,beans,376.355
2015-08-01,Gatsibo,beans,388.56
2015-09-01,Gatsibo,beans,406.625
2015-10-01,Gatsibo,beans,397.4
2015-11-01,Gatsibo,beans,424.65
2015-12-01,Gatsibo,beans,436.0
2016-09-01,Gatsibo,beans,500.0
2016-10-01,Gatsibo,beans,525.0
2016-11-01,Gatsibo,beans,600.0
2016-12-01,Gatsibo,beans,537.5
2017-01-01,Gatsibo,beans,382.5
2017-02-01,Gatsibo,beans,400.0
2017-03-01,Gatsibo,beans,412.5
2017-04-01,Gatsibo,beans,490.0
2017-05-01,Gatsibo,beans,390.0
2017-06-01,Gatsibo,beans,350.0
2017-07-01,Gatsibo,beans,385.0
2017-08-01,Gatsibo,beans,425.0
2017-09-01,Gatsibo,beans,470.0
2017-10-01,Gatsibo,beans,427.5
2017-11-01,Gatsibo,beans,476.6666666666667
2017-12-01,Gatsibo,beans,333.3333333333333
2018-01-01,Gatsibo,beans,322.5
2018-02-01,Gatsibo,beans,355.0
2018-03-01,Gatsibo,beans,348.75
2018-04-01,Gatsibo,beans,366.25
2018-05-01,Gatsibo,beans,360.0
2018-06-01,Gatsibo,beans,356.6666666666667
2018-07-01,Gatsibo,beans,366.6666666666667
2018-08-01,Gatsibo,beans,336.25
2018-09-01,Gatsibo,beans,446.6666666666667
2018-10-01,Gatsibo,beans,389.5466666666666
2018-11-01,Gatsibo,beans,403.75
2018-12-01,Gatsibo,beans,353.3333333333333
2019-01-01,Gatsibo,beans,322.5
2019-02-01,Gatsibo,beans,373.7925
2019-03-01,Gatsibo,beans,396.0
2019-04-01,Gatsibo,beans,410.0
2019-05-01,Gatsibo,beans,392.12000000000006
2019-06-01,Gatsibo,beans,330.3025
2019-07-01,Gatsibo,beans,391.6075
2019-08-01,Gatsibo,beans,430.27750000000003
2019-09-01,Gatsibo,beans,460.7925
2019-10-01,Gatsibo,beans,530.0
2019-11-01,Gatsibo,beans,788.69
2019-12-01,Gatsibo,beans,443.75
2020-01-01,Gatsibo,beans,451.6666666666667
2020-02-01,Gatsibo,beans,490.4175
2020-03-01,Gatsibo,beans,628.4733333333334
2020-04-01,Gatsibo,beans,629.1675
2020-05-01,Gatsibo,beans,508.3333333333333
2020-06-01,Gatsibo,beans,594.4466666666666
2020-07-01,Gatsibo,beans,605.105
2020-08-01,Gatsibo,beans,642.3266666666667
2020-09-01,Gatsibo,beans,758.53
2020-10-01,Gatsibo,beans,836.11
2020-11-01,Gatsibo,beans,813.3325
2020-12-01,Gatsibo,beans,567.8866666666667
2021-01-01,Gatsibo,beans,461.57666666666665
2021-02-01,Gatsibo,beans,488.8866666666666
2021-03-01,Gatsibo,beans,558.5475
2021-04-01,Gatsibo,beans,447.49
2021-05-01,Gatsibo,beans,341.25
2021-06-01,Gatsibo,beans,387.5825
2021-07-01,Gatsibo,beans,444.1666666666667
2021-08-01,Gatsibo,beans,442.22333333333336
2021-09-01,Gatsibo,beans,404.11
2021-10-01,Gatsibo,beans,328.89000000000004
2021-11-01,Gatsibo,beans,292.0825
2021-12-01,Gatsibo,beans,278.78499999999997
2022-01-01,Gatsibo,beans,246.29666666666665
2022-02-01,Gatsibo,beans,289.98249999999996
2022-03-01,Gatsibo,beans,322.32
2022-04-01,Gatsibo,beans,409.11
2022-05-01,Gatsibo,beans,361.0175
2022-06-01,Gatsibo,beans,452.045
2022-07-01,Gatsibo,beans,619.35
2022-08-01,Gatsibo,beans,650.63
2022-09-01,Gatsibo,beans,802.36
2022-10-01,Gatsibo,beans,894.2666666666668
2022-11-01,Gatsibo,beans,889.515
2022-12-01,Gatsibo,beans,727.805
2023-01-01,Gatsibo,beans,916.375
2023-02-01,Gatsibo,beans,1172.8925
2023-03-01,Gatsibo,beans,1492.015
2023-04-01,Gatsibo,beans,1318.4924999999998
2023-05-01,Gatsibo,beans,1203.4033333333334
2023-06-01,Gatsibo,beans,1189.28
2023-07-01,Gatsibo,beans,1059.69
2023-08-01,Gatsibo,beans,1081.7933333333333
2023-09-01,Gatsibo,beans,1053.2433333333333
2023-10-01,Gatsibo,beans,986.2025
2023-11-01,Gatsibo,beans,899.76
2023-12-01,Gatsibo,beans,562.8824999999999
2024-01-01,Gatsibo,beans,463.6225
2024-02-01,Gatsibo,beans,484.2775
2024-03-01,Gatsibo,beans,452.0825
2024-04-01,Gatsibo,beans,533.756
2024-05-01,Gatsibo,beans,505.58
2024-06-01,Gatsibo,beans,607.872
2024-07-01,Gatsibo,beans,656.3525
2024-08-01,Gatsibo,beans,754.68
2024-09-01,Gatsibo,beans,838.5066666666667
2024-10-01,Gatsibo,beans,951.95
2024-11-01,Gatsibo,beans,1004.8525
2024-12-01,Gatsibo,beans,883.4159999999999
2025-01-01,Gatsibo,beans,802.8
2025-02-01,Gatsibo,beans,763.02
2025-03-01,Gatsibo,beans,868.0840000000001
2025-04-01,Gatsibo,beans,925.0
2025-05-01,Gatsibo,beans,883.505
2025-06-01,Gatsibo,beans,769.7925
2025-07-01,Gatsibo,beans,778.675
2025-08-01,Gatsibo,beans,827.8824999999999
2025-09-01,Gatsibo,beans,872.5
2025-10-01,Gatsibo,beans,801.638
2025-11-01,Gatsibo,beans,714.6659999999999
2025-12-01,Gatsibo,beans,720.866
2026-01-01,Gatsibo,beans,614.9725
2026-02-01,Gatsibo,beans,710.045
2026-03-01,Gatsibo,beans,735.322
2026-04-01,Gatsibo,beans,932.9175
2026-05-01,Gatsibo,beans,908.3333333333334
2026-06-01,Gatsibo,beans,1000.0
2008-01-01,Gicumbi,beans,234.16666666666666
2008-02-01,Gicumbi,beans,227.5
2008-03-01,Gicumbi,beans,233.75
2008-04-01,Gicumbi,beans,247.08333333333334
2008-05-01,Gicumbi,beans,255.0
2008-06-01,Gicumbi,beans,270.0
2008-07-01,Gicumbi,beans,303.3333333333333
2008-08-01,Gicumbi,beans,325.0
2008-09-01,Gicumbi,beans,353.75
2008-10-01,Gicumbi,beans,358.75
2008-11-01,Gicumbi,beans,289.375
2008-12-01,Gicumbi,beans,247.5
2009-01-01,Gicumbi,beans,194.16666666666666
2009-02-01,Gicumbi,beans,192.91666666666666
2009-03-01,Gicumbi,beans,180.0
2009-04-01,Gicumbi,beans,186.75
2009-05-01,Gicumbi,beans,186.25
2009-06-01,Gicumbi,beans,194.35500000000002
2009-07-01,Gicumbi,beans,198.1
2009-08-01,Gicumbi,beans,234.44333333333336
2009-09-01,Gicumbi,beans,305.98
2009-10-01,Gicumbi,beans,288.65333333333336
2009-11-01,Gicumbi,beans,416.34666666666664
2009-12-01,Gicumbi,beans,332.85
2010-01-01,Gicumbi,beans,202.62666666666667
2010-02-01,Gicumbi,beans,224.08333333333334
2010-03-01,Gicumbi,beans,218.95666666666668
2010-04-01,Gicumbi,beans,221.59666666666666
2010-05-01,Gicumbi,beans,207.71
2010-06-01,Gicumbi,beans,222.5
2010-07-01,Gicumbi,beans,243.02666666666664
2010-08-01,Gicumbi,beans,270.65333333333336
2010-09-01,Gicumbi,beans,308.98
2010-10-01,Gicumbi,beans,300.4433333333333
2010-11-01,Gicumbi,beans,293.875
2010-12-01,Gicumbi,beans,280.84
2011-01-01,Gicumbi,beans,251.5
2011-02-01,Gicumbi,beans,229.0
2011-03-01,Gicumbi,beans,251.45000000000002
2011-04-01,Gicumbi,beans,290.81333333333333
2011-05-01,Gicumbi,beans,312.5
2011-06-01,Gicumbi,beans,276.0833333333333
2011-07-01,Gicumbi,beans,288.34
2011-08-01,Gicumbi,beans,307.84
2011-09-01,Gicumbi,beans,304.98
2011-10-01,Gicumbi,beans,266.125
2011-11-01,Gicumbi,beans,277.4166666666667
2011-12-01,Gicumbi,beans,257.23333333333335
2012-01-01,Gicumbi,beans,207.51749999999998
2012-02-01,Gicumbi,beans,232.45499999999998
2012-03-01,Gicumbi,beans,267.1525
2012-04-01,Gicumbi,beans,307.96500000000003
2012-05-01,Gicumbi,beans,314.1225
2012-06-01,Gicumbi,beans,294.73333333333335
2012-07-01,Gicumbi,beans,299.52750000000003
2012-08-01,Gicumbi,beans,303.46666666666664
2012-09-01,Gicumbi,beans,324.5
2012-10-01,Gicumbi,beans,333.0
2012-11-01,Gicumbi,beans,343.5
2012-12-01,Gicumbi,beans,326.7925
2013-01-01,Gicumbi,beans,257.2075
2013-02-01,Gicumbi,beans,272.25
2013-03-01,Gicumbi,beans,308.625
2013-04-01,Gicumbi,beans,331.4375
2013-05-01,Gicumbi,beans,350.6666666666667
2013-06-01,Gicumbi,beans,352.18
2013-07-01,Gicumbi,beans,350.4825
2013-08-01,Gicumbi,beans,364.99333333333334
2013-09-01,Gicumbi,beans,462.8675
2013-10-01,Gicumbi,beans,540.735
2013-11-01,Gicumbi,beans,511.59749999999997
2013-12-01,Gicumbi,beans,371.31333333333333
2014-01-01,Gicumbi,beans,301.115
2014-02-01,Gicumbi,beans,336.23
2014-03-01,Gicumbi,beans,362.2175
2014-04-01,Gicumbi,beans,362.9775
2014-05-01,Gicumbi,beans,355.0625
2014-06-01,Gicumbi,beans,388.5233333333333
2014-07-01,Gicumbi,beans,378.58500000000004
2014-08-01,Gicumbi,beans,378.97249999999997
2014-09-01,Gicumbi,beans,370.8333333333333
2014-10-01,Gicumbi,beans,370.1666666666667
2014-11-01,Gicumbi,beans,337.11999999999995
2014-12-01,Gicumbi,beans,297.51666666666665
2015-01-01,Gicumbi,beans,293.16
2015-02-01,Gicumbi,beans,280.76
2015-03-01,Gicumbi,beans,308.0625
2015-04-01,Gicumbi,beans,375.9266666666667
2015-05-01,Gicumbi,beans,391.02666666666664
2015-06-01,Gicumbi,beans,316.52666666666664
2015-07-01,Gicumbi,beans,331.49666666666667
2015-08-01,Gicumbi,beans,350.6875
2015-09-01,Gicumbi,beans,373.10999999999996
2015-10-01,Gicumbi,beans,387.145
2015-11-01,Gicumbi,beans,391.385
2015-12-01,Gicumbi,beans,433.5
2016-08-01,Gicumbi,beans,500.0
2016-09-01,Gicumbi,beans,510.0
2016-10-01,Gicumbi,beans,575.0
2016-11-01,Gicumbi,beans,575.0
2016-12-01,Gicumbi,beans,550.0
2017-01-01,Gicumbi,beans,458.3333333333333
2017-02-01,Gicumbi,beans,480.0
2017-03-01,Gicumbi,beans,475.0
2017-04-01,Gicumbi,beans,500.0
2017-05-01,Gicumbi,beans,500.0
2017-06-01,Gicumbi,beans,410.0
2017-07-01,Gicumbi,beans,400.0
2017-08-01,Gicumbi,beans,425.0
2017-09-01,Gicumbi,beans,470.0
2017-10-01,Gicumbi,beans,427.5
2017-11-01,Gicumbi,beans,463.3333333333333
2017-12-01,Gicumbi,beans,356.6666666666667
2018-01-01,Gicumbi,beans,350.0
2018-02-01,Gicumbi,beans,355.0
2018-03-01,Gicumbi,beans,354.0
2018-04-01,Gicumbi,beans,389.0
2018-05-01,Gicumbi,beans,412.0
2018-06-01,Gicumbi,beans,382.0
2018-07-01,Gicumbi,beans,396.0
2018-08-01,Gicumbi,beans,372.5
2018-09-01,Gicumbi,beans,387.5
2018-10-01,Gicumbi,beans,398.166
2018-11-01,Gicumbi,beans,407.334
2018-12-01,Gicumbi,beans,400.0
2019-01-01,Gicumbi,beans,371.5
2019-02-01,Gicumbi,beans,380.5575
2019-03-01,Gicumbi,beans,407.9175
2019-04-01,Gicumbi,beans,430.0
2019-05-01,Gicumbi,beans,473.125
2019-06-01,Gicumbi,beans,440.11
2019-07-01,Gicumbi,beans,437.5
2019-08-01,Gicumbi,beans,488.3925
2019-09-01,Gicumbi,beans,533.57
2019-10-01,Gicumbi,beans,570.415
2019-11-01,Gicumbi,beans,690.625
2019-12-01,Gicumbi,beans,534.3325
2020-01-01,Gicumbi,beans,536.6675
2020-02-01,Gicumbi,beans,523.81
2020-03-01,Gicumbi,beans,624.5825
2020-04-01,Gicumbi,beans,651.5275
2020-05-01,Gicumbi,beans,560.0
2020-06-01,Gicumbi,beans,592.2833333333333
2020-07-01,Gicumbi,beans,609.8100000000001
2020-08-01,Gicumbi,beans,634.3774999999999
2020-09-01,Gicumbi,beans,729.755
2020-10-01,Gicumbi,beans,813.61
2020-11-01,Gicumbi,beans,813.0699999999999
2020-12-01,Gicumbi,beans,789.2149999999999
2021-01-01,Gicumbi,beans,522.9175
2021-02-01,Gicumbi,beans,562.5
2021-03-01,Gicumbi,beans,552.15
2021-04-01,Gicumbi,beans,520.6033333333334
2021-05-01,Gicumbi,beans,504.0733333333333
2021-06-01,Gicumbi,beans,496.875
2021-07-01,Gicumbi,beans,492.34666666666664
2021-08-01,Gicumbi,beans,493.9833333333333
2021-09-01,Gicumbi,beans,429.8925
2021-10-01,Gicumbi,beans,500.8333333333333
2008-01-01,Gisagara,beans,292.5
2008-02-01,Gisagara,beans,315.0
2008-03-01,Gisagara,beans,297.5
2008-04-01,Gisagara,beans,297.5
2008-05-01,Gisagara,beans,300.0
2008-06-01,Gisagara,beans,318.75
2008-07-01,Gisagara,beans,351.67
2008-08-01,Gisagara,beans,385.0
2008-09-01,Gisagara,beans,398.75
2008-10-01,Gisagara,beans,385.0
2008-11-01,Gisagara,beans,372.5
2008-12-01,Gisagara,beans,290.0
2009-01-01,Gisagara,beans,261.25
2009-02-01,Gisagara,beans,270.0
2009-03-01,Gisagara,beans,285.0
2009-04-01,Gisagara,beans,254.17
2009-05-01,Gisagara,beans,235.0
2009-06-01,Gisagara,beans,233.38
2009-07-01,Gisagara,beans,252.88
2009-08-01,Gisagara,beans,282.0
2009-09-01,Gisagara,beans,355.65
2009-10-01,Gisagara,beans,350.12
2009-11-01,Gisagara,beans,381.67
2009-12-01,Gisagara,beans,374.5
2010-01-01,Gisagara,beans,231.12
2010-02-01,Gisagara,beans,236.38
2010-03-01,Gisagara,beans,275.0
2010-04-01,Gisagara,beans,295.0
2010-05-01,Gisagara,beans,279.25
2010-06-01,Gisagara,beans,297.6
2010-07-01,Gisagara,beans,289.29
2010-08-01,Gisagara,beans,299.58
2010-09-01,Gisagara,beans,364.4
2010-10-01,Gisagara,beans,351.33
2010-11-01,Gisagara,beans,341.5
2010-12-01,Gisagara,beans,298.46
2011-01-01,Gisagara,beans,265.0
2011-02-01,Gisagara,beans,248.0
2011-03-01,Gisagara,beans,271.8
2011-04-01,Gisagara,beans,293.33
2011-05-01,Gisagara,beans,333.0
2011-06-01,Gisagara,beans,326.2
2011-07-01,Gisagara,beans,331.5
2011-08-01,Gisagara,beans,340.2
2011-09-01,Gisagara,beans,345.25
2011-10-01,Gisagara,beans,324.0
2011-11-01,Gisagara,beans,318.2
2011-12-01,Gisagara,beans,351.0
2012-01-01,Gisagara,beans,257.5
2012-02-01,Gisagara,beans,282.0
2012-03-01,Gisagara,beans,330.75
2012-04-01,Gisagara,beans,351.25
2012-05-01,Gisagara,beans,352.0
2012-06-01,Gisagara,beans,340.0
2012-07-01,Gisagara,beans,311.67
2012-08-01,Gisagara,beans,340.0
2012-11-01,Gisagara,beans,339.5
2012-12-01,Gisagara,beans,318.75
2013-01-01,Gisagara,beans,267.6
2013-02-01,Gisagara,beans,264.0
2013-03-01,Gisagara,beans,344.25
2013-04-01,Gisagara,beans,354.25
2013-05-01,Gisagara,beans,383.5
2013-06-01,Gisagara,beans,343.33
2013-07-01,Gisagara,beans,365.83
2013-08-01,Gisagara,beans,375.5
2013-09-01,Gisagara,beans,487.25
2013-10-01,Gisagara,beans,522.4
2013-11-01,Gisagara,beans,493.5
2013-12-01,Gisagara,beans,436.0
2014-01-01,Gisagara,beans,375.75
2014-02-01,Gisagara,beans,385.75
2014-03-01,Gisagara,beans,441.0
2014-04-01,Gisagara,beans,399.6
2014-05-01,Gisagara,beans,385.75
2014-06-01,Gisagara,beans,394.5
2014-07-01,Gisagara,beans,394.0
2014-08-01,Gisagara,beans,441.67
2014-09-01,Gisagara,beans,422.0
2014-10-01,Gisagara,beans,393.25
2014-11-01,Gisagara,beans,351.25
2014-12-01,Gisagara,beans,334.0
2015-01-01,Gisagara,beans,290.75
2015-02-01,Gisagara,beans,277.67
2015-03-01,Gisagara,beans,309.5
2015-04-01,Gisagara,beans,380.25
2015-05-01,Gisagara,beans,411.75
2015-06-01,Gisagara,beans,455.25
2015-07-01,Gisagara,beans,456.6
2015-08-01,Gisagara,beans,414.0
2015-09-01,Gisagara,beans,392.2
2015-10-01,Gisagara,beans,424.25
2015-11-01,Gisagara,beans,437.5
2015-12-01,Gisagara,beans,447.5
2016-11-01,Gisagara,beans,450.0
2016-12-01,Gisagara,beans,520.0
2017-01-01,Gisagara,beans,372.1666666666667
2017-02-01,Gisagara,beans,347.5
2017-03-01,Gisagara,beans,385.0
2017-04-01,Gisagara,beans,400.0
2017-05-01,Gisagara,beans,303.3333333333333
2017-06-01,Gisagara,beans,350.0
2017-07-01,Gisagara,beans,365.0
2017-08-01,Gisagara,beans,345.0
2017-09-01,Gisagara,beans,428.3333333333333
2017-10-01,Gisagara,beans,415.0
2017-11-01,Gisagara,beans,395.0
2017-12-01,Gisagara,beans,305.0
2018-01-01,Gisagara,beans,301.0
2018-02-01,Gisagara,beans,295.0
2018-03-01,Gisagara,beans,316.6666666666667
2018-04-01,Gisagara,beans,350.0
2018-05-01,Gisagara,beans,352.5
2018-06-01,Gisagara,beans,340.0
2018-07-01,Gisagara,beans,345.0
2018-08-01,Gisagara,beans,325.0
2018-09-01,Gisagara,beans,325.0
2018-10-01,Gisagara,beans,340.0
2018-11-01,Gisagara,beans,338.286
2018-12-01,Gisagara,beans,350.0
2019-01-01,Gisagara,beans,354.0625
2019-02-01,Gisagara,beans,338.0
2019-03-01,Gisagara,beans,381.0725
2019-04-01,Gisagara,beans,425.0
2019-05-01,Gisagara,beans,401.39
2019-06-01,Gisagara,beans,342.975
2019-07-01,Gisagara,beans,399.9325
2019-08-01,Gisagara,beans,409.5
2019-09-01,Gisagara,beans,465.0
2019-10-01,Gisagara,beans,470.5566666666667
2019-11-01,Gisagara,beans,629.5
2019-12-01,Gisagara,beans,643.75
2020-01-01,Gisagara,beans,487.5
2020-02-01,Gisagara,beans,491.476
2020-03-01,Gisagara,beans,565.0
2020-04-01,Gisagara,beans,631.2133333333333
2020-05-01,Gisagara,beans,555.355
2020-06-01,Gisagara,beans,616.3566666666667
2020-07-01,Gisagara,beans,593.8733333333333
2020-08-01,Gisagara,beans,629.76
2020-09-01,Gisagara,beans,718.875
2020-10-01,Gisagara,beans,731.3133333333334
2020-11-01,Gisagara,beans,738.15
2020-12-01,Gisagara,beans,719.58
2021-01-01,Gisagara,beans,561.2850000000001
2021-02-01,Gisagara,beans,471.385
2021-03-01,Gisagara,beans,466.875
2021-04-01,Gisagara,beans,428.2266666666667
2021-05-01,Gisagara,beans,395.83
2021-06-01,Gisagara,beans,373.03999999999996
2021-07-01,Gisagara,beans,399.72333333333336
2021-08-01,Gisagara,beans,407.28999999999996
2021-09-01,Gisagara,beans,397.31500000000005
2021-10-01,Gisagara,beans,370.83500000000004
2021-11-01,Gisagara,beans,328.56333333333333
2021-12-01,Gisagara,beans,274.694
2022-01-01,Gisagara,beans,253.02999999999997
2022-02-01,Gisagara,beans,288.82666666666665
2022-03-01,Gisagara,beans,300.77666666666664
2022-04-01,Gisagara,beans,343.71000000000004
2022-05-01,Gisagara,beans,371.62
2022-06-01,Gisagara,beans,537.3433333333334
2022-07-01,Gisagara,beans,687.62
2022-08-01,Gisagara,beans,667.644
2022-09-01,Gisagara,beans,747.3525
2022-10-01,Gisagara,beans,1064.0466666666666
2022-11-01,Gisagara,beans,1176.0
2022-12-01,Gisagara,beans,976.9766666666668
2023-01-01,Gisagara,beans,994.25
2023-02-01,Gisagara,beans,1041.1325
2023-03-01,Gisagara,beans,1377.88
2023-04-01,Gisagara,beans,1381.3500000000001
2023-05-01,Gisagara,beans,1270.1599999999999
2023-06-01,Gisagara,beans,1024.775
2023-07-01,Gisagara,beans,1045.875
2023-08-01,Gisagara,beans,1080.5325
2023-09-01,Gisagara,beans,1186.355
2023-10-01,Gisagara,beans,1071.834
2023-11-01,Gisagara,beans,975.8000000000001
2023-12-01,Gisagara,beans,644.62
2024-01-01,Gisagara,beans,517.075
2024-02-01,Gisagara,beans,450.925
2024-03-01,Gisagara,beans,559.7233333333334
2024-04-01,Gisagara,beans,563.3466666666667
2024-05-01,Gisagara,beans,539.08
2024-06-01,Gisagara,beans,603.7139999999999
2024-07-01,Gisagara,beans,713.545
2024-08-01,Gisagara,beans,785.4375
2024-09-01,Gisagara,beans,848.778
2024-10-01,Gisagara,beans,904.744
2024-11-01,Gisagara,beans,941.994
2024-12-01,Gisagara,beans,941.07
2025-01-01,Gisagara,beans,701.568
2025-02-01,Gisagara,beans,777.2025
2025-03-01,Gisagara,beans,792.896
2025-04-01,Gisagara,beans,908.1725
2025-05-01,Gisagara,beans,822.4900000000001
2025-06-01,Gisagara,beans,790.0260000000001
2025-07-01,Gisagara,beans,789.0
2025-08-01,Gisagara,beans,827.9325
2025-09-01,Gisagara,beans,890.58
2025-10-01,Gisagara,beans,840.8100000000001
2025-11-01,Gisagara,beans,778.7760000000001
2025-12-01,Gisagara,beans,779.6375
2026-01-01,Gisagara,beans,709.5225
2026-02-01,Gisagara,beans,743.8299999999999
2026-03-01,Gisagara,beans,821.1625
2026-04-01,Gisagara,beans,861.8050000000001
2026-05-01,Gisagara,beans,794.4466666666667
2026-06-01,Gisagara,beans,816.665
2008-01-01,Huye,beans,281.6666666666667
2008-02-01,Huye,beans,278.3333333333333
2008-03-01,Huye,beans,277.5
2008-04-01,Huye,beans,276.6666666666667
2008-05-01,Huye,beans,258.3333333333333
2008-06-01,Huye,beans,284.1666666666667
2008-07-01,Huye,beans,368.3333333333333
2008-08-01,Huye,beans,391.6666666666667
2008-09-01,Huye,beans,386.6666666666667
2008-10-01,Huye,beans,376.25
2008-11-01,Huye,beans,321.25
2008-12-01,Huye,beans,320.0
2009-01-01,Huye,beans,256.25
2009-02-01,Huye,beans,238.75
2009-03-01,Huye,beans,200.0
2009-04-01,Huye,beans,246.25
2009-05-01,Huye,beans,223.75
2009-06-01,Huye,beans,243.75
2009-07-01,Huye,beans,238.125
2009-08-01,Huye,beans,247.75
2009-09-01,Huye,beans,290.41499999999996
2009-10-01,Huye,beans,332.5
2009-11-01,Huye,beans,421.75
2009-12-01,Huye,beans,422.83500000000004
2010-01-01,Huye,beans,211.67
2010-02-01,Huye,beans,243.33
2010-03-01,Huye,beans,240.0
2010-04-01,Huye,beans,239.795
2010-05-01,Huye,beans,244.33499999999998
2010-06-01,Huye,beans,270.21000000000004
2010-07-01,Huye,beans,277.5
2010-08-01,Huye,beans,295.06
2010-09-01,Huye,beans,317.5
2010-10-01,Huye,beans,326.0
2010-11-01,Huye,beans,328.75
2010-12-01,Huye,beans,323.0
2011-01-01,Huye,beans,315.4
2011-02-01,Huye,beans,332.66499999999996
2011-03-01,Huye,beans,280.75
2011-04-01,Huye,beans,317.5
2011-05-01,Huye,beans,325.75
2011-06-01,Huye,beans,323.325
2011-07-01,Huye,beans,344.645
2011-08-01,Huye,beans,369.145
2011-09-01,Huye,beans,354.515
2011-10-01,Huye,beans,341.7
2011-11-01,Huye,beans,340.75
2011-12-01,Huye,beans,321.66333333333336
2012-01-01,Huye,beans,233.99333333333334
2012-02-01,Huye,beans,263.5675
2012-03-01,Huye,beans,258.4166666666667
2012-04-01,Huye,beans,307.786
2012-05-01,Huye,beans,309.066
2012-06-01,Huye,beans,309.006
2012-07-01,Huye,beans,315.60714285714283
2012-08-01,Huye,beans,318.2633333333333
2012-09-01,Huye,beans,340.6
2012-10-01,Huye,beans,379.4
2012-11-01,Huye,beans,346.63800000000003
2012-12-01,Huye,beans,353.092
2013-01-01,Huye,beans,273.68
2013-02-01,Huye,beans,275.25
2013-03-01,Huye,beans,301.9125
2013-04-01,Huye,beans,349.6
2013-05-01,Huye,beans,358.132
2013-06-01,Huye,beans,394.76
2013-07-01,Huye,beans,397.9
2013-08-01,Huye,beans,391.02799999999996
2013-09-01,Huye,beans,487.724
2013-10-01,Huye,beans,511.974
2013-11-01,Huye,beans,518.078
2013-12-01,Huye,beans,434.4
2014-01-01,Huye,beans,321.3025
2014-02-01,Huye,beans,363.486
2014-03-01,Huye,beans,375.136
2014-04-01,Huye,beans,385.64
2014-05-01,Huye,beans,365.46999999999997
2014-06-01,Huye,beans,402.656
2014-07-01,Huye,beans,403.75
2014-08-01,Huye,beans,417.558
2014-09-01,Huye,beans,406.134
2014-10-01,Huye,beans,411.0
2014-11-01,Huye,beans,337.662
2014-12-01,Huye,beans,321.3825
2015-01-01,Huye,beans,271.75
2015-02-01,Huye,beans,260.22749999999996
2015-03-01,Huye,beans,295.055
2015-04-01,Huye,beans,351.088
2015-05-01,Huye,beans,374.078
2015-06-01,Huye,beans,369.07
2015-07-01,Huye,beans,373.998
2015-08-01,Huye,beans,388.996
2015-09-01,Huye,beans,397.044
2015-10-01,Huye,beans,407.596
2015-11-01,Huye,beans,451.76000000000005
2015-12-01,Huye,beans,494.026
2008-11-01,Kamonyi,beans,337.5
2008-12-01,Kamonyi,beans,327.5
2009-01-01,Kamonyi,beans,260.0
2009-02-01,Kamonyi,beans,280.0
2009-03-01,Kamonyi,beans,260.0
2009-04-01,Kamonyi,beans,280.0
2009-05-01,Kamonyi,beans,275.0
2009-06-01,Kamonyi,beans,246.25
2009-07-01,Kamonyi,beans,254.5
2009-08-01,Kamonyi,beans,283.75
2009-09-01,Kamonyi,beans,307.5
2009-10-01,Kamonyi,beans,313.75
2009-11-01,Kamonyi,beans,362.5
2009-12-01,Kamonyi,beans,400.0
2010-01-01,Kamonyi,beans,315.0
2010-02-01,Kamonyi,beans,290.0
2010-03-01,Kamonyi,beans,281.25
2010-04-01,Kamonyi,beans,270.0
2010-05-01,Kamonyi,beans,295.0
2010-06-01,Kamonyi,beans,370.0
2010-07-01,Kamonyi,beans,330.31
2010-08-01,Kamonyi,beans,321.25
2010-09-01,Kamonyi,beans,373.33500000000004
2010-10-01,Kamonyi,beans,380.0
2010-11-01,Kamonyi,beans,343.96000000000004
2010-12-01,Kamonyi,beans,317.865
2011-01-01,Kamonyi,beans,298.25
2011-02-01,Kamonyi,beans,313.33500000000004
2011-03-01,Kamonyi,beans,317.5
2011-04-01,Kamonyi,beans,312.2
2011-05-01,Kamonyi,beans,304.0
2011-06-01,Kamonyi,beans,289.25
2011-07-01,Kamonyi,beans,301.95
2011-08-01,Kamonyi,beans,325.375
2011-09-01,Kamonyi,beans,347.875
2011-10-01,Kamonyi,beans,325.95
2011-11-01,Kamonyi,beans,318.75
2011-12-01,Kamonyi,beans,315.8666666666667
2012-01-01,Kamonyi,beans,240.0
2012-02-01,Kamonyi,beans,243.75
2012-03-01,Kamonyi,beans,278.5
2012-04-01,Kamonyi,beans,332.5
2012-05-01,Kamonyi,beans,341.39000000000004
2012-06-01,Kamonyi,beans,317.22333333333336
2012-07-01,Kamonyi,beans,337.5
2012-08-01,Kamonyi,beans,342.59666666666664
2012-09-01,Kamonyi,beans,365.0
2012-10-01,Kamonyi,beans,370.0
2012-11-01,Kamonyi,beans,408.7
2012-12-01,Kamonyi,beans,382.4166666666667
2013-01-01,Kamonyi,beans,279.9433333333333
2013-02-01,Kamonyi,beans,298.0
2013-03-01,Kamonyi,beans,334.0833333333333
2013-04-01,Kamonyi,beans,372.1666666666667
2013-05-01,Kamonyi,beans,372.0
2013-08-01,Kamonyi,beans,386.5
2013-09-01,Kamonyi,beans,494.4166666666667
2013-10-01,Kamonyi,beans,550.0
2013-11-01,Kamonyi,beans,545.5833333333334
2013-12-01,Kamonyi,beans,422.5566666666667
2014-01-01,Kamonyi,beans,356.4433333333333
2014-02-01,Kamonyi,beans,393.35999999999996
2014-03-01,Kamonyi,beans,424.1666666666667
2014-04-01,Kamonyi,beans,415.5566666666667
2014-05-01,Kamonyi,beans,387.77666666666664
2014-06-01,Kamonyi,beans,422.22333333333336
2014-07-01,Kamonyi,beans,402.22333333333336
2014-08-01,Kamonyi,beans,415.5566666666667
2014-09-01,Kamonyi,beans,430.89000000000004
2014-10-01,Kamonyi,beans,400.0
2014-11-01,Kamonyi,beans,383.0566666666667
2014-12-01,Kamonyi,beans,329.4433333333333
2015-01-01,Kamonyi,beans,300.0
2015-04-01,Kamonyi,beans,423.3333333333333
2015-05-01,Kamonyi,beans,396.6666666666667
2015-06-01,Kamonyi,beans,400.0
2015-07-01,Kamonyi,beans,400.0
2015-08-01,Kamonyi,beans,411.6666666666667
2015-09-01,Kamonyi,beans,450.0
2015-10-01,Kamonyi,beans,448.0
2015-11-01,Kamonyi,beans,469.1666666666667
2015-12-01,Kamonyi,beans,568.0566666666667
2012-04-01,Karongi,beans,360.0
2012-05-01,Karongi,beans,359.0
2012-06-01,Karongi,beans,350.0
2012-07-01,Karongi,beans,331.67
2012-08-01,Karongi,beans,340.0
2012-11-01,Karongi,beans,355.0
2012-12-01,Karongi,beans,377.75
2013-01-01,Karongi,beans,296.6
2013-02-01,Karongi,beans,339.0
2013-03-01,Karongi,beans,353.25
2013-04-01,Karongi,beans,377.0
2013-05-01,Karongi,beans,393.5
2013-06-01,Karongi,beans,382.33
2013-07-01,Karongi,beans,394.0
2013-08-01,Karongi,beans,377.4
2013-09-01,Karongi,beans,495.0
2013-10-01,Karongi,beans,542.2
2013-11-01,Karongi,beans,525.5
2013-12-01,Karongi,beans,458.33
2014-01-01,Karongi,beans,386.67
2014-02-01,Karongi,beans,402.5
2014-03-01,Karongi,beans,500.0
2014-04-01,Karongi,beans,431.2
2014-05-01,Karongi,beans,404.25
2014-06-01,Karongi,beans,414.5
2014-07-01,Karongi,beans,330.25
2014-08-01,Karongi,beans,450.0
2014-09-01,Karongi,beans,441.33
2014-10-01,Karongi,beans,410.5
2014-11-01,Karongi,beans,407.75
2014-12-01,Karongi,beans,364.0
2015-01-01,Karongi,beans,298.5
2015-02-01,Karongi,beans,297.0
2015-03-01,Karongi,beans,322.25
2015-04-01,Karongi,beans,398.8
2015-05-01,Karongi,beans,454.0
2015-06-01,Karongi,beans,481.5
2015-07-01,Karongi,beans,472.2
2015-08-01,Karongi,beans,401.0
2015-09-01,Karongi,beans,403.6
2015-10-01,Karongi,beans,445.25
2015-11-01,Karongi,beans,436.25
2015-12-01,Karongi,beans,455.0
2016-11-01,Karongi,beans,570.0
2016-12-01,Karongi,beans,575.0
2017-01-01,Karongi,beans,600.0
2017-02-01,Karongi,beans,525.0
2017-03-01,Karongi,beans,500.0
2017-04-01,Karongi,beans,533.75
2017-05-01,Karongi,beans,475.0
2017-06-01,Karongi,beans,550.0
2017-07-01,Karongi,beans,453.3333333333333
2017-08-01,Karongi,beans,475.0
2017-09-01,Karongi,beans,480.0
2017-10-01,Karongi,beans,464.375
2017-11-01,Karongi,beans,425.0
2017-12-01,Karongi,beans,405.0
2018-01-01,Karongi,beans,387.5
2018-02-01,Karongi,beans,381.25
2018-03-01,Karongi,beans,396.6666666666667
2018-04-01,Karongi,beans,387.5
2018-05-01,Karongi,beans,413.3333333333333
2018-06-01,Karongi,beans,385.0
2018-07-01,Karongi,beans,401.25
2018-08-01,Karongi,beans,378.3333333333333
2018-09-01,Karongi,beans,415.0
2018-10-01,Karongi,beans,421.3425
2018-11-01,Karongi,beans,441.10999999999996
2018-12-01,Karongi,beans,445.10999999999996
2019-01-01,Karongi,beans,396.5825
2019-02-01,Karongi,beans,424.445
2019-03-01,Karongi,beans,448.5
2019-04-01,Karongi,beans,456.10999999999996
2019-05-01,Karongi,beans,458.00666666666666
2019-06-01,Karongi,beans,424.5233333333333
2019-07-01,Karongi,beans,456.0825
2019-08-01,Karongi,beans,477.5
2019-09-01,Karongi,beans,518.8866666666667
2019-10-01,Karongi,beans,555.8333333333334
2019-11-01,Karongi,beans,680.5566666666667
2019-12-01,Karongi,beans,665.3575
2020-01-01,Karongi,beans,557.5
2020-02-01,Karongi,beans,550.38
2020-03-01,Karongi,beans,602.75
2020-04-01,Karongi,beans,640.9533333333334
2020-05-01,Karongi,beans,487.5233333333333
2020-06-01,Karongi,beans,610.3
2020-07-01,Karongi,beans,646.0550000000001
2020-08-01,Karongi,beans,687.2266666666668
2020-09-01,Karongi,beans,772.5466666666666
2020-10-01,Karongi,beans,779.89
2020-11-01,Karongi,beans,758.2566666666667
2020-12-01,Karongi,beans,588.265
2021-01-01,Karongi,beans,592.965
2021-02-01,Karongi,beans,538.0533333333334
2021-03-01,Karongi,beans,523.79
2021-04-01,Karongi,beans,499.745
2021-05-01,Karongi,beans,457.6166666666666
2021-06-01,Karongi,beans,493.855
2021-07-01,Karongi,beans,465.7
2021-08-01,Karongi,beans,450.09666666666664
2021-09-01,Karongi,beans,482.59666666666664
2021-10-01,Karongi,beans,514.79
2021-11-01,Karongi,beans,489.93
2021-12-01,Karongi,beans,407.435
2022-01-01,Karongi,beans,377.7633333333333
2022-02-01,Karongi,beans,416.16333333333336
2022-03-01,Karongi,beans,415.7975
2022-04-01,Karongi,beans,468.76666666666665
2022-05-01,Karongi,beans,551.18
2022-06-01,Karongi,beans,580.5566666666667
2022-07-01,Karongi,beans,773.1933333333333
2022-08-01,Karongi,beans,787.7950000000001
2022-09-01,Karongi,beans,847.19
2022-10-01,Karongi,beans,1256.4250000000002
2022-11-01,Karongi,beans,1229.3066666666666
2022-12-01,Karongi,beans,845.0
2023-01-01,Karongi,beans,1159.95
2023-02-01,Karongi,beans,1163.39
2023-03-01,Karongi,beans,1413.2275
2023-04-01,Karongi,beans,1440.335
2023-05-01,Karongi,beans,1451.96
2023-06-01,Karongi,beans,1420.1066666666666
2023-07-01,Karongi,beans,1208.9366666666667
2023-08-01,Karongi,beans,1243.318
2023-09-01,Karongi,beans,1272.3866666666665
2023-10-01,Karongi,beans,1138.79
2023-11-01,Karongi,beans,940.8566666666667
2023-12-01,Karongi,beans,811.152
2024-01-01,Karongi,beans,708.9
2024-02-01,Karongi,beans,625.23
2024-03-01,Karongi,beans,612.5
2024-04-01,Karongi,beans,682.5899999999999
2024-05-01,Karongi,beans,717.154
2024-06-01,Karongi,beans,826.6833333333334
2024-07-01,Karongi,beans,817.71
2024-08-01,Karongi,beans,811.8059999999999
2024-09-01,Karongi,beans,962.5925
2024-10-01,Karongi,beans,1100.666
2024-11-01,Karongi,beans,1077.375
2024-12-01,Karongi,beans,1040.8966666666668
2025-01-01,Karongi,beans,916.6225
2025-02-01,Karongi,beans,977.945
2025-03-01,Karongi,beans,1017.3299999999999
2025-04-01,Karongi,beans,1129.8899999999999
2025-05-01,Karongi,beans,1094.216
2025-06-01,Karongi,beans,1140.7939999999999
2025-07-01,Karongi,beans,1064.645
2025-08-01,Karongi,beans,1049.53
2025-09-01,Karongi,beans,1076.3166666666668
2025-10-01,Karongi,beans,1122.665
2025-11-01,Karongi,beans,1235.4175
2025-12-01,Karongi,beans,932.4375
2026-01-01,Karongi,beans,955.9466666666667
2026-02-01,Karongi,beans,1082.15
2026-03-01,Karongi,beans,1091.406
2026-04-01,Karongi,beans,1073.0825
2026-05-01,Karongi,beans,1083.3325
2026-06-01,Karongi,beans,1200.0
2008-01-01,Kayonza,beans,225.0
2008-02-01,Kayonza,beans,237.5
2008-03-01,Kayonza,beans,245.0
2008-04-01,Kayonza,beans,260.0
2008-05-01,Kayonza,beans,262.5
2008-06-01,Kayonza,beans,275.0
2008-07-01,Kayonza,beans,333.33
2008-08-01,Kayonza,beans,350.0
2008-09-01,Kayonza,beans,350.0
2008-10-01,Kayonza,beans,392.5
2010-07-01,Kayonza,beans,248.0
2010-08-01,Kayonza,beans,293.5
2010-09-01,Kayonza,beans,342.5
2010-10-01,Kayonza,beans,307.0
2010-11-01,Kayonza,beans,295.67
2010-12-01,Kayonza,beans,325.0
2011-01-01,Kayonza,beans,247.75
2011-02-01,Kayonza,beans,233.0
2011-03-01,Kayonza,beans,281.25
2011-04-01,Kayonza,beans,296.25
2011-05-01,Kayonza,beans,330.8
2011-06-01,Kayonza,beans,279.75
2011-07-01,Kayonza,beans,291.67
2011-08-01,Kayonza,beans,301.0
2011-09-01,Kayonza,beans,317.5
2011-10-01,Kayonza,beans,299.0
2011-11-01,Kayonza,beans,298.75
2011-12-01,Kayonza,beans,277.5
2012-01-01,Kayonza,beans,197.5
2012-02-01,Kayonza,beans,210.0
2012-03-01,Kayonza,beans,257.75
2012-04-01,Kayonza,beans,304.0
2012-05-01,Kayonza,beans,295.75
2012-06-01,Kayonza,beans,308.0
2012-07-01,Kayonza,beans,304.6
2012-08-01,Kayonza,beans,302.0
2012-09-01,Kayonza,beans,300.0
2012-10-01,Kayonza,beans,350.0
2012-11-01,Kayonza,beans,341.25
2012-12-01,Kayonza,beans,340.0
2013-01-01,Kayonza,beans,230.0
2013-02-01,Kayonza,beans,258.0
2013-03-01,Kayonza,beans,302.5
2013-04-01,Kayonza,beans,315.0
2013-05-01,Kayonza,beans,343.33
2013-06-01,Kayonza,beans,356.67
2013-07-01,Kayonza,beans,367.5
2013-08-01,Kayonza,beans,355.0
2013-09-01,Kayonza,beans,520.75
2013-10-01,Kayonza,beans,586.75
2013-11-01,Kayonza,beans,525.5
2013-12-01,Kayonza,beans,347.0
2014-01-01,Kayonza,beans,320.0
2014-02-01,Kayonza,beans,325.0
2014-03-01,Kayonza,beans,338.0
2014-04-01,Kayonza,beans,316.67
2014-05-01,Kayonza,beans,318.0
2014-06-01,Kayonza,beans,338.0
2014-07-01,Kayonza,beans,360.0
2014-08-01,Kayonza,beans,355.0
2014-09-01,Kayonza,beans,338.0
2014-10-01,Kayonza,beans,340.0
2014-11-01,Kayonza,beans,298.25
2014-12-01,Kayonza,beans,344.6
2015-01-01,Kayonza,beans,362.5
2015-02-01,Kayonza,beans,256.67
2015-03-01,Kayonza,beans,312.33
2015-04-01,Kayonza,beans,343.33
2015-05-01,Kayonza,beans,358.75
2015-06-01,Kayonza,beans,310.0
2015-07-01,Kayonza,beans,300.0
2015-08-01,Kayonza,beans,308.75
2015-09-01,Kayonza,beans,355.0
2015-10-01,Kayonza,beans,383.75
2015-11-01,Kayonza,beans,356.6
2015-12-01,Kayonza,beans,350.0
2008-01-01,Kicukiro,beans,305.0
2008-02-01,Kicukiro,beans,312.5
2008-03-01,Kicukiro,beans,327.5
2008-04-01,Kicukiro,beans,350.0
2008-05-01,Kicukiro,beans,310.0
2008-06-01,Kicukiro,beans,300.0
2008-07-01,Kicukiro,beans,366.67
2008-08-01,Kicukiro,beans,400.0
2008-09-01,Kicukiro,beans,395.0
2008-10-01,Kicukiro,beans,405.0
2008-11-01,Kicukiro,beans,375.0
2008-12-01,Kicukiro,beans,350.0
2009-01-01,Kicukiro,beans,302.5
2009-02-01,Kicukiro,beans,290.0
2009-03-01,Kicukiro,beans,250.0
2009-04-01,Kicukiro,beans,250.0
2009-05-01,Kicukiro,beans,272.5
2009-06-01,Kicukiro,beans,270.0
2009-07-01,Kicukiro,beans,262.5
2009-08-01,Kicukiro,beans,284.38
2009-09-01,Kicukiro,beans,306.25
2009-10-01,Kicukiro,beans,333.54
2009-11-01,Kicukiro,beans,404.5
2009-12-01,Kicukiro,beans,400.0
2010-01-01,Kicukiro,beans,362.5
2010-02-01,Kicukiro,beans,294.17
2010-03-01,Kicukiro,beans,295.0
2010-04-01,Kicukiro,beans,275.0
2010-05-01,Kicukiro,beans,276.67
2010-06-01,Kicukiro,beans,288.38
2010-07-01,Kicukiro,beans,289.27
2010-08-01,Kicukiro,beans,304.33500000000004
2010-09-01,Kicukiro,beans,341.25
2010-10-01,Kicukiro,beans,327.5
2010-11-01,Kicukiro,beans,338.105
2010-12-01,Kicukiro,beans,333.08500000000004
2011-01-01,Kicukiro,beans,304.635
2011-02-01,Kicukiro,beans,311.25
2011-03-01,Kicukiro,beans,324.75
2011-04-01,Kicukiro,beans,326.25
2011-05-01,Kicukiro,beans,322.25
2011-06-01,Kicukiro,beans,315.125
2011-07-01,Kicukiro,beans,323.33500000000004
2011-08-01,Kicukiro,beans,337.45
2011-09-01,Kicukiro,beans,327.33500000000004
2011-10-01,Kicukiro,beans,324.29999999999995
2011-11-01,Kicukiro,beans,311.0
2011-12-01,Kicukiro,beans,290.0
2012-01-01,Kicukiro,beans,262.2
2012-02-01,Kicukiro,beans,345.25
2012-03-01,Kicukiro,beans,311.33
2012-04-01,Kicukiro,beans,362.75
2012-05-01,Kicukiro,beans,414.33
2012-06-01,Kicukiro,beans,391.75
2012-07-01,Kicukiro,beans,385.2
2012-08-01,Kicukiro,beans,371.0
2012-09-01,Kicukiro,beans,330.0
2012-10-01,Kicukiro,beans,376.0
2012-11-01,Kicukiro,beans,391.5
2012-12-01,Kicukiro,beans,398.6
2013-01-01,Kicukiro,beans,394.67
2013-02-01,Kicukiro,beans,408.0
2013-03-01,Kicukiro,beans,362.71000000000004
2013-04-01,Kicukiro,beans,384.8
2013-05-01,Kicukiro,beans,409.25
2013-06-01,Kicukiro,beans,389.76
2013-07-01,Kicukiro,beans,399.9
2013-08-01,Kicukiro,beans,425.0
2013-09-01,Kicukiro,beans,483.625
2013-10-01,Kicukiro,beans,545.375
2013-11-01,Kicukiro,beans,537.625
2013-12-01,Kicukiro,beans,454.1
2014-01-01,Kicukiro,beans,369.625
2014-02-01,Kicukiro,beans,428.0
2014-03-01,Kicukiro,beans,436.0
2014-04-01,Kicukiro,beans,407.33500000000004
2014-05-01,Kicukiro,beans,459.25
2014-06-01,Kicukiro,beans,461.4
2014-07-01,Kicukiro,beans,455.67
2014-08-01,Kicukiro,beans,462.5
2014-09-01,Kicukiro,beans,450.16499999999996
2014-11-01,Kicukiro,beans,438.75
2014-12-01,Kicukiro,beans,413.25
2015-01-01,Kicukiro,beans,366.21000000000004
2015-02-01,Kicukiro,beans,395.03999999999996
2015-03-01,Kicukiro,beans,442.875
2015-04-01,Kicukiro,beans,454.16499999999996
2015-05-01,Kicukiro,beans,476.175
2015-06-01,Kicukiro,beans,456.8
2015-07-01,Kicukiro,beans,456.375
2015-08-01,Kicukiro,beans,444.1
2015-09-01,Kicukiro,beans,458.5
2015-10-01,Kicukiro,beans,467.0
2015-11-01,Kicukiro,beans,467.0
2008-01-01,Kirehe,beans,300.0
2008-02-01,Kirehe,beans,232.5
2008-03-01,Kirehe,beans,250.0
2008-04-01,Kirehe,beans,280.0
2008-05-01,Kirehe,beans,260.0
2008-06-01,Kirehe,beans,240.0
2008-07-01,Kirehe,beans,310.0
2008-08-01,Kirehe,beans,350.0
2008-09-01,Kirehe,beans,300.0
2008-10-01,Kirehe,beans,378.75
2008-11-01,Kirehe,beans,315.0
2008-12-01,Kirehe,beans,267.5
2009-01-01,Kirehe,beans,200.0
2009-02-01,Kirehe,beans,190.0
2009-03-01,Kirehe,beans,180.0
2009-04-01,Kirehe,beans,170.0
2009-05-01,Kirehe,beans,171.25
2009-06-01,Kirehe,beans,163.12
2009-07-01,Kirehe,beans,177.29
2009-08-01,Kirehe,beans,206.25
2009-09-01,Kirehe,beans,282.0
2009-10-01,Kirehe,beans,265.62
2009-11-01,Kirehe,beans,333.75
2009-12-01,Kirehe,beans,320.0
2010-01-01,Kirehe,beans,185.62
2010-02-01,Kirehe,beans,188.0
2010-03-01,Kirehe,beans,200.0
2010-04-01,Kirehe,beans,200.0
2010-05-01,Kirehe,beans,171.67
2010-06-01,Kirehe,beans,186.25
2010-07-01,Kirehe,beans,217.5
2010-08-01,Kirehe,beans,256.25
2010-09-01,Kirehe,beans,268.54
2010-10-01,Kirehe,beans,288.12
2010-11-01,Kirehe,beans,253.0
2010-12-01,Kirehe,beans,262.33
2011-01-01,Kirehe,beans,226.75
2011-02-01,Kirehe,beans,202.33
2011-03-01,Kirehe,beans,232.5
2011-04-01,Kirehe,beans,265.0
2011-05-01,Kirehe,beans,283.4
2011-06-01,Kirehe,beans,255.0
2011-07-01,Kirehe,beans,275.0
2011-08-01,Kirehe,beans,279.25
2011-09-01,Kirehe,beans,273.25
2011-10-01,Kirehe,beans,255.0
2011-11-01,Kirehe,beans,259.4
2011-12-01,Kirehe,beans,236.67
2012-01-01,Kirehe,beans,232.33333333333334
2012-02-01,Kirehe,beans,241.4
2012-03-01,Kirehe,beans,250.0
2012-04-01,Kirehe,beans,300.0
2012-05-01,Kirehe,beans,278.135
2012-06-01,Kirehe,beans,290.8333333333333
2012-07-01,Kirehe,beans,284.58500000000004
2012-08-01,Kirehe,beans,283.33500000000004
2012-09-01,Kirehe,beans,290.0
2012-10-01,Kirehe,beans,283.5
2012-11-01,Kirehe,beans,279.1
2012-12-01,Kirehe,beans,288.41499999999996
2013-01-01,Kirehe,beans,250.0
2013-02-01,Kirehe,beans,264.5
2013-03-01,Kirehe,beans,287.875
2013-04-01,Kirehe,beans,315.0
2013-05-01,Kirehe,beans,326.75
2013-06-01,Kirehe,beans,321.25
2013-07-01,Kirehe,beans,328.0
2013-08-01,Kirehe,beans,337.25
2013-09-01,Kirehe,beans,443.375
2013-10-01,Kirehe,beans,547.9
2013-11-01,Kirehe,beans,591.625
2013-12-01,Kirehe,beans,523.8
2014-01-01,Kirehe,beans,279.25
2014-02-01,Kirehe,beans,350.0
2014-03-01,Kirehe,beans,361.625
2014-04-01,Kirehe,beans,381.75
2014-05-01,Kirehe,beans,365.0
2014-06-01,Kirehe,beans,372.5
2014-07-01,Kirehe,beans,391.66499999999996
2014-08-01,Kirehe,beans,400.0
2014-09-01,Kirehe,beans,394.6
2014-10-01,Kirehe,beans,370.85
2014-11-01,Kirehe,beans,305.875
2014-12-01,Kirehe,beans,296.925
2015-01-01,Kirehe,beans,223.375
2015-02-01,Kirehe,beans,250.0
2015-03-01,Kirehe,beans,296.25
2015-04-01,Kirehe,beans,361.33500000000004
2015-05-01,Kirehe,beans,400.0
2015-06-01,Kirehe,beans,345.0
2015-07-01,Kirehe,beans,308.0
2015-08-01,Kirehe,beans,350.0
2015-09-01,Kirehe,beans,374.0
2015-10-01,Kirehe,beans,381.7
2015-11-01,Kirehe,beans,450.0
2015-12-01,Kirehe,beans,500.0
2018-05-01,Kirehe,beans,336.0
2018-06-01,Kirehe,beans,300.0
2018-07-01,Kirehe,beans,276.25
2018-08-01,Kirehe,beans,300.0
2018-09-01,Kirehe,beans,300.0
2018-10-01,Kirehe,beans,412.5
2018-11-01,Kirehe,beans,387.5
2018-12-01,Kirehe,beans,387.5
2019-01-01,Kirehe,beans,330.0
2019-02-01,Kirehe,beans,335.0
2019-03-01,Kirehe,beans,355.0
2019-04-01,Kirehe,beans,387.5
2019-05-01,Kirehe,beans,287.5
2019-06-01,Kirehe,beans,345.0
2019-07-01,Kirehe,beans,392.5
2019-08-01,Kirehe,beans,387.5
2019-09-01,Kirehe,beans,457.5
2019-10-01,Kirehe,beans,460.4175
2019-11-01,Kirehe,beans,643.3328571428572
2019-12-01,Kirehe,beans,508.75
2020-01-01,Kirehe,beans,401.875
2020-02-01,Kirehe,beans,461.6666666666667
2020-03-01,Kirehe,beans,579.1675
2020-04-01,Kirehe,beans,593.5714285714286
2020-05-01,Kirehe,beans,462.5
2020-06-01,Kirehe,beans,573.905
2020-07-01,Kirehe,beans,594.37
2020-08-01,Kirehe,beans,647.4825
2020-09-01,Kirehe,beans,596.5975
2020-10-01,Kirehe,beans,821.1675
2020-11-01,Kirehe,beans,711.7425000000001
2020-12-01,Kirehe,beans,651.91
2021-01-01,Kirehe,beans,590.79
2021-02-01,Kirehe,beans,591.67
2021-03-01,Kirehe,beans,497.5125
2021-04-01,Kirehe,beans,500.485
2021-05-01,Kirehe,beans,414.67
2021-06-01,Kirehe,beans,432.43
2021-07-01,Kirehe,beans,385.995
2021-08-01,Kirehe,beans,421.775
2021-09-01,Kirehe,beans,354.38800000000003
2021-10-01,Kirehe,beans,363.01
2021-11-01,Kirehe,beans,354.39
2021-12-01,Kirehe,beans,328.195
2022-01-01,Kirehe,beans,342.45
2022-02-01,Kirehe,beans,273.4675
2022-03-01,Kirehe,beans,290.095
2022-04-01,Kirehe,beans,359.89
2022-05-01,Kirehe,beans,372.5775
2022-06-01,Kirehe,beans,426.9766666666667
2022-07-01,Kirehe,beans,626.0225
2022-08-01,Kirehe,beans,634.76625
2022-09-01,Kirehe,beans,793.4440000000001
2022-10-01,Kirehe,beans,886.558
2022-11-01,Kirehe,beans,766.9449999999999
2022-12-01,Kirehe,beans,845.37
2023-01-01,Kirehe,beans,882.915
2023-02-01,Kirehe,beans,1195.7666666666667
2023-03-01,Kirehe,beans,1382.6399999999999
2023-04-01,Kirehe,beans,1281.7925
2023-05-01,Kirehe,beans,959.115
2023-06-01,Kirehe,beans,1089.7925
2023-07-01,Kirehe,beans,943.95
2023-08-01,Kirehe,beans,965.2566666666667
2023-09-01,Kirehe,beans,1074.8333333333333
2023-10-01,Kirehe,beans,946.26875
2023-11-01,Kirehe,beans,837.5
2023-12-01,Kirehe,beans,652.0825
2024-01-01,Kirehe,beans,408.8233333333333
2024-02-01,Kirehe,beans,496.065
2024-03-01,Kirehe,beans,467.7075
2024-04-01,Kirehe,beans,456.25
2024-05-01,Kirehe,beans,450.9625
2024-06-01,Kirehe,beans,687.635
2024-07-01,Kirehe,beans,795.8325
2024-08-01,Kirehe,beans,794.5
2024-09-01,Kirehe,beans,857.5
2024-10-01,Kirehe,beans,891.2625
2024-11-01,Kirehe,beans,938.8588888888888
2024-12-01,Kirehe,beans,945.7725
2025-01-01,Kirehe,beans,776.6725
2025-02-01,Kirehe,beans,830.0
2025-03-01,Kirehe,beans,835.816
2025-04-01,Kirehe,beans,959.0771428571428
2025-05-01,Kirehe,beans,803.125
2025-06-01,Kirehe,beans,702.7783333333333
2025-07-01,Kirehe,beans,743.28
2025-08-01,Kirehe,beans,837.5
2025-09-01,Kirehe,beans,987.7139999999999
2025-10-01,Kirehe,beans,849.07125
2025-11-01,Kirehe,beans,940.0
2025-12-01,Kirehe,beans,796.7325
2026-01-01,Kirehe,beans,715.242
2026-02-01,Kirehe,beans,750.0
2026-03-01,Kirehe,beans,790.2616666666667
2026-04-01,Kirehe,beans,950.4457142857143
2026-05-01,Kirehe,beans,893.75
2026-06-01,Kirehe,beans,950.0
2008-01-01,Musanze,beans,267.5
2008-02-01,Musanze,beans,248.75
2008-03-01,Musanze,beans,251.25
2008-04-01,Musanze,beans,270.625
2008-05-01,Musanze,beans,295.0
2008-06-01,Musanze,beans,295.0
2008-07-01,Musanze,beans,326.66499999999996
2008-08-01,Musanze,beans,362.5
2008-09-01,Musanze,beans,350.0
2008-10-01,Musanze,beans,376.25
2008-11-01,Musanze,beans,348.75
2008-12-01,Musanze,beans,305.0
2009-01-01,Musanze,beans,277.5
2009-02-01,Musanze,beans,267.5
2009-03-01,Musanze,beans,255.0
2009-04-01,Musanze,beans,267.5
2009-05-01,Musanze,beans,250.0
2009-06-01,Musanze,beans,251.67
2009-07-01,Musanze,beans,257.75
2009-08-01,Musanze,beans,287.5
2009-09-01,Musanze,beans,339.38
2009-10-01,Musanze,beans,366.58
2009-11-01,Musanze,beans,366.75
2009-12-01,Musanze,beans,375.0
2010-01-01,Musanze,beans,254.5
2010-02-01,Musanze,beans,252.5
2010-03-01,Musanze,beans,256.25
2010-04-01,Musanze,beans,262.08
2010-05-01,Musanze,beans,281.58
2010-06-01,Musanze,beans,264.38
2010-07-01,Musanze,beans,273.2
2010-08-01,Musanze,beans,298.33
2010-09-01,Musanze,beans,333.33
2010-11-01,Musanze,beans,306.63
2010-12-01,Musanze,beans,289.75
2011-01-01,Musanze,beans,246.5
2011-02-01,Musanze,beans,236.29
2011-03-01,Musanze,beans,253.33
2011-04-01,Musanze,beans,286.0
2011-05-01,Musanze,beans,377.78
2011-06-01,Musanze,beans,473.57
2011-07-01,Musanze,beans,309.0
2011-08-01,Musanze,beans,318.62
2011-09-01,Musanze,beans,294.22
2011-10-01,Musanze,beans,300.0
2011-11-01,Musanze,beans,308.75
2011-12-01,Musanze,beans,315.38
2012-01-01,Musanze,beans,288.4
2012-02-01,Musanze,beans,302.43
2012-03-01,Musanze,beans,340.0
2012-04-01,Musanze,beans,388.43
2012-05-01,Musanze,beans,417.71000000000004
2012-06-01,Musanze,beans,415.3
2012-07-01,Musanze,beans,323.5833333333333
2012-08-01,Musanze,beans,334.64750000000004
2012-09-01,Musanze,beans,350.0
2012-10-01,Musanze,beans,365.6666666666667
2012-11-01,Musanze,beans,345.25
2012-12-01,Musanze,beans,346.1933333333333
2013-01-01,Musanze,beans,299.13666666666666
2013-02-01,Musanze,beans,308.3333333333333
2013-03-01,Musanze,beans,335.10999999999996
2013-04-01,Musanze,beans,357.7833333333333
2013-05-01,Musanze,beans,380.18333333333334
2013-06-01,Musanze,beans,385.8333333333333
2013-07-01,Musanze,beans,367.1666666666667
2013-08-01,Musanze,beans,382.6166666666666
2013-09-01,Musanze,beans,470.93
2013-10-01,Musanze,beans,489.3733333333333
2013-11-01,Musanze,beans,508.0833333333333
2013-12-01,Musanze,beans,461.8966666666667
2014-01-01,Musanze,beans,360.17
2014-02-01,Musanze,beans,384.75
2014-03-01,Musanze,beans,403.72333333333336
2014-04-01,Musanze,beans,404.01666666666665
2014-05-01,Musanze,beans,385.2166666666667
2014-06-01,Musanze,beans,399.14000000000004
2014-07-01,Musanze,beans,402.4433333333333
2014-08-01,Musanze,beans,409.89000000000004
2014-09-01,Musanze,beans,411.6666666666667
2014-10-01,Musanze,beans,394.5
2014-11-01,Musanze,beans,380.98333333333335
2014-12-01,Musanze,beans,350.8333333333333
2015-01-01,Musanze,beans,322.8533333333333
2015-02-01,Musanze,beans,324.5
2015-03-01,Musanze,beans,346.1033333333333
2015-04-01,Musanze,beans,400.0833333333333
2015-05-01,Musanze,beans,461.6666666666667
2015-06-01,Musanze,beans,441.0466666666666
2015-07-01,Musanze,beans,408.8
2015-08-01,Musanze,beans,387.12999999999994
2015-09-01,Musanze,beans,416.89000000000004
2015-10-01,Musanze,beans,432.3766666666667
2015-11-01,Musanze,beans,457.21000000000004
2015-12-01,Musanze,beans,450.6666666666667
2008-01-01,Ngoma,beans,250.0
2008-02-01,Ngoma,beans,245.0
2008-03-01,Ngoma,beans,247.5
2008-04-01,Ngoma,beans,252.5
2008-05-01,Ngoma,beans,250.0
2008-06-01,Ngoma,beans,262.5
2008-07-01,Ngoma,beans,333.33
2008-08-01,Ngoma,beans,350.0
2008-09-01,Ngoma,beans,350.0
2008-10-01,Ngoma,beans,372.5
2008-11-01,Ngoma,beans,325.0
2008-12-01,Ngoma,beans,300.0
2009-01-01,Ngoma,beans,231.25
2009-02-01,Ngoma,beans,225.0
2009-03-01,Ngoma,beans,200.0
2009-04-01,Ngoma,beans,200.0
2009-05-01,Ngoma,beans,225.0
2009-06-01,Ngoma,beans,200.0
2009-07-01,Ngoma,beans,233.12
2009-08-01,Ngoma,beans,250.0
2009-09-01,Ngoma,beans,327.5
2009-10-01,Ngoma,beans,350.0
2009-11-01,Ngoma,beans,368.75
2009-12-01,Ngoma,beans,438.75
2010-01-01,Ngoma,beans,225.0
2010-02-01,Ngoma,beans,200.0
2010-03-01,Ngoma,beans,250.0
2010-04-01,Ngoma,beans,250.0
2010-05-01,Ngoma,beans,237.92
2010-06-01,Ngoma,beans,236.05
2010-07-01,Ngoma,beans,293.75
2010-08-01,Ngoma,beans,277.67
2010-09-01,Ngoma,beans,327.5
2010-10-01,Ngoma,beans,331.25
2010-11-01,Ngoma,beans,300.0
2010-12-01,Ngoma,beans,287.5
2011-01-01,Ngoma,beans,220.75
2011-02-01,Ngoma,beans,200.0
2011-03-01,Ngoma,beans,233.4
2011-04-01,Ngoma,beans,300.0
2011-05-01,Ngoma,beans,300.0
2011-06-01,Ngoma,beans,300.0
2011-07-01,Ngoma,beans,300.0
2011-08-01,Ngoma,beans,300.0
2011-09-01,Ngoma,beans,320.75
2011-10-01,Ngoma,beans,300.0
2011-11-01,Ngoma,beans,300.0
2011-12-01,Ngoma,beans,300.0
2012-01-01,Ngoma,beans,237.5
2012-02-01,Ngoma,beans,237.5
2012-03-01,Ngoma,beans,275.0
2012-04-01,Ngoma,beans,300.0
2012-05-01,Ngoma,beans,300.0
2012-06-01,Ngoma,beans,300.0
2012-07-01,Ngoma,beans,304.0
2012-08-01,Ngoma,beans,300.0
2012-11-01,Ngoma,beans,350.0
2012-12-01,Ngoma,beans,341.75
2013-01-01,Ngoma,beans,260.0
2013-02-01,Ngoma,beans,275.0
2013-03-01,Ngoma,beans,300.0
2013-04-01,Ngoma,beans,350.0
2013-05-01,Ngoma,beans,350.0
2013-06-01,Ngoma,beans,350.0
2013-07-01,Ngoma,beans,350.0
2013-08-01,Ngoma,beans,350.0
2013-09-01,Ngoma,beans,504.25
2013-10-01,Ngoma,beans,603.4
2013-11-01,Ngoma,beans,629.25
2013-12-01,Ngoma,beans,466.6
2014-01-01,Ngoma,beans,300.0
2014-02-01,Ngoma,beans,350.0
2014-03-01,Ngoma,beans,325.0
2014-04-01,Ngoma,beans,350.0
2014-05-01,Ngoma,beans,350.0
2014-06-01,Ngoma,beans,375.0
2014-07-01,Ngoma,beans,350.0
2014-08-01,Ngoma,beans,397.67
2014-09-01,Ngoma,beans,400.0
2014-10-01,Ngoma,beans,360.0
2014-11-01,Ngoma,beans,270.75
2014-12-01,Ngoma,beans,300.0
2015-01-01,Ngoma,beans,250.0
2015-02-01,Ngoma,beans,250.0
2015-03-01,Ngoma,beans,300.0
2015-04-01,Ngoma,beans,360.0
2015-05-01,Ngoma,beans,362.5
2015-06-01,Ngoma,beans,379.25
2015-07-01,Ngoma,beans,333.25
2015-08-01,Ngoma,beans,350.0
2015-09-01,Ngoma,beans,396.6
2015-10-01,Ngoma,beans,437.5
2015-11-01,Ngoma,beans,462.5
2015-12-01,Ngoma,beans,493.4
2008-01-01,Ngororero,beans,277.5
2008-02-01,Ngororero,beans,242.5
2008-03-01,Ngororero,beans,250.0
2008-04-01,Ngororero,beans,270.0
2008-05-01,Ngororero,beans,297.5
2008-06-01,Ngororero,beans,290.0
2008-07-01,Ngororero,beans,300.0
2008-08-01,Ngororero,beans,360.0
2008-09-01,Ngororero,beans,370.0
2008-10-01,Ngororero,beans,305.0
2008-11-01,Ngororero,beans,347.5
2008-12-01,Ngororero,beans,300.0
2009-01-01,Ngororero,beans,265.0
2009-02-01,Ngororero,beans,260.0
2009-03-01,Ngororero,beans,250.0
2009-04-01,Ngororero,beans,265.0
2009-05-01,Ngororero,beans,250.0
2009-06-01,Ngororero,beans,274.15
2009-07-01,Ngororero,beans,269.43
2009-08-01,Ngororero,beans,292.76
2009-09-01,Ngororero,beans,306.1
2009-10-01,Ngororero,beans,350.0
2009-11-01,Ngororero,beans,336.65
2010-01-01,Ngororero,beans,257.5
2010-02-01,Ngororero,beans,252.5
2010-03-01,Ngororero,beans,252.5
2010-04-01,Ngororero,beans,251.25
2010-05-01,Ngororero,beans,275.42
2010-06-01,Ngororero,beans,259.67
2010-07-01,Ngororero,beans,274.25
2010-08-01,Ngororero,beans,282.67
2010-09-01,Ngororero,beans,321.5
2010-11-01,Ngororero,beans,304.67
2010-12-01,Ngororero,beans,288.0
2011-01-01,Ngororero,beans,251.5
2011-02-01,Ngororero,beans,228.67
2011-03-01,Ngororero,beans,241.0
2011-04-01,Ngororero,beans,272.75
2011-05-01,Ngororero,beans,335.33
2011-06-01,Ngororero,beans,328.5
2011-07-01,Ngororero,beans,308.2
2011-08-01,Ngororero,beans,314.5
2011-09-01,Ngororero,beans,293.25
2011-10-01,Ngororero,beans,306.75
2011-11-01,Ngororero,beans,319.0
2012-01-01,Ngororero,beans,269.67
2012-02-01,Ngororero,beans,303.0
2012-03-01,Ngororero,beans,300.0
2012-04-01,Ngororero,beans,375.33
2012-05-01,Ngororero,beans,400.0
2012-06-01,Ngororero,beans,368.25
2012-07-01,Ngororero,beans,300.0
2012-08-01,Ngororero,beans,333.33
2012-09-01,Ngororero,beans,366.0
2012-10-01,Ngororero,beans,343.0
2012-11-01,Ngororero,beans,347.67
2013-01-01,Ngororero,beans,294.5
2013-02-01,Ngororero,beans,315.0
2013-03-01,Ngororero,beans,350.0
2013-04-01,Ngororero,beans,350.0
2013-05-01,Ngororero,beans,393.0
2013-06-01,Ngororero,beans,369.67
2013-07-01,Ngororero,beans,364.33
2013-08-01,Ngororero,beans,369.4
2013-09-01,Ngororero,beans,447.0
2013-10-01,Ngororero,beans,505.0
2013-11-01,Ngororero,beans,520.5
2013-12-01,Ngororero,beans,491.0
2014-01-01,Ngororero,beans,391.0
2014-02-01,Ngororero,beans,395.33
2014-03-01,Ngororero,beans,363.0
2014-04-01,Ngororero,beans,404.0
2014-06-01,Ngororero,beans,397.67
2014-07-01,Ngororero,beans,400.0
2014-08-01,Ngororero,beans,450.0
2014-09-01,Ngororero,beans,395.33
2014-11-01,Ngororero,beans,362.0
2015-01-01,Ngororero,beans,324.5
2015-02-01,Ngororero,beans,340.67
2015-03-01,Ngororero,beans,362.0
2015-04-01,Ngororero,beans,418.33
2015-05-01,Ngororero,beans,473.0
2015-06-01,Ngororero,beans,422.75
2015-07-01,Ngororero,beans,372.0
2015-08-01,Ngororero,beans,362.25
2015-09-01,Ngororero,beans,386.0
2015-10-01,Ngororero,beans,399.75
2015-11-01,Ngororero,beans,469.67
2015-12-01,Ngororero,beans,415.33
2008-01-01,Nyabihu,beans,296.875
2008-02-01,Nyabihu,beans,270.0
2008-03-01,Nyabihu,beans,272.5
2008-04-01,Nyabihu,beans,289.375
2008-05-01,Nyabihu,beans,294.375
2008-06-01,Nyabihu,beans,305.625
2008-07-01,Nyabihu,beans,343.33500000000004
2008-08-01,Nyabihu,beans,378.75
2008-09-01,Nyabihu,beans,390.0
2008-10-01,Nyabihu,beans,367.5
2008-11-01,Nyabihu,beans,370.0
2008-12-01,Nyabihu,beans,387.5
2009-01-01,Nyabihu,beans,300.0
2009-02-01,Nyabihu,beans,285.0
2009-03-01,Nyabihu,beans,280.0
2009-04-01,Nyabihu,beans,280.0
2009-05-01,Nyabihu,beans,261.67
2009-06-01,Nyabihu,beans,253.75
2009-07-01,Nyabihu,beans,257.5
2009-08-01,Nyabihu,beans,275.0
2009-09-01,Nyabihu,beans,329.5
2009-10-01,Nyabihu,beans,364.38
2009-11-01,Nyabihu,beans,373.25
2009-12-01,Nyabihu,beans,337.08
2010-01-01,Nyabihu,beans,275.9
2010-02-01,Nyabihu,beans,256.25
2010-03-01,Nyabihu,beans,271.25
2010-04-01,Nyabihu,beans,264.17
2010-05-01,Nyabihu,beans,281.25
2010-06-01,Nyabihu,beans,278.38
2010-07-01,Nyabihu,beans,289.76
2010-08-01,Nyabihu,beans,300.0
2010-09-01,Nyabihu,beans,375.0
2010-10-01,Nyabihu,beans,350.0
2010-11-01,Nyabihu,beans,341.83
2010-12-01,Nyabihu,beans,320.0
2011-01-01,Nyabihu,beans,267.67
2011-02-01,Nyabihu,beans,229.0
2011-03-01,Nyabihu,beans,264.0
2011-04-01,Nyabihu,beans,304.33
2011-05-01,Nyabihu,beans,341.5
2011-06-01,Nyabihu,beans,364.6
2011-07-01,Nyabihu,beans,356.75
2011-08-01,Nyabihu,beans,369.0
2011-09-01,Nyabihu,beans,356.6
2011-10-01,Nyabihu,beans,352.5
2011-11-01,Nyabihu,beans,345.0
2011-12-01,Nyabihu,beans,340.0
2012-01-01,Nyabihu,beans,301.375
2012-02-01,Nyabihu,beans,312.0
2012-03-01,Nyabihu,beans,342.75
2012-04-01,Nyabihu,beans,376.75
2012-05-01,Nyabihu,beans,381.5
2012-06-01,Nyabihu,beans,402.5
2012-07-01,Nyabihu,beans,326.0
2012-08-01,Nyabihu,beans,343.33500000000004
2012-09-01,Nyabihu,beans,370.0
2012-10-01,Nyabihu,beans,358.5
2012-11-01,Nyabihu,beans,353.625
2012-12-01,Nyabihu,beans,338.75
2013-01-01,Nyabihu,beans,290.1
2013-02-01,Nyabihu,beans,311.0
2013-03-01,Nyabihu,beans,340.875
2013-04-01,Nyabihu,beans,365.58500000000004
2013-05-01,Nyabihu,beans,386.925
2013-06-01,Nyabihu,beans,394.08500000000004
2013-07-01,Nyabihu,beans,378.5
2013-08-01,Nyabihu,beans,380.28999999999996
2013-09-01,Nyabihu,beans,466.5
2013-10-01,Nyabihu,beans,508.75
2013-11-01,Nyabihu,beans,527.625
2013-12-01,Nyabihu,beans,483.83500000000004
2014-01-01,Nyabihu,beans,377.1
2014-02-01,Nyabihu,beans,388.08500000000004
2014-03-01,Nyabihu,beans,367.5
2014-04-01,Nyabihu,beans,397.0
2014-05-01,Nyabihu,beans,387.66499999999996
2014-06-01,Nyabihu,beans,410.0
2014-07-01,Nyabihu,beans,404.0
2014-08-01,Nyabihu,beans,405.08500000000004
2014-09-01,Nyabihu,beans,422.875
2014-10-01,Nyabihu,beans,450.0
2014-11-01,Nyabihu,beans,389.5
2014-12-01,Nyabihu,beans,373.0
2015-01-01,Nyabihu,beans,337.0
2015-02-01,Nyabihu,beans,361.33500000000004
2015-03-01,Nyabihu,beans,362.66499999999996
2015-04-01,Nyabihu,beans,401.5
2015-05-01,Nyabihu,beans,465.0
2015-06-01,Nyabihu,beans,439.33500000000004
2015-07-01,Nyabihu,beans,388.0
2015-08-01,Nyabihu,beans,376.5
2015-09-01,Nyabihu,beans,411.5
2015-10-01,Nyabihu,beans,409.83500000000004
2015-11-01,Nyabihu,beans,480.33500000000004
2015-12-01,Nyabihu,beans,459.625
2008-01-01,Nyagatare,beans,245.0
2008-02-01,Nyagatare,beans,237.5
2008-03-01,Nyagatare,beans,255.0
2008-04-01,Nyagatare,beans,287.5
2008-05-01,Nyagatare,beans,282.5
2008-06-01,Nyagatare,beans,287.5
2008-07-01,Nyagatare,beans,333.33
2008-08-01,Nyagatare,beans,372.5
2008-09-01,Nyagatare,beans,395.0
2008-10-01,Nyagatare,beans,310.0
2008-11-01,Nyagatare,beans,330.0
2008-12-01,Nyagatare,beans,275.0
2009-01-01,Nyagatare,beans,210.0
2009-02-01,Nyagatare,beans,212.5
2009-03-01,Nyagatare,beans,200.0
2009-04-01,Nyagatare,beans,212.5
2009-05-01,Nyagatare,beans,185.0
2009-06-01,Nyagatare,beans,198.75
2009-07-01,Nyagatare,beans,223.0
2009-08-01,Nyagatare,beans,280.62
2009-09-01,Nyagatare,beans,338.33
2009-10-01,Nyagatare,beans,384.38
2009-11-01,Nyagatare,beans,452.08
2009-12-01,Nyagatare,beans,299.38
2010-01-01,Nyagatare,beans,207.5
2010-02-01,Nyagatare,beans,257.5
2010-03-01,Nyagatare,beans,265.0
2010-04-01,Nyagatare,beans,265.0
2010-05-01,Nyagatare,beans,195.5
2010-06-01,Nyagatare,beans,178.54
2010-07-01,Nyagatare,beans,271.43
2010-08-01,Nyagatare,beans,251.67
2010-09-01,Nyagatare,beans,280.0
2010-10-01,Nyagatare,beans,312.08
2010-11-01,Nyagatare,beans,301.0
2010-12-01,Nyagatare,beans,356.81
2011-01-01,Nyagatare,beans,244.78
2011-02-01,Nyagatare,beans,259.33
2011-03-01,Nyagatare,beans,267.67
2011-04-01,Nyagatare,beans,301.86
2011-05-01,Nyagatare,beans,335.12
2011-06-01,Nyagatare,beans,295.44
2011-07-01,Nyagatare,beans,300.0
2011-08-01,Nyagatare,beans,299.12
2011-09-01,Nyagatare,beans,300.33
2011-10-01,Nyagatare,beans,270.67
2011-11-01,Nyagatare,beans,287.88
2011-12-01,Nyagatare,beans,259.43
2012-01-01,Nyagatare,beans,252.6
2012-02-01,Nyagatare,beans,249.0
2012-03-01,Nyagatare,beans,287.89
2012-04-01,Nyagatare,beans,317.75
2012-05-01,Nyagatare,beans,382.07
2012-06-01,Nyagatare,beans,335.19
2012-07-01,Nyagatare,beans,308.62
2012-08-01,Nyagatare,beans,340.29
2012-09-01,Nyagatare,beans,333.0
2012-10-01,Nyagatare,beans,350.0
2012-11-01,Nyagatare,beans,336.89
2012-12-01,Nyagatare,beans,326.88
2013-01-01,Nyagatare,beans,265.0
2013-02-01,Nyagatare,beans,286.0
2013-03-01,Nyagatare,beans,340.43
2013-04-01,Nyagatare,beans,350.0
2013-05-01,Nyagatare,beans,423.57
2013-06-01,Nyagatare,beans,347.0
2013-07-01,Nyagatare,beans,331.0
2013-08-01,Nyagatare,beans,355.83500000000004
2013-09-01,Nyagatare,beans,453.19
2013-10-01,Nyagatare,beans,485.375
2013-11-01,Nyagatare,beans,513.61
2013-12-01,Nyagatare,beans,342.145
2014-01-01,Nyagatare,beans,290.12
2014-02-01,Nyagatare,beans,359.68
2014-03-01,Nyagatare,beans,391.625
2014-04-01,Nyagatare,beans,397.355
2014-05-01,Nyagatare,beans,376.555
2014-06-01,Nyagatare,beans,370.71000000000004
2014-07-01,Nyagatare,beans,384.07
2014-08-01,Nyagatare,beans,386.69
2014-09-01,Nyagatare,beans,381.0
2014-10-01,Nyagatare,beans,358.07
2014-11-01,Nyagatare,beans,324.66499999999996
2014-12-01,Nyagatare,beans,300.69
2015-01-01,Nyagatare,beans,262.31
2015-02-01,Nyagatare,beans,304.78499999999997
2015-03-01,Nyagatare,beans,302.78
2015-04-01,Nyagatare,beans,377.875
2015-05-01,Nyagatare,beans,450.16499999999996
2015-06-01,Nyagatare,beans,373.775
2015-07-01,Nyagatare,beans,351.7
2015-08-01,Nyagatare,beans,391.44
2015-09-01,Nyagatare,beans,419.5
2015-10-01,Nyagatare,beans,402.29999999999995
2015-11-01,Nyagatare,beans,397.16499999999996
2015-12-01,Nyagatare,beans,383.25
2008-01-01,Nyamagabe,beans,288.125
2008-02-01,Nyamagabe,beans,247.5
2008-03-01,Nyamagabe,beans,322.5
2008-04-01,Nyamagabe,beans,336.25
2008-05-01,Nyamagabe,beans,326.25
2008-06-01,Nyamagabe,beans,311.25
2008-07-01,Nyamagabe,beans,343.33500000000004
2008-08-01,Nyamagabe,beans,388.75
2008-09-01,Nyamagabe,beans,383.75
2008-10-01,Nyamagabe,beans,380.625
2008-11-01,Nyamagabe,beans,450.0
2008-12-01,Nyamagabe,beans,365.0
2009-01-01,Nyamagabe,beans,270.0
2009-02-01,Nyamagabe,beans,255.0
2009-03-01,Nyamagabe,beans,260.0
2009-04-01,Nyamagabe,beans,250.0
2009-05-01,Nyamagabe,beans,215.83499999999998
2009-06-01,Nyamagabe,beans,220.0
2009-07-01,Nyamagabe,beans,271.16499999999996
2009-08-01,Nyamagabe,beans,285.83500000000004
2009-09-01,Nyamagabe,beans,329.78999999999996
2009-10-01,Nyamagabe,beans,371.625
2009-11-01,Nyamagabe,beans,398.33500000000004
2009-12-01,Nyamagabe,beans,420.0
2010-01-01,Nyamagabe,beans,374.375
2010-02-01,Nyamagabe,beans,329.16499999999996
2010-03-01,Nyamagabe,beans,314.08500000000004
2010-04-01,Nyamagabe,beans,310.0
2010-05-01,Nyamagabe,beans,300.08500000000004
2010-06-01,Nyamagabe,beans,276.25
2010-07-01,Nyamagabe,beans,291.3066666666667
2010-08-01,Nyamagabe,beans,313.3
2010-09-01,Nyamagabe,beans,331.21500000000003
2010-10-01,Nyamagabe,beans,335.38
2010-11-01,Nyamagabe,beans,326.46000000000004
2010-12-01,Nyamagabe,beans,312.5
2011-01-01,Nyamagabe,beans,297.0
2011-02-01,Nyamagabe,beans,271.895
2011-03-01,Nyamagabe,beans,283.85
2011-04-01,Nyamagabe,beans,305.27
2011-05-01,Nyamagabe,beans,331.03499999999997
2011-06-01,Nyamagabe,beans,302.475
2011-07-01,Nyamagabe,beans,321.525
2011-08-01,Nyamagabe,beans,334.355
2011-09-01,Nyamagabe,beans,341.40999999999997
2011-10-01,Nyamagabe,beans,343.06
2011-11-01,Nyamagabe,beans,305.59000000000003
2011-12-01,Nyamagabe,beans,300.5
2012-01-01,Nyamagabe,beans,261.0
2012-02-01,Nyamagabe,beans,264.875
2012-03-01,Nyamagabe,beans,276.355
2012-04-01,Nyamagabe,beans,331.42
2012-05-01,Nyamagabe,beans,316.615
2012-06-01,Nyamagabe,beans,321.75
2012-07-01,Nyamagabe,beans,320.81
2012-08-01,Nyamagabe,beans,333.0466666666667
2012-09-01,Nyamagabe,beans,340.0
2012-10-01,Nyamagabe,beans,361.0
2012-11-01,Nyamagabe,beans,341.66499999999996
2012-12-01,Nyamagabe,beans,358.0
2013-01-01,Nyamagabe,beans,304.0
2013-02-01,Nyamagabe,beans,297.5
2013-03-01,Nyamagabe,beans,314.145
2013-04-01,Nyamagabe,beans,349.5
2013-05-01,Nyamagabe,beans,381.565
2013-06-01,Nyamagabe,beans,380.25
2013-07-01,Nyamagabe,beans,384.125
2013-08-01,Nyamagabe,beans,395.435
2013-09-01,Nyamagabe,beans,473.895
2013-10-01,Nyamagabe,beans,520.94
2013-11-01,Nyamagabe,beans,495.125
2013-12-01,Nyamagabe,beans,416.67
2014-01-01,Nyamagabe,beans,323.03499999999997
2014-02-01,Nyamagabe,beans,348.575
2014-03-01,Nyamagabe,beans,359.125
2014-04-01,Nyamagabe,beans,392.75
2014-05-01,Nyamagabe,beans,387.5
2014-06-01,Nyamagabe,beans,429.83500000000004
2014-07-01,Nyamagabe,beans,421.095
2014-08-01,Nyamagabe,beans,421.355
2014-09-01,Nyamagabe,beans,424.5
2014-10-01,Nyamagabe,beans,413.49
2014-11-01,Nyamagabe,beans,355.0
2014-12-01,Nyamagabe,beans,334.28499999999997
2015-01-01,Nyamagabe,beans,272.75
2015-02-01,Nyamagabe,beans,284.5
2015-03-01,Nyamagabe,beans,315.735
2015-04-01,Nyamagabe,beans,367.125
2015-05-01,Nyamagabe,beans,397.0
2015-06-01,Nyamagabe,beans,397.37
2015-07-01,Nyamagabe,beans,380.59000000000003
2015-08-01,Nyamagabe,beans,389.945
2015-09-01,Nyamagabe,beans,390.49
2015-10-01,Nyamagabe,beans,409.935
2015-11-01,Nyamagabe,beans,459.90999999999997
2015-12-01,Nyamagabe,beans,457.38
2016-09-01,Nyamagabe,beans,457.5
2016-10-01,Nyamagabe,beans,496.6666666666667
2016-11-01,Nyamagabe,beans,548.3333333333334
2016-12-01,Nyamagabe,beans,525.0
2017-01-01,Nyamagabe,beans,450.0
2017-02-01,Nyamagabe,beans,452.5
2017-03-01,Nyamagabe,beans,453.3333333333333
2017-04-01,Nyamagabe,beans,450.0
2017-05-01,Nyamagabe,beans,415.0
2017-06-01,Nyamagabe,beans,395.0
2017-07-01,Nyamagabe,beans,400.0
2017-08-01,Nyamagabe,beans,400.0
2017-09-01,Nyamagabe,beans,450.0
2017-10-01,Nyamagabe,beans,445.0
2017-11-01,Nyamagabe,beans,400.0
2017-12-01,Nyamagabe,beans,390.0
2018-01-01,Nyamagabe,beans,333.75
2018-02-01,Nyamagabe,beans,326.25
2018-03-01,Nyamagabe,beans,342.5
2018-04-01,Nyamagabe,beans,345.0
2018-05-01,Nyamagabe,beans,366.25
2018-06-01,Nyamagabe,beans,370.0
2018-07-01,Nyamagabe,beans,356.6666666666667
2018-08-01,Nyamagabe,beans,362.5
2018-09-01,Nyamagabe,beans,362.5
2018-10-01,Nyamagabe,beans,377.5
2018-11-01,Nyamagabe,beans,388.0825
2018-12-01,Nyamagabe,beans,405.0
2019-01-01,Nyamagabe,beans,379.1675
2019-02-01,Nyamagabe,beans,377.8575
2019-03-01,Nyamagabe,beans,395.8333333333333
2019-04-01,Nyamagabe,beans,419.0
2019-05-01,Nyamagabe,beans,413.7225
2019-06-01,Nyamagabe,beans,395.105
2019-07-01,Nyamagabe,beans,437.5
2019-08-01,Nyamagabe,beans,468.52
2019-09-01,Nyamagabe,beans,513.75
2019-10-01,Nyamagabe,beans,536.1324999999999
2019-11-01,Nyamagabe,beans,656.25
2019-12-01,Nyamagabe,beans,620.0
2020-01-01,Nyamagabe,beans,524.5825
2020-02-01,Nyamagabe,beans,496.1675
2020-03-01,Nyamagabe,beans,578.125
2020-04-01,Nyamagabe,beans,643.75
2020-05-01,Nyamagabe,beans,525.4175
2020-06-01,Nyamagabe,beans,593.2800000000001
2020-07-01,Nyamagabe,beans,608.1966666666666
2020-08-01,Nyamagabe,beans,645.19
2020-09-01,Nyamagabe,beans,715.27
2020-10-01,Nyamagabe,beans,748.62
2020-11-01,Nyamagabe,beans,683.04
2020-12-01,Nyamagabe,beans,561.4366666666666
2021-01-01,Nyamagabe,beans,494.95
2021-02-01,Nyamagabe,beans,490.97
2021-03-01,Nyamagabe,beans,487.485
2021-04-01,Nyamagabe,beans,492.3625
2021-05-01,Nyamagabe,beans,443.38
2021-06-01,Nyamagabe,beans,424.605
2021-07-01,Nyamagabe,beans,451.025
2021-08-01,Nyamagabe,beans,429.72333333333336
2021-09-01,Nyamagabe,beans,431.6033333333333
2021-10-01,Nyamagabe,beans,394.8033333333333
2021-11-01,Nyamagabe,beans,307.395
2021-12-01,Nyamagabe,beans,327.76
2022-01-01,Nyamagabe,beans,300.34666666666664
2022-02-01,Nyamagabe,beans,324.7125
2022-03-01,Nyamagabe,beans,345.255
2022-04-01,Nyamagabe,beans,400.8533333333333
2022-05-01,Nyamagabe,beans,423.115
2022-06-01,Nyamagabe,beans,540.6075
2022-07-01,Nyamagabe,beans,688.8433333333332
2022-08-01,Nyamagabe,beans,735.4225
2022-09-01,Nyamagabe,beans,822.5825
2022-10-01,Nyamagabe,beans,1108.33
2022-11-01,Nyamagabe,beans,1008.1233333333333
2022-12-01,Nyamagabe,beans,869.355
2023-01-01,Nyamagabe,beans,993.6366666666667
2023-02-01,Nyamagabe,beans,1227.025
2023-03-01,Nyamagabe,beans,1407.29
2023-04-01,Nyamagabe,beans,1483.3266666666666
2023-05-01,Nyamagabe,beans,1359.4766666666667
2023-06-01,Nyamagabe,beans,1150.37
2023-07-01,Nyamagabe,beans,1173.4125
2023-08-01,Nyamagabe,beans,1161.2150000000001
2023-09-01,Nyamagabe,beans,1239.0133333333333
2023-10-01,Nyamagabe,beans,1183.65
2023-11-01,Nyamagabe,beans,954.0275
2023-12-01,Nyamagabe,beans,791.6566666666668
2024-01-01,Nyamagabe,beans,562.9699999999999
2024-02-01,Nyamagabe,beans,569.2875
2024-03-01,Nyamagabe,beans,624.7133333333334
2024-04-01,Nyamagabe,beans,628.5275
2024-05-01,Nyamagabe,beans,610.5575
2024-06-01,Nyamagabe,beans,714.76
2024-07-01,Nyamagabe,beans,734.375
2024-08-01,Nyamagabe,beans,799.2975
2024-09-01,Nyamagabe,beans,905.9375
2024-10-01,Nyamagabe,beans,985.0
2024-11-01,Nyamagabe,beans,962.2049999999999
2024-12-01,Nyamagabe,beans,953.4733333333334
2025-01-01,Nyamagabe,beans,827.9575
2025-02-01,Nyamagabe,beans,815.5625
2025-03-01,Nyamagabe,beans,860.03
2025-04-01,Nyamagabe,beans,949.7925
2025-05-01,Nyamagabe,beans,897.7525
2025-06-01,Nyamagabe,beans,872.9175
2025-07-01,Nyamagabe,beans,882.36
2025-08-01,Nyamagabe,beans,913.885
2025-09-01,Nyamagabe,beans,917.6125
2025-10-01,Nyamagabe,beans,898.585
2025-11-01,Nyamagabe,beans,822.1525
2025-12-01,Nyamagabe,beans,837.055
2026-01-01,Nyamagabe,beans,757.3075
2026-02-01,Nyamagabe,beans,765.6625
2026-03-01,Nyamagabe,beans,827.8975
2026-04-01,Nyamagabe,beans,939.2575
2026-05-01,Nyamagabe,beans,963.335
2026-06-01,Nyamagabe,beans,875.0
2008-01-01,Nyamasheke,beans,232.5
2008-02-01,Nyamasheke,beans,235.0
2008-03-01,Nyamasheke,beans,285.0
2008-07-01,Nyamasheke,beans,343.33
2008-08-01,Nyamasheke,beans,392.5
2008-09-01,Nyamasheke,beans,390.0
2008-10-01,Nyamasheke,beans,422.5
2008-11-01,Nyamasheke,beans,411.25
2008-12-01,Nyamasheke,beans,360.0
2009-02-01,Nyamasheke,beans,247.5
2009-03-01,Nyamasheke,beans,220.0
2009-05-01,Nyamasheke,beans,199.58499999999998
2009-06-01,Nyamasheke,beans,234.375
2009-08-01,Nyamasheke,beans,321.25
2009-09-01,Nyamasheke,beans,344.58
2009-10-01,Nyamasheke,beans,371.855
2009-11-01,Nyamasheke,beans,356.875
2009-12-01,Nyamasheke,beans,396.9
2010-01-01,Nyamasheke,beans,308.25
2010-02-01,Nyamasheke,beans,237.0
2010-04-01,Nyamasheke,beans,277.96
2010-05-01,Nyamasheke,beans,281.19
2010-06-01,Nyamasheke,beans,283.51
2010-07-01,Nyamasheke,beans,294.355
2010-08-01,Nyamasheke,beans,316.25
2010-10-01,Nyamasheke,beans,342.5
2010-11-01,Nyamasheke,beans,358.67
2010-12-01,Nyamasheke,beans,320.72333333333336
2011-01-01,Nyamasheke,beans,225.0
2011-02-01,Nyamasheke,beans,234.44333333333336
2011-03-01,Nyamasheke,beans,254.265
2011-04-01,Nyamasheke,beans,290.17
2011-05-01,Nyamasheke,beans,332.5
2011-06-01,Nyamasheke,beans,315.0
2011-07-01,Nyamasheke,beans,316.0
2011-08-01,Nyamasheke,beans,329.3833333333333
2011-09-01,Nyamasheke,beans,316.53999999999996
2011-10-01,Nyamasheke,beans,285.0
2011-11-01,Nyamasheke,beans,326.49
2011-12-01,Nyamasheke,beans,290.0
2012-01-01,Nyamasheke,beans,299.575
2012-02-01,Nyamasheke,beans,291.3333333333333
2012-03-01,Nyamasheke,beans,307.52666666666664
2012-05-01,Nyamasheke,beans,351.75
2012-06-01,Nyamasheke,beans,347.91499999999996
2012-07-01,Nyamasheke,beans,342.5
2012-08-01,Nyamasheke,beans,348.8066666666667
2012-09-01,Nyamasheke,beans,357.0
2012-10-01,Nyamasheke,beans,372.0
2012-11-01,Nyamasheke,beans,363.0833333333333
2012-12-01,Nyamasheke,beans,343.10999999999996
2013-01-01,Nyamasheke,beans,330.25
2013-02-01,Nyamasheke,beans,282.0
2013-03-01,Nyamasheke,beans,315.83500000000004
2013-04-01,Nyamasheke,beans,399.25
2013-05-01,Nyamasheke,beans,374.6333333333334
2013-06-01,Nyamasheke,beans,331.5833333333333
2013-07-01,Nyamasheke,beans,382.3875
2013-08-01,Nyamasheke,beans,399.9166666666667
2013-09-01,Nyamasheke,beans,444.375
2013-10-01,Nyamasheke,beans,517.225
2013-11-01,Nyamasheke,beans,514.8333333333334
2013-12-01,Nyamasheke,beans,460.43333333333334
2014-01-01,Nyamasheke,beans,349.8066666666667
2014-02-01,Nyamasheke,beans,325.6666666666667
2014-03-01,Nyamasheke,beans,390.065
2014-04-01,Nyamasheke,beans,417.9433333333333
2014-05-01,Nyamasheke,beans,369.5825
2014-06-01,Nyamasheke,beans,409.27
2014-07-01,Nyamasheke,beans,401.5
2014-08-01,Nyamasheke,beans,429.96000000000004
2014-09-01,Nyamasheke,beans,444.375
2014-10-01,Nyamasheke,beans,494.0
2014-11-01,Nyamasheke,beans,403.4433333333333
2014-12-01,Nyamasheke,beans,345.83500000000004
2015-01-01,Nyamasheke,beans,339.69666666666666
2015-02-01,Nyamasheke,beans,324.83500000000004
2015-03-01,Nyamasheke,beans,336.205
2015-04-01,Nyamasheke,beans,394.27666666666664
2015-05-01,Nyamasheke,beans,414.4575
2015-06-01,Nyamasheke,beans,377.0
2015-07-01,Nyamasheke,beans,352.27666666666664
2015-08-01,Nyamasheke,beans,399.52666666666664
2015-09-01,Nyamasheke,beans,413.0
2015-10-01,Nyamasheke,beans,414.8325
2015-11-01,Nyamasheke,beans,417.0
2015-12-01,Nyamasheke,beans,424.3
2008-01-01,Nyanza,beans,348.75
2008-02-01,Nyanza,beans,292.5
2008-03-01,Nyanza,beans,330.0
2008-04-01,Nyanza,beans,300.0
2008-05-01,Nyanza,beans,300.0
2008-06-01,Nyanza,beans,340.0
2008-07-01,Nyanza,beans,401.67
2008-08-01,Nyanza,beans,407.5
2008-09-01,Nyanza,beans,420.0
2008-10-01,Nyanza,beans,380.0
2008-11-01,Nyanza,beans,357.5
2008-12-01,Nyanza,beans,347.5
2009-01-01,Nyanza,beans,260.0
2009-02-01,Nyanza,beans,260.0
2009-03-01,Nyanza,beans,270.0
2009-04-01,Nyanza,beans,267.5
2009-05-01,Nyanza,beans,218.75
2009-06-01,Nyanza,beans,255.0
2009-07-01,Nyanza,beans,258.33
2009-08-01,Nyanza,beans,264.17
2009-09-01,Nyanza,beans,283.75
2009-10-01,Nyanza,beans,328.33
2009-11-01,Nyanza,beans,372.5
2009-12-01,Nyanza,beans,430.0
2010-01-01,Nyanza,beans,247.5
2010-02-01,Nyanza,beans,258.33
2010-03-01,Nyanza,beans,260.0
2010-04-01,Nyanza,beans,263.75
2010-05-01,Nyanza,beans,290.83
2010-06-01,Nyanza,beans,285.29
2010-07-01,Nyanza,beans,309.88
2010-08-01,Nyanza,beans,289.83
2010-09-01,Nyanza,beans,333.33
2010-11-01,Nyanza,beans,440.0
2010-12-01,Nyanza,beans,350.0
2011-01-01,Nyanza,beans,412.0
2011-02-01,Nyanza,beans,410.0
2011-03-01,Nyanza,beans,393.0
2011-04-01,Nyanza,beans,350.0
2011-05-01,Nyanza,beans,350.0
2011-06-01,Nyanza,beans,337.17
2011-07-01,Nyanza,beans,319.25
2011-08-01,Nyanza,beans,342.8
2011-09-01,Nyanza,beans,344.25
2011-10-01,Nyanza,beans,341.5
2011-11-01,Nyanza,beans,304.0
2011-12-01,Nyanza,beans,300.0
2012-01-01,Nyanza,beans,279.4
2012-02-01,Nyanza,beans,289.25
2012-03-01,Nyanza,beans,305.0
2012-04-01,Nyanza,beans,320.0
2012-05-01,Nyanza,beans,358.0
2012-06-01,Nyanza,beans,346.75
2012-07-01,Nyanza,beans,336.17
2012-08-01,Nyanza,beans,354.0
2012-09-01,Nyanza,beans,340.0
2012-10-01,Nyanza,beans,340.0
2012-11-01,Nyanza,beans,340.0
2012-12-01,Nyanza,beans,322.5
2013-01-01,Nyanza,beans,308.25
2013-02-01,Nyanza,beans,323.0
2013-03-01,Nyanza,beans,357.5
2013-04-01,Nyanza,beans,374.33
2013-05-01,Nyanza,beans,344.33
2013-06-01,Nyanza,beans,362.25
2013-07-01,Nyanza,beans,373.2
2013-08-01,Nyanza,beans,383.0
2013-09-01,Nyanza,beans,451.75
2013-10-01,Nyanza,beans,471.83
2013-11-01,Nyanza,beans,432.5
2013-12-01,Nyanza,beans,369.0
2014-01-01,Nyanza,beans,333.25
2014-02-01,Nyanza,beans,377.75
2014-03-01,Nyanza,beans,377.5
2014-04-01,Nyanza,beans,383.2
2014-05-01,Nyanza,beans,372.8
2014-06-01,Nyanza,beans,396.5
2014-07-01,Nyanza,beans,400.0
2014-08-01,Nyanza,beans,400.0
2014-09-01,Nyanza,beans,400.0
2014-10-01,Nyanza,beans,400.0
2014-11-01,Nyanza,beans,350.0
2014-12-01,Nyanza,beans,343.25
2015-01-01,Nyanza,beans,286.67
2015-02-01,Nyanza,beans,267.5
2015-03-01,Nyanza,beans,308.25
2015-04-01,Nyanza,beans,337.5
2015-05-01,Nyanza,beans,412.5
2015-06-01,Nyanza,beans,319.25
2015-07-01,Nyanza,beans,350.0
2015-08-01,Nyanza,beans,370.0
2015-09-01,Nyanza,beans,367.4
2015-10-01,Nyanza,beans,399.0
2015-11-01,Nyanza,beans,448.25
2015-12-01,Nyanza,beans,443.4
2008-01-01,Nyarugenge,beans,360.0
2008-02-01,Nyarugenge,beans,300.0
2008-03-01,Nyarugenge,beans,297.5
2008-04-01,Nyarugenge,beans,300.0
2008-05-01,Nyarugenge,beans,300.0
2008-06-01,Nyarugenge,beans,312.5
2008-07-01,Nyarugenge,beans,366.67
2008-08-01,Nyarugenge,beans,400.0
2008-10-01,Nyarugenge,beans,397.5
2008-11-01,Nyarugenge,beans,328.75
2008-12-01,Nyarugenge,beans,282.5
2009-01-01,Nyarugenge,beans,266.25
2009-02-01,Nyarugenge,beans,253.75
2009-03-01,Nyarugenge,beans,195.0
2009-04-01,Nyarugenge,beans,202.5
2009-05-01,Nyarugenge,beans,196.46
2009-06-01,Nyarugenge,beans,205.0
2009-07-01,Nyarugenge,beans,223.55
2009-08-01,Nyarugenge,beans,226.25
2009-09-01,Nyarugenge,beans,291.25
2009-10-01,Nyarugenge,beans,300.0
2009-11-01,Nyarugenge,beans,345.0
2009-12-01,Nyarugenge,beans,318.12
2010-01-01,Nyarugenge,beans,287.5
2010-02-01,Nyarugenge,beans,280.0
2010-03-01,Nyarugenge,beans,246.88
2010-04-01,Nyarugenge,beans,236.88
2010-05-01,Nyarugenge,beans,237.08
2010-06-01,Nyarugenge,beans,256.25
2010-07-01,Nyarugenge,beans,278.8833333333334
2010-08-01,Nyarugenge,beans,299.8066666666667
2010-09-01,Nyarugenge,beans,318.68333333333334
2010-10-01,Nyarugenge,beans,318.0833333333333
2010-11-01,Nyarugenge,beans,314.0
2010-12-01,Nyarugenge,beans,299.31
2011-01-01,Nyarugenge,beans,297.5
2011-02-01,Nyarugenge,beans,247.875
2011-03-01,Nyarugenge,beans,255.0
2011-04-01,Nyarugenge,beans,324.28
2011-05-01,Nyarugenge,beans,350.8966666666667
2011-06-01,Nyarugenge,beans,316.44666666666666
2011-07-01,Nyarugenge,beans,310.8833333333334
2011-08-01,Nyarugenge,beans,333.49
2011-09-01,Nyarugenge,beans,335.41
2011-10-01,Nyarugenge,beans,315.6666666666667
2011-11-01,Nyarugenge,beans,310.9866666666667
2011-12-01,Nyarugenge,beans,301.81
2012-01-01,Nyarugenge,beans,288.56
2012-02-01,Nyarugenge,beans,293.13
2012-03-01,Nyarugenge,beans,327.64
2012-04-01,Nyarugenge,beans,365.58500000000004
2012-05-01,Nyarugenge,beans,375.3733333333333
2012-06-01,Nyarugenge,beans,375.18666666666667
2012-07-01,Nyarugenge,beans,358.6233333333333
2012-08-01,Nyarugenge,beans,367.29333333333335
2012-09-01,Nyarugenge,beans,354.6666666666667
2012-10-01,Nyarugenge,beans,395.3333333333333
2012-11-01,Nyarugenge,beans,399.835
2012-12-01,Nyarugenge,beans,414.8733333333333
2013-01-01,Nyarugenge,beans,389.8766666666667
2013-02-01,Nyarugenge,beans,385.0
2013-03-01,Nyarugenge,beans,389.125
2013-04-01,Nyarugenge,beans,400.5525
2013-05-01,Nyarugenge,beans,421.49333333333334
2013-06-01,Nyarugenge,beans,415.935
2013-07-01,Nyarugenge,beans,424.6225
2013-08-01,Nyarugenge,beans,436.955
2013-09-01,Nyarugenge,beans,509.92
2013-10-01,Nyarugenge,beans,574.84
2013-11-01,Nyarugenge,beans,528.62
2013-12-01,Nyarugenge,beans,450.305
2014-01-01,Nyarugenge,beans,408.055
2014-02-01,Nyarugenge,beans,442.31
2014-03-01,Nyarugenge,beans,438.23
2014-04-01,Nyarugenge,beans,459.2
2014-05-01,Nyarugenge,beans,442.28999999999996
2014-06-01,Nyarugenge,beans,472.1233333333333
2014-07-01,Nyarugenge,beans,491.55
2014-08-01,Nyarugenge,beans,472.1266666666667
2014-09-01,Nyarugenge,beans,466.9
2014-10-01,Nyarugenge,beans,495.0
2014-11-01,Nyarugenge,beans,456.3925
2014-12-01,Nyarugenge,beans,440.825
2015-01-01,Nyarugenge,beans,421.40250000000003
2015-02-01,Nyarugenge,beans,417.68
2015-03-01,Nyarugenge,beans,459.62999999999994
2015-04-01,Nyarugenge,beans,453.9575
2015-05-01,Nyarugenge,beans,487.33599999999996
2015-06-01,Nyarugenge,beans,463.07
2015-07-01,Nyarugenge,beans,438.61
2015-08-01,Nyarugenge,beans,448.82
2015-09-01,Nyarugenge,beans,466.0425
2015-10-01,Nyarugenge,beans,510.4066666666667
2015-11-01,Nyarugenge,beans,520.9666666666667
2015-12-01,Nyarugenge,beans,505.3333333333333
2023-02-01,Nyarugenge,beans,1162.5
2023-11-01,Nyarugenge,beans,750.0
2024-05-01,Nyarugenge,beans,500.0
2024-06-01,Nyarugenge,beans,625.0
2024-09-01,Nyarugenge,beans,700.0
2024-11-01,Nyarugenge,beans,1000.0
2025-10-01,Nyarugenge,beans,675.0
2011-12-01,Nyaruguru,beans,301.2
2012-01-01,Nyaruguru,beans,240.75
2012-02-01,Nyaruguru,beans,238.0
2012-03-01,Nyaruguru,beans,256.67
2012-04-01,Nyaruguru,beans,298.5
2012-05-01,Nyaruguru,beans,309.0
2012-06-01,Nyaruguru,beans,275.0
2008-01-01,Rubavu,beans,290.0
2008-02-01,Rubavu,beans,285.0
2008-03-01,Rubavu,beans,290.0
2008-04-01,Rubavu,beans,287.5
2008-05-01,Rubavu,beans,310.0
2008-06-01,Rubavu,beans,313.0
2008-07-01,Rubavu,beans,298.33
2008-08-01,Rubavu,beans,375.0
2008-09-01,Rubavu,beans,389.25
2008-10-01,Rubavu,beans,275.0
2008-11-01,Rubavu,beans,356.25
2008-12-01,Rubavu,beans,339.16499999999996
2009-01-01,Rubavu,beans,285.625
2009-02-01,Rubavu,beans,288.75
2009-03-01,Rubavu,beans,300.0
2009-04-01,Rubavu,beans,251.0
2009-05-01,Rubavu,beans,235.0
2009-06-01,Rubavu,beans,251.62
2009-07-01,Rubavu,beans,251.75
2009-08-01,Rubavu,beans,278.33
2009-09-01,Rubavu,beans,341.75
2009-10-01,Rubavu,beans,353.43
2009-11-01,Rubavu,beans,379.0
2009-12-01,Rubavu,beans,369.0
2010-01-01,Rubavu,beans,234.67
2010-02-01,Rubavu,beans,240.0
2010-03-01,Rubavu,beans,251.5
2010-04-01,Rubavu,beans,288.62
2010-05-01,Rubavu,beans,307.83
2010-06-01,Rubavu,beans,300.0
2010-07-01,Rubavu,beans,277.88
2010-08-01,Rubavu,beans,312.5
2010-09-01,Rubavu,beans,350.0
2010-10-01,Rubavu,beans,350.0
2010-11-01,Rubavu,beans,350.0
2010-12-01,Rubavu,beans,342.5
2011-01-01,Rubavu,beans,266.67
2011-02-01,Rubavu,beans,241.67
2011-03-01,Rubavu,beans,251.75
2011-04-01,Rubavu,beans,282.5
2011-05-01,Rubavu,beans,337.5
2011-06-01,Rubavu,beans,329.0
2011-07-01,Rubavu,beans,324.0
2011-08-01,Rubavu,beans,317.5
2011-09-01,Rubavu,beans,350.0
2011-10-01,Rubavu,beans,350.0
2011-11-01,Rubavu,beans,348.6
2011-12-01,Rubavu,beans,347.0
2012-01-01,Rubavu,beans,312.5
2012-02-01,Rubavu,beans,294.25
2012-03-01,Rubavu,beans,345.75
2012-04-01,Rubavu,beans,350.0
2012-05-01,Rubavu,beans,417.0
2012-06-01,Rubavu,beans,400.0
2012-07-01,Rubavu,beans,343.2
2012-08-01,Rubavu,beans,361.5
2012-09-01,Rubavu,beans,417.0
2012-10-01,Rubavu,beans,383.0
2012-11-01,Rubavu,beans,355.67
2012-12-01,Rubavu,beans,353.33
2013-01-01,Rubavu,beans,256.75
2013-02-01,Rubavu,beans,308.0
2013-03-01,Rubavu,beans,329.25
2013-04-01,Rubavu,beans,354.0
2013-05-01,Rubavu,beans,384.25
2013-06-01,Rubavu,beans,398.6
2013-07-01,Rubavu,beans,386.8
2013-08-01,Rubavu,beans,391.75
2013-09-01,Rubavu,beans,463.25
2013-10-01,Rubavu,beans,482.6
2013-11-01,Rubavu,beans,505.67
2013-12-01,Rubavu,beans,458.5
2014-01-01,Rubavu,beans,353.33
2014-02-01,Rubavu,beans,396.0
2014-03-01,Rubavu,beans,400.0
2014-04-01,Rubavu,beans,400.0
2014-05-01,Rubavu,beans,423.25
2014-06-01,Rubavu,beans,450.0
2014-07-01,Rubavu,beans,383.25
2014-08-01,Rubavu,beans,408.25
2014-09-01,Rubavu,beans,450.0
2014-10-01,Rubavu,beans,433.5
2014-11-01,Rubavu,beans,404.25
2014-12-01,Rubavu,beans,353.4
2015-01-01,Rubavu,beans,350.0
2015-02-01,Rubavu,beans,350.0
2015-03-01,Rubavu,beans,350.0
2015-04-01,Rubavu,beans,400.0
2015-05-01,Rubavu,beans,433.5
2015-06-01,Rubavu,beans,436.8
2015-07-01,Rubavu,beans,402.5
2015-08-01,Rubavu,beans,392.5
2015-09-01,Rubavu,beans,418.6
2015-11-01,Rubavu,beans,500.0
2015-12-01,Rubavu,beans,491.75
2011-12-01,Ruhango,beans,299.0
2012-01-01,Ruhango,beans,224.75
2012-02-01,Ruhango,beans,261.0
2012-03-01,Ruhango,beans,296.75
2012-04-01,Ruhango,beans,317.5
2012-05-01,Ruhango,beans,325.2
2012-06-01,Ruhango,beans,312.5
2012-07-01,Ruhango,beans,342.33
2012-08-01,Ruhango,beans,350.0
2012-09-01,Ruhango,beans,350.0
2012-10-01,Ruhango,beans,350.0
2012-11-01,Ruhango,beans,350.0
2012-12-01,Ruhango,beans,350.0
2013-01-01,Ruhango,beans,280.0
2013-02-01,Ruhango,beans,321.0
2013-03-01,Ruhango,beans,339.0
2013-04-01,Ruhango,beans,350.0
2013-05-01,Ruhango,beans,373.5
2013-06-01,Ruhango,beans,378.75
2013-07-01,Ruhango,beans,396.4
2013-08-01,Ruhango,beans,400.0
2013-09-01,Ruhango,beans,470.0
2013-10-01,Ruhango,beans,525.83
2013-11-01,Ruhango,beans,548.25
2013-12-01,Ruhango,beans,516.67
2014-01-01,Ruhango,beans,325.67
2014-02-01,Ruhango,beans,393.5
2014-03-01,Ruhango,beans,386.25
2014-04-01,Ruhango,beans,400.0
2014-05-01,Ruhango,beans,333.33
2014-06-01,Ruhango,beans,430.67
2014-07-01,Ruhango,beans,416.67
2014-08-01,Ruhango,beans,422.33
2014-09-01,Ruhango,beans,350.0
2014-10-01,Ruhango,beans,400.0
2014-11-01,Ruhango,beans,375.0
2015-02-01,Ruhango,beans,270.0
2015-03-01,Ruhango,beans,296.67
2015-04-01,Ruhango,beans,368.0
2015-05-01,Ruhango,beans,352.5
2015-06-01,Ruhango,beans,305.0
2015-07-01,Ruhango,beans,350.0
2015-08-01,Ruhango,beans,370.0
2015-09-01,Ruhango,beans,362.0
2015-10-01,Ruhango,beans,392.5
2015-11-01,Ruhango,beans,425.0
2015-12-01,Ruhango,beans,488.6
2008-01-01,Rulindo,beans,265.0
2008-02-01,Rulindo,beans,240.0
2008-03-01,Rulindo,beans,261.25
2008-04-01,Rulindo,beans,275.0
2008-05-01,Rulindo,beans,280.0
2008-06-01,Rulindo,beans,276.25
2008-07-01,Rulindo,beans,325.0
2008-08-01,Rulindo,beans,338.75
2008-09-01,Rulindo,beans,405.0
2008-10-01,Rulindo,beans,391.25
2008-11-01,Rulindo,beans,337.5
2008-12-01,Rulindo,beans,276.25
2009-01-01,Rulindo,beans,255.0
2009-02-01,Rulindo,beans,240.0
2009-03-01,Rulindo,beans,250.0
2009-04-01,Rulindo,beans,262.5
2009-05-01,Rulindo,beans,228.75
2009-06-01,Rulindo,beans,234.41500000000002
2009-07-01,Rulindo,beans,233.44
2009-08-01,Rulindo,beans,258.335
2009-09-01,Rulindo,beans,322.275
2009-10-01,Rulindo,beans,369.815
2009-11-01,Rulindo,beans,384.21000000000004
2009-12-01,Rulindo,beans,370.33500000000004
2010-01-01,Rulindo,beans,263.12
2010-02-01,Rulindo,beans,227.08499999999998
2010-03-01,Rulindo,beans,253.75
2010-04-01,Rulindo,beans,248.95999999999998
2010-05-01,Rulindo,beans,257.71000000000004
2010-06-01,Rulindo,beans,248.29
2010-07-01,Rulindo,beans,255.275
2010-08-01,Rulindo,beans,272.625
2010-09-01,Rulindo,beans,310.46000000000004
2010-10-01,Rulindo,beans,325.17
2010-11-01,Rulindo,beans,283.96000000000004
2010-12-01,Rulindo,beans,271.045
2011-01-01,Rulindo,beans,202.33499999999998
2011-02-01,Rulindo,beans,220.33
2011-03-01,Rulindo,beans,230.95
2011-04-01,Rulindo,beans,264.33500000000004
2011-05-01,Rulindo,beans,313.625
2011-06-01,Rulindo,beans,274.4
2011-07-01,Rulindo,beans,278.625
2011-08-01,Rulindo,beans,295.775
2011-09-01,Rulindo,beans,295.55
2011-10-01,Rulindo,beans,300.66499999999996
2011-11-01,Rulindo,beans,305.46500000000003
2011-12-01,Rulindo,beans,277.0
2012-01-01,Rulindo,beans,250.085
2012-02-01,Rulindo,beans,252.165
2012-03-01,Rulindo,beans,284.25
2012-04-01,Rulindo,beans,336.125
2012-05-01,Rulindo,beans,337.6666666666667
2012-06-01,Rulindo,beans,323.06666666666666
2012-07-01,Rulindo,beans,300.91499999999996
2012-08-01,Rulindo,beans,304.0
2012-09-01,Rulindo,beans,325.0
2012-10-01,Rulindo,beans,334.0
2012-11-01,Rulindo,beans,325.16499999999996
2012-12-01,Rulindo,beans,320.66499999999996
2013-01-01,Rulindo,beans,286.0
2013-02-01,Rulindo,beans,320.0
2013-03-01,Rulindo,beans,341.0
2013-04-01,Rulindo,beans,352.46000000000004
2013-05-01,Rulindo,beans,353.91499999999996
2013-06-01,Rulindo,beans,361.25
2013-07-01,Rulindo,beans,386.5833333333333
2013-08-01,Rulindo,beans,410.8
2013-09-01,Rulindo,beans,486.8333333333333
2013-10-01,Rulindo,beans,529.4833333333333
2013-11-01,Rulindo,beans,459.05
2013-12-01,Rulindo,beans,389.25
2014-01-01,Rulindo,beans,356.91499999999996
2014-02-01,Rulindo,beans,380.60999999999996
2014-03-01,Rulindo,beans,382.0
2014-04-01,Rulindo,beans,378.89000000000004
2014-05-01,Rulindo,beans,381.4166666666667
2014-06-01,Rulindo,beans,411.0833333333333
2014-07-01,Rulindo,beans,391.77666666666664
2014-08-01,Rulindo,beans,398.3333333333333
2014-09-01,Rulindo,beans,402.6133333333334
2014-10-01,Rulindo,beans,381.25
2014-11-01,Rulindo,beans,324.71999999999997
2014-12-01,Rulindo,beans,272.5333333333333
2015-01-01,Rulindo,beans,271.625
2015-02-01,Rulindo,beans,297.625
2015-03-01,Rulindo,beans,323.125
2015-04-01,Rulindo,beans,346.16
2015-05-01,Rulindo,beans,387.6666666666667
2015-06-01,Rulindo,beans,347.8333333333333
2015-07-01,Rulindo,beans,355.6666666666667
2015-08-01,Rulindo,beans,365.8
2015-09-01,Rulindo,beans,384.1333333333334
2015-10-01,Rulindo,beans,405.4666666666667
2015-11-01,Rulindo,beans,456.31666666666666
2015-12-01,Rulindo,beans,473.8333333333333
2008-01-01,Rusizi,beans,315.0
2008-02-01,Rusizi,beans,272.5
2008-03-01,Rusizi,beans,332.5
2008-04-01,Rusizi,beans,347.5
2008-05-01,Rusizi,beans,325.0
2008-06-01,Rusizi,beans,315.0
2008-07-01,Rusizi,beans,353.33
2008-08-01,Rusizi,beans,395.0
2008-09-01,Rusizi,beans,407.5
2008-11-01,Rusizi,beans,445.0
2008-12-01,Rusizi,beans,365.0
2009-01-01,Rusizi,beans,310.0
2009-02-01,Rusizi,beans,290.0
2009-03-01,Rusizi,beans,260.0
2009-04-01,Rusizi,beans,263.75
2009-05-01,Rusizi,beans,237.5
2009-06-01,Rusizi,beans,242.5
2009-07-01,Rusizi,beans,292.5
2009-08-01,Rusizi,beans,298.71
2009-09-01,Rusizi,beans,350.18
2009-10-01,Rusizi,beans,359.33
2009-11-01,Rusizi,beans,395.62
2009-12-01,Rusizi,beans,405.5
2010-01-01,Rusizi,beans,343.62
2010-02-01,Rusizi,beans,312.5
2010-03-01,Rusizi,beans,310.7
2010-04-01,Rusizi,beans,307.88
2010-05-01,Rusizi,beans,323.0
2010-06-01,Rusizi,beans,309.07
2010-07-01,Rusizi,beans,304.73
2010-08-01,Rusizi,beans,331.94
2010-09-01,Rusizi,beans,352.2
2010-10-01,Rusizi,beans,356.67
2010-11-01,Rusizi,beans,362.17
2010-12-01,Rusizi,beans,357.5
2011-01-01,Rusizi,beans,322.83
2011-02-01,Rusizi,beans,286.83
2011-03-01,Rusizi,beans,303.78
2011-04-01,Rusizi,beans,343.88
2011-05-01,Rusizi,beans,387.0
2011-06-01,Rusizi,beans,367.38
2011-07-01,Rusizi,beans,342.75
2011-08-01,Rusizi,beans,371.75
2011-09-01,Rusizi,beans,368.75
2011-10-01,Rusizi,beans,367.38
2011-11-01,Rusizi,beans,357.12
2011-12-01,Rusizi,beans,324.0
2012-01-01,Rusizi,beans,324.75
2012-02-01,Rusizi,beans,312.44
2012-03-01,Rusizi,beans,340.89
2012-04-01,Rusizi,beans,357.5
2012-05-01,Rusizi,beans,364.25
2012-06-01,Rusizi,beans,344.11
2012-07-01,Rusizi,beans,346.56
2012-08-01,Rusizi,beans,366.75
2012-11-01,Rusizi,beans,385.62
2012-12-01,Rusizi,beans,380.67
2013-01-01,Rusizi,beans,348.57
2013-02-01,Rusizi,beans,271.0
2013-03-01,Rusizi,beans,350.62
2013-04-01,Rusizi,beans,393.5
2013-05-01,Rusizi,beans,392.0
2013-06-01,Rusizi,beans,335.0
2013-07-01,Rusizi,beans,385.56
2013-08-01,Rusizi,beans,430.5
2013-09-01,Rusizi,beans,466.0
2013-10-01,Rusizi,beans,538.0
2013-11-01,Rusizi,beans,563.14
2013-12-01,Rusizi,beans,482.78
2014-01-01,Rusizi,beans,380.11
2014-02-01,Rusizi,beans,314.29
2014-03-01,Rusizi,beans,411.75
2014-04-01,Rusizi,beans,443.0
2014-05-01,Rusizi,beans,404.25
2014-06-01,Rusizi,beans,454.86
2014-07-01,Rusizi,beans,467.56
2014-08-01,Rusizi,beans,507.0
2014-09-01,Rusizi,beans,522.4
2014-10-01,Rusizi,beans,520.0
2014-11-01,Rusizi,beans,398.0
2014-12-01,Rusizi,beans,380.83
2015-01-01,Rusizi,beans,374.0
2015-02-01,Rusizi,beans,361.12
2015-03-01,Rusizi,beans,334.56
2015-04-01,Rusizi,beans,429.0
2015-05-01,Rusizi,beans,455.75
2015-06-01,Rusizi,beans,413.88
2015-07-01,Rusizi,beans,422.22
2015-08-01,Rusizi,beans,451.0
2015-09-01,Rusizi,beans,471.33
2015-10-01,Rusizi,beans,464.43
2015-11-01,Rusizi,beans,479.38
2015-12-01,Rusizi,beans,466.0
2008-01-01,Rutsiro,beans,293.75
2008-02-01,Rutsiro,beans,302.5
2008-03-01,Rutsiro,beans,295.0
2008-04-01,Rutsiro,beans,310.0
2008-05-01,Rutsiro,beans,312.5
2008-06-01,Rutsiro,beans,322.5
2008-07-01,Rutsiro,beans,351.33
2008-08-01,Rutsiro,beans,390.0
2008-09-01,Rutsiro,beans,382.5
2008-10-01,Rutsiro,beans,382.5
2008-11-01,Rutsiro,beans,342.5
2008-12-01,Rutsiro,beans,305.0
2009-01-01,Rutsiro,beans,254.25
2009-02-01,Rutsiro,beans,269.25
2009-03-01,Rutsiro,beans,270.0
2009-04-01,Rutsiro,beans,250.0
2009-05-01,Rutsiro,beans,235.0
2009-06-01,Rutsiro,beans,235.0
2009-07-01,Rutsiro,beans,248.5
2009-08-01,Rutsiro,beans,288.67
2009-09-01,Rutsiro,beans,355.0
2009-10-01,Rutsiro,beans,363.0
2009-11-01,Rutsiro,beans,381.75
2009-12-01,Rutsiro,beans,352.25
2010-01-01,Rutsiro,beans,273.67
2010-02-01,Rutsiro,beans,210.0
2010-03-01,Rutsiro,beans,239.0
2010-04-01,Rutsiro,beans,295.0
2010-05-01,Rutsiro,beans,295.67
2010-06-01,Rutsiro,beans,303.5
2010-07-01,Rutsiro,beans,302.41499999999996
2010-08-01,Rutsiro,beans,314.33500000000004
2010-09-01,Rutsiro,beans,363.5
2010-10-01,Rutsiro,beans,367.5
2010-11-01,Rutsiro,beans,332.6
2010-12-01,Rutsiro,beans,300.24333333333334
2011-01-01,Rutsiro,beans,278.4166666666667
2011-02-01,Rutsiro,beans,264.7766666666667
2011-03-01,Rutsiro,beans,269.09
2011-04-01,Rutsiro,beans,299.43333333333334
2011-05-01,Rutsiro,beans,324.5
2011-06-01,Rutsiro,beans,313.4166666666667
2011-07-01,Rutsiro,beans,316.53333333333336
2011-08-01,Rutsiro,beans,323.52666666666664
2011-09-01,Rutsiro,beans,340.6666666666667
2011-10-01,Rutsiro,beans,334.75
2011-11-01,Rutsiro,beans,321.03333333333336
2011-12-01,Rutsiro,beans,339.3666666666667
2012-01-01,Rutsiro,beans,268.3333333333333
2012-02-01,Rutsiro,beans,278.3333333333333
2012-03-01,Rutsiro,beans,313.51666666666665
2012-04-01,Rutsiro,beans,345.4166666666667
2012-05-01,Rutsiro,beans,343.5833333333333
2012-06-01,Rutsiro,beans,343.75
2012-07-01,Rutsiro,beans,310.8333333333333
2012-08-01,Rutsiro,beans,337.33500000000004
2012-09-01,Rutsiro,beans,345.0
2012-10-01,Rutsiro,beans,366.5
2012-11-01,Rutsiro,beans,336.525
2012-12-01,Rutsiro,beans,342.66499999999996
2013-01-01,Rutsiro,beans,291.625
2013-02-01,Rutsiro,beans,302.5
2013-03-01,Rutsiro,beans,341.875
2013-04-01,Rutsiro,beans,369.125
2013-05-01,Rutsiro,beans,372.25
2013-06-01,Rutsiro,beans,361.435
2013-07-01,Rutsiro,beans,357.46000000000004
2013-08-01,Rutsiro,beans,371.91499999999996
2013-09-01,Rutsiro,beans,470.25
2013-10-01,Rutsiro,beans,510.33500000000004
2013-11-01,Rutsiro,beans,520.75
2013-12-01,Rutsiro,beans,407.6
2014-01-01,Rutsiro,beans,339.0
2014-02-01,Rutsiro,beans,350.875
2014-03-01,Rutsiro,beans,429.41499999999996
2014-04-01,Rutsiro,beans,403.135
2014-05-01,Rutsiro,beans,379.625
2014-06-01,Rutsiro,beans,390.375
2014-07-01,Rutsiro,beans,401.0
2014-08-01,Rutsiro,beans,401.83
2014-09-01,Rutsiro,beans,415.125
2014-10-01,Rutsiro,beans,402.23
2014-11-01,Rutsiro,beans,374.5
2014-12-01,Rutsiro,beans,357.875
2015-01-01,Rutsiro,beans,291.0
2015-02-01,Rutsiro,beans,299.625
2015-03-01,Rutsiro,beans,314.35
2015-04-01,Rutsiro,beans,390.91499999999996
2015-05-01,Rutsiro,beans,422.625
2015-06-01,Rutsiro,beans,449.2
2015-07-01,Rutsiro,beans,449.0
2015-08-01,Rutsiro,beans,358.55
2015-09-01,Rutsiro,beans,372.675
2015-10-01,Rutsiro,beans,426.5
2015-11-01,Rutsiro,beans,403.65
2015-12-01,Rutsiro,beans,432.58500000000004
2008-01-01,Rwamagana,beans,250.0
2008-02-01,Rwamagana,beans,257.5
2008-03-01,Rwamagana,beans,261.25
2008-04-01,Rwamagana,beans,255.0
2008-05-01,Rwamagana,beans,246.25
2008-06-01,Rwamagana,beans,276.25
2008-07-01,Rwamagana,beans,340.0
2008-08-01,Rwamagana,beans,360.0
2008-09-01,Rwamagana,beans,350.0
2008-10-01,Rwamagana,beans,310.0
2008-11-01,Rwamagana,beans,287.5
2008-12-01,Rwamagana,beans,287.5
2009-01-01,Rwamagana,beans,227.5
2009-02-01,Rwamagana,beans,215.0
2009-03-01,Rwamagana,beans,200.0
2009-04-01,Rwamagana,beans,200.0
2009-05-01,Rwamagana,beans,180.0
2009-06-01,Rwamagana,beans,200.0
2009-07-01,Rwamagana,beans,228.33
2009-08-01,Rwamagana,beans,229.17
2009-09-01,Rwamagana,beans,270.0
2009-10-01,Rwamagana,beans,298.33
2009-11-01,Rwamagana,beans,393.75
2009-12-01,Rwamagana,beans,429.0
2010-01-01,Rwamagana,beans,184.17
2010-02-01,Rwamagana,beans,215.0
2010-03-01,Rwamagana,beans,215.0
2010-04-01,Rwamagana,beans,220.0
2010-05-01,Rwamagana,beans,202.75
2010-06-01,Rwamagana,beans,225.88
2010-07-01,Rwamagana,beans,279.0
2010-08-01,Rwamagana,beans,281.75
2010-09-01,Rwamagana,beans,367.5
2010-10-01,Rwamagana,beans,400.0
2010-11-01,Rwamagana,beans,372.08500000000004
2010-12-01,Rwamagana,beans,340.625
2011-01-01,Rwamagana,beans,347.41499999999996
2011-02-01,Rwamagana,beans,304.16499999999996
2011-03-01,Rwamagana,beans,288.5
2011-04-01,Rwamagana,beans,309.5
2011-05-01,Rwamagana,beans,311.21
2011-06-01,Rwamagana,beans,320.5
2011-07-01,Rwamagana,beans,322.125
2011-08-01,Rwamagana,beans,348.75
2011-09-01,Rwamagana,beans,360.0
2011-10-01,Rwamagana,beans,338.75
2011-11-01,Rwamagana,beans,327.875
2011-12-01,Rwamagana,beans,303.33500000000004
2012-01-01,Rwamagana,beans,243.5
2012-02-01,Rwamagana,beans,205.75
2012-03-01,Rwamagana,beans,226.0
2012-04-01,Rwamagana,beans,300.0
2012-05-01,Rwamagana,beans,329.3
2012-06-01,Rwamagana,beans,273.3
2012-07-01,Rwamagana,beans,258.83
2012-08-01,Rwamagana,beans,263.33
2012-09-01,Rwamagana,beans,310.0
2012-10-01,Rwamagana,beans,371.5
2012-11-01,Rwamagana,beans,346.6666666666667
2012-12-01,Rwamagana,beans,252.5
2013-01-01,Rwamagana,beans,219.25
2013-02-01,Rwamagana,beans,254.0
2013-03-01,Rwamagana,beans,297.2
2013-04-01,Rwamagana,beans,342.4466666666667
2013-05-01,Rwamagana,beans,302.33
2013-06-01,Rwamagana,beans,354.25
2013-07-01,Rwamagana,beans,373.0
2013-08-01,Rwamagana,beans,438.60999999999996
2013-09-01,Rwamagana,beans,547.75
2013-10-01,Rwamagana,beans,589.0666666666667
2013-11-01,Rwamagana,beans,564.3333333333334
2013-12-01,Rwamagana,beans,404.40000000000003
2014-01-01,Rwamagana,beans,330.77666666666664
2014-02-01,Rwamagana,beans,298.0
2014-03-01,Rwamagana,beans,305.0
2014-04-01,Rwamagana,beans,295.33
2014-05-01,Rwamagana,beans,301.2
2014-06-01,Rwamagana,beans,343.25
2014-07-01,Rwamagana,beans,320.0
2014-08-01,Rwamagana,beans,310.17
2014-09-01,Rwamagana,beans,422.3
2014-10-01,Rwamagana,beans,303.33
2014-11-01,Rwamagana,beans,292.39000000000004
2014-12-01,Rwamagana,beans,296.16499999999996
2015-01-01,Rwamagana,beans,334.6666666666667
2015-02-01,Rwamagana,beans,341.6666666666667
2015-03-01,Rwamagana,beans,401.7
2015-04-01,Rwamagana,beans,388.9766666666667
2015-05-01,Rwamagana,beans,417.3333333333333
2015-06-01,Rwamagana,beans,420.5
2015-07-01,Rwamagana,beans,421.10999999999996
2015-08-01,Rwamagana,beans,414.6666666666667
2015-09-01,Rwamagana,beans,427.75
2015-10-01,Rwamagana,beans,344.0
2015-11-01,Rwamagana,beans,405.0
2015-12-01,Rwamagana,beans,445.0
2008-01-01,Bugesera,maize,150.0
2008-02-01,Bugesera,maize,137.5
2008-03-01,Bugesera,maize,150.0
2008-04-01,Bugesera,maize,140.0
2008-05-01,Bugesera,maize,145.0
2008-06-01,Bugesera,maize,170.0
2008-07-01,Bugesera,maize,160.0
2008-08-01,Bugesera,maize,157.5
2008-09-01,Bugesera,maize,165.0
2008-12-01,Bugesera,maize,217.5
2009-01-01,Bugesera,maize,162.5
2009-02-01,Bugesera,maize,175.0
2009-03-01,Bugesera,maize,180.0
2009-04-01,Bugesera,maize,212.5
2009-05-01,Bugesera,maize,200.0
2009-06-01,Bugesera,maize,192.5
2009-07-01,Bugesera,maize,198.88
2009-08-01,Bugesera,maize,189.58
2009-09-01,Bugesera,maize,190.0
2009-10-01,Bugesera,maize,186.25
2009-11-01,Bugesera,maize,300.0
2009-12-01,Bugesera,maize,300.0
2010-01-01,Bugesera,maize,150.0
2010-02-01,Bugesera,maize,153.75
2010-03-01,Bugesera,maize,141.25
2010-04-01,Bugesera,maize,148.12
2010-05-01,Bugesera,maize,141.67
2010-06-01,Bugesera,maize,117.08
2010-07-01,Bugesera,maize,87.75
2010-08-01,Bugesera,maize,104.89500000000001
2010-09-01,Bugesera,maize,106.66499999999999
2010-10-01,Bugesera,maize,137.125
2010-11-01,Bugesera,maize,192.815
2010-12-01,Bugesera,maize,151.5
2011-01-01,Bugesera,maize,154.5
2011-02-01,Bugesera,maize,151.625
2011-03-01,Bugesera,maize,159.125
2011-04-01,Bugesera,maize,186.375
2011-05-01,Bugesera,maize,194.25
2011-06-01,Bugesera,maize,200.0
2011-07-01,Bugesera,maize,196.25
2011-08-01,Bugesera,maize,186.66500000000002
2011-09-01,Bugesera,maize,190.0
2011-10-01,Bugesera,maize,213.375
2011-11-01,Bugesera,maize,216.66500000000002
2011-12-01,Bugesera,maize,250.0
2012-01-01,Bugesera,maize,237.5
2012-02-01,Bugesera,maize,172.91500000000002
2012-03-01,Bugesera,maize,157.6
2012-04-01,Bugesera,maize,200.0
2012-05-01,Bugesera,maize,200.0
2012-06-01,Bugesera,maize,247.7
2012-07-01,Bugesera,maize,274.1666666666667
2012-08-01,Bugesera,maize,273.7133333333333
2012-09-01,Bugesera,maize,293.3333333333333
2012-10-01,Bugesera,maize,300.0
2012-11-01,Bugesera,maize,261.08500000000004
2012-12-01,Bugesera,maize,278.75
2013-01-01,Bugesera,maize,318.75
2013-02-01,Bugesera,maize,208.5
2013-03-01,Bugesera,maize,202.125
2013-04-01,Bugesera,maize,205.0
2013-05-01,Bugesera,maize,208.33499999999998
2013-06-01,Bugesera,maize,219.625
2013-07-01,Bugesera,maize,217.91500000000002
2013-08-01,Bugesera,maize,200.0
2013-09-01,Bugesera,maize,264.58500000000004
2013-10-01,Bugesera,maize,300.0
2013-11-01,Bugesera,maize,330.075
2013-12-01,Bugesera,maize,337.5
2014-01-01,Bugesera,maize,305.0
2014-02-01,Bugesera,maize,229.21
2014-03-01,Bugesera,maize,200.0
2014-04-01,Bugesera,maize,201.0
2014-05-01,Bugesera,maize,210.91500000000002
2014-06-01,Bugesera,maize,265.0
2014-07-01,Bugesera,maize,250.0
2014-08-01,Bugesera,maize,250.0
2014-09-01,Bugesera,maize,250.0
2014-10-01,Bugesera,maize,264.66499999999996
2014-11-01,Bugesera,maize,249.125
2014-12-01,Bugesera,maize,238.83499999999998
2015-01-01,Bugesera,maize,198.375
2015-02-01,Bugesera,maize,137.54000000000002
2015-03-01,Bugesera,maize,180.375
2015-04-01,Bugesera,maize,194.5
2015-05-01,Bugesera,maize,193.375
2015-06-01,Bugesera,maize,175.0
2015-07-01,Bugesera,maize,206.75
2015-08-01,Bugesera,maize,244.5
2015-09-01,Bugesera,maize,255.665
2015-10-01,Bugesera,maize,250.0
2015-11-01,Bugesera,maize,279.96
2015-12-01,Bugesera,maize,315.33500000000004
2012-06-01,Burera,maize,250.0
2012-07-01,Burera,maize,266.0
2012-08-01,Burera,maize,277.5
2012-11-01,Burera,maize,260.0
2012-12-01,Burera,maize,291.0
2013-01-01,Burera,maize,300.0
2013-02-01,Burera,maize,294.0
2013-03-01,Burera,maize,190.0
2013-04-01,Burera,maize,206.5
2013-05-01,Burera,maize,192.33
2013-06-01,Burera,maize,204.67
2013-07-01,Burera,maize,212.5
2013-08-01,Burera,maize,200.0
2013-09-01,Burera,maize,270.0
2013-10-01,Burera,maize,283.25
2013-11-01,Burera,maize,300.0
2013-12-01,Burera,maize,370.0
2014-01-01,Burera,maize,333.33
2014-02-01,Burera,maize,266.67
2014-03-01,Burera,maize,182.5
2014-04-01,Burera,maize,193.33
2014-05-01,Burera,maize,200.0
2014-06-01,Burera,maize,250.0
2014-07-01,Burera,maize,216.67
2014-08-01,Burera,maize,250.0
2014-09-01,Burera,maize,250.0
2014-11-01,Burera,maize,250.0
2014-12-01,Burera,maize,250.0
2015-01-01,Burera,maize,250.0
2015-02-01,Burera,maize,157.5
2015-03-01,Burera,maize,145.75
2015-04-01,Burera,maize,200.0
2015-05-01,Burera,maize,206.67
2015-06-01,Burera,maize,200.0
2015-07-01,Burera,maize,223.33
2015-08-01,Burera,maize,267.5
2015-09-01,Burera,maize,253.4
2015-10-01,Burera,maize,250.0
2015-11-01,Burera,maize,290.0
2015-12-01,Burera,maize,300.0
2008-01-01,Gakenke,maize,137.5
2008-02-01,Gakenke,maize,141.25
2008-03-01,Gakenke,maize,137.5
2008-04-01,Gakenke,maize,155.0
2008-05-01,Gakenke,maize,140.83333333333334
2008-06-01,Gakenke,maize,171.66666666666666
2008-07-01,Gakenke,maize,192.77666666666667
2008-08-01,Gakenke,maize,208.33333333333334
2008-09-01,Gakenke,maize,236.25
2008-10-01,Gakenke,maize,269.1666666666667
2008-11-01,Gakenke,maize,235.0
2008-12-01,Gakenke,maize,240.0
2009-01-01,Gakenke,maize,232.5
2009-02-01,Gakenke,maize,227.5
2009-03-01,Gakenke,maize,225.0
2009-04-01,Gakenke,maize,222.5
2009-05-01,Gakenke,maize,233.75
2009-06-01,Gakenke,maize,235.0
2009-07-01,Gakenke,maize,230.75
2009-08-01,Gakenke,maize,230.31
2009-09-01,Gakenke,maize,244.16500000000002
2009-10-01,Gakenke,maize,250.0
2009-11-01,Gakenke,maize,271.67
2009-12-01,Gakenke,maize,275.0
2010-01-01,Gakenke,maize,265.0
2010-02-01,Gakenke,maize,195.31
2010-03-01,Gakenke,maize,194.565
2010-04-01,Gakenke,maize,168.75
2010-05-01,Gakenke,maize,153.83499999999998
2010-06-01,Gakenke,maize,133.44
2010-07-01,Gakenke,maize,119.27666666666666
2010-08-01,Gakenke,maize,126.22333333333334
2010-09-01,Gakenke,maize,133.16666666666666
2010-10-01,Gakenke,maize,165.0
2010-11-01,Gakenke,maize,177.5
2010-12-01,Gakenke,maize,169.66666666666666
2011-01-01,Gakenke,maize,187.25
2011-02-01,Gakenke,maize,171.39
2011-03-01,Gakenke,maize,136.75666666666666
2011-04-01,Gakenke,maize,153.86
2011-05-01,Gakenke,maize,184.71666666666667
2011-06-01,Gakenke,maize,226.33333333333334
2011-07-01,Gakenke,maize,238.16666666666666
2011-08-01,Gakenke,maize,248.33333333333334
2011-09-01,Gakenke,maize,214.53333333333333
2011-10-01,Gakenke,maize,233.13333333333333
2011-11-01,Gakenke,maize,248.86666666666667
2011-12-01,Gakenke,maize,245.79250000000002
2012-01-01,Gakenke,maize,254.504
2012-02-01,Gakenke,maize,219.484
2012-03-01,Gakenke,maize,165.66799999999998
2012-04-01,Gakenke,maize,188.1
2012-05-01,Gakenke,maize,228.175
2012-06-01,Gakenke,maize,252.8
2012-07-01,Gakenke,maize,267.166
2012-08-01,Gakenke,maize,265.786
2012-09-01,Gakenke,maize,250.0
2012-10-01,Gakenke,maize,279.25
2012-11-01,Gakenke,maize,274.51599999999996
2012-12-01,Gakenke,maize,283.384
2013-01-01,Gakenke,maize,285.5833333333333
2013-02-01,Gakenke,maize,271.0
2013-03-01,Gakenke,maize,207.88400000000001
2013-04-01,Gakenke,maize,225.5
2013-05-01,Gakenke,maize,206.35
2013-06-01,Gakenke,maize,208.3
2013-07-01,Gakenke,maize,220.55
2013-08-01,Gakenke,maize,220.05
2013-09-01,Gakenke,maize,262.0
2013-10-01,Gakenke,maize,291.666
2013-11-01,Gakenke,maize,318.0
2013-12-01,Gakenke,maize,336.6675
2014-01-01,Gakenke,maize,324.834
2014-02-01,Gakenke,maize,237.78000000000003
2014-03-01,Gakenke,maize,208.296
2014-04-01,Gakenke,maize,200.5
2014-05-01,Gakenke,maize,215.13400000000001
2014-06-01,Gakenke,maize,231.5
2014-07-01,Gakenke,maize,235.666
2014-08-01,Gakenke,maize,251.416
2014-09-01,Gakenke,maize,249.0
2014-10-01,Gakenke,maize,250.0
2014-11-01,Gakenke,maize,251.3
2014-12-01,Gakenke,maize,242.5
2015-01-01,Gakenke,maize,214.48250000000002
2015-02-01,Gakenke,maize,170.85
2015-03-01,Gakenke,maize,147.86399999999998
2015-04-01,Gakenke,maize,192.48399999999998
2015-05-01,Gakenke,maize,195.784
2015-06-01,Gakenke,maize,207.9
2015-07-01,Gakenke,maize,225.5
2015-08-01,Gakenke,maize,252.13400000000001
2015-09-01,Gakenke,maize,249.0
2015-10-01,Gakenke,maize,252.0
2015-11-01,Gakenke,maize,289.8
2015-12-01,Gakenke,maize,302.466
2008-01-01,Gatsibo,maize,172.5
2008-02-01,Gatsibo,maize,78.75
2008-03-01,Gatsibo,maize,89.375
2008-04-01,Gatsibo,maize,107.5
2008-05-01,Gatsibo,maize,132.5
2008-06-01,Gatsibo,maize,183.75
2008-07-01,Gatsibo,maize,190.0
2008-08-01,Gatsibo,maize,170.0
2008-09-01,Gatsibo,maize,205.0
2008-10-01,Gatsibo,maize,275.0
2008-11-01,Gatsibo,maize,195.0
2008-12-01,Gatsibo,maize,247.5
2009-01-01,Gatsibo,maize,150.0
2009-02-01,Gatsibo,maize,142.5
2009-03-01,Gatsibo,maize,160.0
2009-04-01,Gatsibo,maize,162.5
2009-05-01,Gatsibo,maize,177.5
2009-06-01,Gatsibo,maize,202.5
2009-08-01,Gatsibo,maize,172.5
2009-09-01,Gatsibo,maize,194.68
2009-10-01,Gatsibo,maize,270.62
2009-11-01,Gatsibo,maize,284.25
2009-12-01,Gatsibo,maize,325.0
2010-01-01,Gatsibo,maize,232.5
2010-02-01,Gatsibo,maize,156.25
2010-03-01,Gatsibo,maize,86.45
2010-04-01,Gatsibo,maize,112.92
2010-05-01,Gatsibo,maize,83.33
2010-06-01,Gatsibo,maize,73.45
2010-07-01,Gatsibo,maize,180.0
2010-08-01,Gatsibo,maize,76.67
2010-09-01,Gatsibo,maize,86.0
2010-10-01,Gatsibo,maize,113.38
2010-11-01,Gatsibo,maize,151.12
2010-12-01,Gatsibo,maize,151.88
2011-01-01,Gatsibo,maize,168.75
2011-02-01,Gatsibo,maize,135.25
2011-03-01,Gatsibo,maize,143.5
2011-04-01,Gatsibo,maize,161.67
2011-05-01,Gatsibo,maize,184.25
2011-06-01,Gatsibo,maize,214.0
2011-07-01,Gatsibo,maize,185.5
2011-09-01,Gatsibo,maize,174.25
2011-10-01,Gatsibo,maize,168.0
2011-11-01,Gatsibo,maize,182.0
2011-12-01,Gatsibo,maize,273.835
2012-01-01,Gatsibo,maize,235.75
2012-02-01,Gatsibo,maize,216.10500000000002
2012-03-01,Gatsibo,maize,199.525
2012-04-01,Gatsibo,maize,226.54000000000002
2012-05-01,Gatsibo,maize,244.07
2012-06-01,Gatsibo,maize,283.33500000000004
2012-07-01,Gatsibo,maize,342.44
2012-08-01,Gatsibo,maize,326.73
2012-09-01,Gatsibo,maize,240.0
2012-10-01,Gatsibo,maize,236.0
2012-11-01,Gatsibo,maize,299.5
2012-12-01,Gatsibo,maize,292.78499999999997
2013-01-01,Gatsibo,maize,313.25
2013-02-01,Gatsibo,maize,252.5
2013-03-01,Gatsibo,maize,241.67000000000002
2013-04-01,Gatsibo,maize,258.04499999999996
2013-05-01,Gatsibo,maize,250.0
2013-06-01,Gatsibo,maize,249.5
2013-07-01,Gatsibo,maize,300.0
2013-08-01,Gatsibo,maize,247.75
2013-09-01,Gatsibo,maize,286.375
2013-10-01,Gatsibo,maize,327.71000000000004
2013-11-01,Gatsibo,maize,372.43
2013-12-01,Gatsibo,maize,398.115
2014-01-01,Gatsibo,maize,308.21500000000003
2014-02-01,Gatsibo,maize,243.715
2014-03-01,Gatsibo,maize,228.565
2014-04-01,Gatsibo,maize,228.48999999999998
2014-05-01,Gatsibo,maize,237.375
2014-06-01,Gatsibo,maize,248.375
2014-07-01,Gatsibo,maize,243.0
2014-08-01,Gatsibo,maize,247.19
2014-09-01,Gatsibo,maize,253.32
2014-10-01,Gatsibo,maize,200.0
2014-11-01,Gatsibo,maize,250.75
2014-12-01,Gatsibo,maize,250.0
2015-01-01,Gatsibo,maize,219.255
2015-02-01,Gatsibo,maize,204.25
2015-03-01,Gatsibo,maize,212.11
2015-04-01,Gatsibo,maize,218.6
2015-05-01,Gatsibo,maize,224.805
2015-06-01,Gatsibo,maize,247.305
2015-07-01,Gatsibo,maize,234.265
2015-08-01,Gatsibo,maize,235.75
2015-09-01,Gatsibo,maize,236.875
2015-10-01,Gatsibo,maize,237.3
2015-11-01,Gatsibo,maize,321.575
2015-12-01,Gatsibo,maize,329.25
2016-09-01,Gatsibo,maize,310.0
2016-10-01,Gatsibo,maize,332.5
2016-11-01,Gatsibo,maize,353.3333333333333
2016-12-01,Gatsibo,maize,415.0
2017-01-01,Gatsibo,maize,380.0
2017-02-01,Gatsibo,maize,315.0
2017-03-01,Gatsibo,maize,295.0
2017-04-01,Gatsibo,maize,350.0
2017-05-01,Gatsibo,maize,375.0
2017-06-01,Gatsibo,maize,355.0
2017-07-01,Gatsibo,maize,310.0
2017-08-01,Gatsibo,maize,312.5
2017-09-01,Gatsibo,maize,322.5
2017-10-01,Gatsibo,maize,350.0
2017-11-01,Gatsibo,maize,310.0
2017-12-01,Gatsibo,maize,236.66666666666666
2018-01-01,Gatsibo,maize,260.0
2018-02-01,Gatsibo,maize,191.25
2018-03-01,Gatsibo,maize,178.33333333333334
2018-04-01,Gatsibo,maize,152.5
2018-05-01,Gatsibo,maize,153.75
2018-06-01,Gatsibo,maize,175.0
2018-07-01,Gatsibo,maize,183.33333333333334
2018-08-01,Gatsibo,maize,150.0
2018-09-01,Gatsibo,maize,161.66666666666666
2018-10-01,Gatsibo,maize,180.0
2018-11-01,Gatsibo,maize,176.66666666666666
2018-12-01,Gatsibo,maize,180.0
2019-01-01,Gatsibo,maize,218.33333333333334
2019-02-01,Gatsibo,maize,200.23666666666668
2019-03-01,Gatsibo,maize,200.0
2019-04-01,Gatsibo,maize,218.33333333333334
2019-05-01,Gatsibo,maize,270.4175
2019-06-01,Gatsibo,maize,272.5
2019-07-01,Gatsibo,maize,293.9275
2019-08-01,Gatsibo,maize,296.25
2019-09-01,Gatsibo,maize,327.9175
2019-10-01,Gatsibo,maize,380.6666666666667
2019-11-01,Gatsibo,maize,520.0
2019-12-01,Gatsibo,maize,503.75
2020-01-01,Gatsibo,maize,320.0
2020-02-01,Gatsibo,maize,241.6675
2020-03-01,Gatsibo,maize,242.5
2020-04-01,Gatsibo,maize,248.3325
2020-05-01,Gatsibo,maize,230.0
2020-06-01,Gatsibo,maize,241.69
2020-07-01,Gatsibo,maize,252.08333333333334
2020-08-01,Gatsibo,maize,254.4433333333333
2020-09-01,Gatsibo,maize,263.875
2020-10-01,Gatsibo,maize,295.8325
2020-11-01,Gatsibo,maize,300.8325
2020-12-01,Gatsibo,maize,329.44666666666666
2021-01-01,Gatsibo,maize,315.0466666666667
2021-02-01,Gatsibo,maize,206.11333333333332
2021-03-01,Gatsibo,maize,190.59
2021-04-01,Gatsibo,maize,192.24
2021-05-01,Gatsibo,maize,199.2375
2021-06-01,Gatsibo,maize,196.0525
2021-07-01,Gatsibo,maize,195.8025
2021-08-01,Gatsibo,maize,209.525
2021-09-01,Gatsibo,maize,231.3225
2021-10-01,Gatsibo,maize,279.44666666666666
2021-11-01,Gatsibo,maize,321.6675
2021-12-01,Gatsibo,maize,325.625
2022-01-01,Gatsibo,maize,318.51666666666665
2022-02-01,Gatsibo,maize,247.45499999999998
2022-03-01,Gatsibo,maize,308.03
2022-04-01,Gatsibo,maize,382.08500000000004
2022-05-01,Gatsibo,maize,342.895
2022-06-01,Gatsibo,maize,400.8075
2022-07-01,Gatsibo,maize,404.74666666666667
2022-08-01,Gatsibo,maize,437.975
2022-09-01,Gatsibo,maize,541.8000000000001
2022-10-01,Gatsibo,maize,589.6925
2022-11-01,Gatsibo,maize,631.2475
2022-12-01,Gatsibo,maize,642.4575
2023-01-01,Gatsibo,maize,610.5575
2023-02-01,Gatsibo,maize,490.78
2023-03-01,Gatsibo,maize,524.7175
2023-04-01,Gatsibo,maize,508.89
2023-05-01,Gatsibo,maize,519.4425
2023-06-01,Gatsibo,maize,559.4266666666666
2023-07-01,Gatsibo,maize,481.865
2023-08-01,Gatsibo,maize,508.3375
2023-09-01,Gatsibo,maize,565.2433333333333
2023-10-01,Gatsibo,maize,543.21
2023-11-01,Gatsibo,maize,575.8875
2023-12-01,Gatsibo,maize,523.5775
2024-01-01,Gatsibo,maize,350.955
2024-02-01,Gatsibo,maize,265.265
2024-03-01,Gatsibo,maize,247.91750000000002
2024-04-01,Gatsibo,maize,277.78200000000004
2024-05-01,Gatsibo,maize,271.87199999999996
2024-06-01,Gatsibo,maize,266.566
2024-07-01,Gatsibo,maize,287.9175
2024-08-01,Gatsibo,maize,316.78
2024-09-01,Gatsibo,maize,318.50666666666666
2024-10-01,Gatsibo,maize,428.0625
2024-11-01,Gatsibo,maize,517.97
2024-12-01,Gatsibo,maize,574.562
2025-01-01,Gatsibo,maize,483.185
2025-02-01,Gatsibo,maize,457.16499999999996
2025-03-01,Gatsibo,maize,404.87399999999997
2025-04-01,Gatsibo,maize,469.166
2025-05-01,Gatsibo,maize,478.596
2025-06-01,Gatsibo,maize,499.23199999999997
2025-07-01,Gatsibo,maize,504.10200000000003
2025-08-01,Gatsibo,maize,493.81
2025-09-01,Gatsibo,maize,560.0
2025-10-01,Gatsibo,maize,550.774
2025-11-01,Gatsibo,maize,559.0
2025-12-01,Gatsibo,maize,579.808
2026-01-01,Gatsibo,maize,522.815
2026-02-01,Gatsibo,maize,471.2425
2026-03-01,Gatsibo,maize,505.322
2026-04-01,Gatsibo,maize,568.8340000000001
2026-05-01,Gatsibo,maize,581.25
2026-06-01,Gatsibo,maize,550.0
2008-01-01,Gicumbi,maize,153.33333333333334
2008-02-01,Gicumbi,maize,99.16666666666667
2008-03-01,Gicumbi,maize,103.33333333333333
2008-04-01,Gicumbi,maize,121.66666666666667
2008-05-01,Gicumbi,maize,140.0
2008-06-01,Gicumbi,maize,170.83333333333334
2008-07-01,Gicumbi,maize,196.66666666666666
2008-08-01,Gicumbi,maize,170.41666666666666
2008-09-01,Gicumbi,maize,197.08333333333334
2008-10-01,Gicumbi,maize,210.0
2008-11-01,Gicumbi,maize,241.66666666666666
2008-12-01,Gicumbi,maize,247.5
2009-01-01,Gicumbi,maize,195.83333333333334
2009-02-01,Gicumbi,maize,168.33333333333334
2009-03-01,Gicumbi,maize,150.0
2009-04-01,Gicumbi,maize,178.33333333333334
2009-05-01,Gicumbi,maize,196.66666666666666
2009-06-01,Gicumbi,maize,190.80666666666664
2009-07-01,Gicumbi,maize,163.16666666666666
2009-08-01,Gicumbi,maize,174.44333333333336
2009-09-01,Gicumbi,maize,208.54
2009-10-01,Gicumbi,maize,235.38
2009-11-01,Gicumbi,maize,305.10999999999996
2009-12-01,Gicumbi,maize,292.27666666666664
2010-01-01,Gicumbi,maize,257.5
2010-02-01,Gicumbi,maize,133.04333333333332
2010-03-01,Gicumbi,maize,95.42
2010-04-01,Gicumbi,maize,117.70666666666666
2010-05-01,Gicumbi,maize,102.91666666666667
2010-06-01,Gicumbi,maize,97.12333333333333
2010-07-01,Gicumbi,maize,85.5
2010-08-01,Gicumbi,maize,88.77
2010-09-01,Gicumbi,maize,98.77666666666666
2010-10-01,Gicumbi,maize,134.75
2010-11-01,Gicumbi,maize,142.5
2010-12-01,Gicumbi,maize,131.6
2011-01-01,Gicumbi,maize,180.97333333333333
2011-02-01,Gicumbi,maize,142.13333333333333
2011-03-01,Gicumbi,maize,141.79333333333332
2011-04-01,Gicumbi,maize,165.66666666666666
2011-05-01,Gicumbi,maize,193.01333333333332
2011-06-01,Gicumbi,maize,248.36
2011-07-01,Gicumbi,maize,224.17666666666665
2011-08-01,Gicumbi,maize,184.66666666666666
2011-09-01,Gicumbi,maize,184.77666666666667
2011-10-01,Gicumbi,maize,178.75
2011-11-01,Gicumbi,maize,196.66666666666666
2011-12-01,Gicumbi,maize,225.90333333333334
2012-01-01,Gicumbi,maize,224.1825
2012-02-01,Gicumbi,maize,217.99
2012-03-01,Gicumbi,maize,198.81
2012-04-01,Gicumbi,maize,209.9725
2012-05-01,Gicumbi,maize,237.18
2012-06-01,Gicumbi,maize,246.14499999999998
2012-07-01,Gicumbi,maize,262.59749999999997
2012-08-01,Gicumbi,maize,247.71
2012-09-01,Gicumbi,maize,256.6666666666667
2012-10-01,Gicumbi,maize,250.0
2012-11-01,Gicumbi,maize,253.02666666666667
2012-12-01,Gicumbi,maize,267.09999999999997
2013-01-01,Gicumbi,maize,278.4375
2013-02-01,Gicumbi,maize,235.25
2013-03-01,Gicumbi,maize,232.52249999999998
2013-04-01,Gicumbi,maize,236.375
2013-05-01,Gicumbi,maize,237.61
2013-06-01,Gicumbi,maize,233.1875
2013-07-01,Gicumbi,maize,251.8175
2013-08-01,Gicumbi,maize,242.47750000000002
2013-09-01,Gicumbi,maize,270.1625
2013-10-01,Gicumbi,maize,288.34000000000003
2013-11-01,Gicumbi,maize,323.39
2013-12-01,Gicumbi,maize,343.55
2014-01-01,Gicumbi,maize,283.895
2014-02-01,Gicumbi,maize,214.4375
2014-03-01,Gicumbi,maize,210.0
2014-04-01,Gicumbi,maize,205.1725
2014-05-01,Gicumbi,maize,211.625
2014-06-01,Gicumbi,maize,219.1675
2014-07-01,Gicumbi,maize,228.75
2014-08-01,Gicumbi,maize,221.43
2014-09-01,Gicumbi,maize,229.75
2014-10-01,Gicumbi,maize,235.5625
2014-11-01,Gicumbi,maize,233.73
2014-12-01,Gicumbi,maize,225.83333333333334
2015-01-01,Gicumbi,maize,204.5233333333333
2015-02-01,Gicumbi,maize,182.4175
2015-03-01,Gicumbi,maize,174.3325
2015-04-01,Gicumbi,maize,179.59
2015-05-01,Gicumbi,maize,202.82
2015-06-01,Gicumbi,maize,217.625
2015-07-01,Gicumbi,maize,239.86
2015-08-01,Gicumbi,maize,240.0625
2015-09-01,Gicumbi,maize,238.6475
2015-10-01,Gicumbi,maize,247.4275
2015-11-01,Gicumbi,maize,265.1075
2015-12-01,Gicumbi,maize,292.75
2016-08-01,Gicumbi,maize,300.0
2016-09-01,Gicumbi,maize,275.0
2016-10-01,Gicumbi,maize,300.0
2016-11-01,Gicumbi,maize,350.0
2016-12-01,Gicumbi,maize,387.5
2017-01-01,Gicumbi,maize,350.0
2017-02-01,Gicumbi,maize,325.0
2017-03-01,Gicumbi,maize,325.0
2017-04-01,Gicumbi,maize,350.0
2017-05-01,Gicumbi,maize,400.0
2017-06-01,Gicumbi,maize,385.0
2017-07-01,Gicumbi,maize,355.0
2017-08-01,Gicumbi,maize,342.5
2017-09-01,Gicumbi,maize,367.5
2017-10-01,Gicumbi,maize,355.0
2017-11-01,Gicumbi,maize,282.5
2017-12-01,Gicumbi,maize,275.0
2018-01-01,Gicumbi,maize,242.0
2018-02-01,Gicumbi,maize,220.0
2018-03-01,Gicumbi,maize,220.0
2018-04-01,Gicumbi,maize,202.5
2018-05-01,Gicumbi,maize,210.0
2018-06-01,Gicumbi,maize,206.0
2018-07-01,Gicumbi,maize,192.5
2018-08-01,Gicumbi,maize,176.66666666666666
2018-09-01,Gicumbi,maize,180.0
2018-10-01,Gicumbi,maize,191.5
2018-11-01,Gicumbi,maize,192.5
2018-12-01,Gicumbi,maize,200.0
2019-01-01,Gicumbi,maize,246.5
2019-02-01,Gicumbi,maize,274.4433333333333
2019-03-01,Gicumbi,maize,262.5
2019-04-01,Gicumbi,maize,243.33333333333334
2019-05-01,Gicumbi,maize,299.28499999999997
2019-06-01,Gicumbi,maize,292.6175
2019-07-01,Gicumbi,maize,335.2366666666667
2019-08-01,Gicumbi,maize,320.8333333333333
2019-09-01,Gicumbi,maize,367.77666666666664
2019-10-01,Gicumbi,maize,405.0
2019-11-01,Gicumbi,maize,480.0
2019-12-01,Gicumbi,maize,522.2233333333334
2020-01-01,Gicumbi,maize,528.89
2020-02-01,Gicumbi,maize,431.66499999999996
2020-03-01,Gicumbi,maize,298.51666666666665
2020-04-01,Gicumbi,maize,358.3325
2020-05-01,Gicumbi,maize,310.0
2020-06-01,Gicumbi,maize,301.19
2020-07-01,Gicumbi,maize,309.34999999999997
2020-08-01,Gicumbi,maize,348.96000000000004
2020-09-01,Gicumbi,maize,296.78499999999997
2020-10-01,Gicumbi,maize,297.78
2020-11-01,Gicumbi,maize,300.0
2020-12-01,Gicumbi,maize,300.0
2021-01-01,Gicumbi,maize,330.28000000000003
2021-02-01,Gicumbi,maize,298.33
2021-03-01,Gicumbi,maize,251.38
2021-04-01,Gicumbi,maize,245.17000000000002
2021-05-01,Gicumbi,maize,251.90666666666667
2021-06-01,Gicumbi,maize,265.2075
2021-07-01,Gicumbi,maize,253.33333333333334
2021-08-01,Gicumbi,maize,246.14666666666668
2021-09-01,Gicumbi,maize,286.18333333333334
2021-10-01,Gicumbi,maize,240.0
2008-01-01,Gisagara,maize,187.5
2008-02-01,Gisagara,maize,232.5
2008-03-01,Gisagara,maize,163.75
2008-04-01,Gisagara,maize,180.0
2008-05-01,Gisagara,maize,180.0
2008-06-01,Gisagara,maize,161.5
2008-07-01,Gisagara,maize,178.33
2008-08-01,Gisagara,maize,195.0
2008-09-01,Gisagara,maize,245.0
2008-10-01,Gisagara,maize,250.0
2008-11-01,Gisagara,maize,242.5
2008-12-01,Gisagara,maize,212.0
2009-01-01,Gisagara,maize,216.25
2009-02-01,Gisagara,maize,237.5
2009-03-01,Gisagara,maize,220.0
2009-04-01,Gisagara,maize,215.83
2009-05-01,Gisagara,maize,225.0
2009-06-01,Gisagara,maize,236.5
2009-07-01,Gisagara,maize,221.12
2009-08-01,Gisagara,maize,228.0
2009-09-01,Gisagara,maize,219.7
2009-10-01,Gisagara,maize,248.25
2009-11-01,Gisagara,maize,267.25
2009-12-01,Gisagara,maize,260.83
2010-01-01,Gisagara,maize,194.38
2010-02-01,Gisagara,maize,205.0
2010-03-01,Gisagara,maize,242.5
2010-04-01,Gisagara,maize,217.75
2010-05-01,Gisagara,maize,169.42
2010-06-01,Gisagara,maize,177.5
2010-07-01,Gisagara,maize,153.12
2010-08-01,Gisagara,maize,146.58
2010-09-01,Gisagara,maize,202.88
2010-10-01,Gisagara,maize,187.0
2010-11-01,Gisagara,maize,174.75
2010-12-01,Gisagara,maize,182.5
2011-01-01,Gisagara,maize,226.0
2011-02-01,Gisagara,maize,197.5
2011-03-01,Gisagara,maize,175.6
2011-04-01,Gisagara,maize,191.33
2011-05-01,Gisagara,maize,198.25
2011-06-01,Gisagara,maize,215.8
2011-07-01,Gisagara,maize,220.5
2011-08-01,Gisagara,maize,213.5
2011-09-01,Gisagara,maize,230.25
2011-10-01,Gisagara,maize,238.5
2011-11-01,Gisagara,maize,229.6
2011-12-01,Gisagara,maize,253.33
2012-01-01,Gisagara,maize,260.0
2012-02-01,Gisagara,maize,256.0
2012-03-01,Gisagara,maize,236.25
2012-04-01,Gisagara,maize,240.0
2012-05-01,Gisagara,maize,232.0
2012-06-01,Gisagara,maize,241.25
2012-07-01,Gisagara,maize,230.0
2012-08-01,Gisagara,maize,250.0
2012-11-01,Gisagara,maize,236.5
2012-12-01,Gisagara,maize,244.0
2013-01-01,Gisagara,maize,255.0
2013-02-01,Gisagara,maize,232.0
2013-03-01,Gisagara,maize,189.25
2013-04-01,Gisagara,maize,199.25
2013-05-01,Gisagara,maize,231.0
2013-06-01,Gisagara,maize,193.0
2013-07-01,Gisagara,maize,189.83
2013-08-01,Gisagara,maize,213.25
2013-09-01,Gisagara,maize,227.75
2013-10-01,Gisagara,maize,256.0
2013-11-01,Gisagara,maize,265.75
2013-12-01,Gisagara,maize,285.0
2014-01-01,Gisagara,maize,280.0
2014-02-01,Gisagara,maize,219.25
2014-03-01,Gisagara,maize,178.0
2014-04-01,Gisagara,maize,207.75
2014-05-01,Gisagara,maize,245.5
2014-06-01,Gisagara,maize,244.25
2014-07-01,Gisagara,maize,237.25
2014-08-01,Gisagara,maize,270.33
2014-09-01,Gisagara,maize,257.25
2014-10-01,Gisagara,maize,277.5
2014-11-01,Gisagara,maize,274.5
2014-12-01,Gisagara,maize,274.0
2015-01-01,Gisagara,maize,218.0
2015-02-01,Gisagara,maize,209.0
2015-03-01,Gisagara,maize,194.0
2015-04-01,Gisagara,maize,248.5
2015-05-01,Gisagara,maize,265.5
2015-06-01,Gisagara,maize,275.25
2015-07-01,Gisagara,maize,240.4
2015-08-01,Gisagara,maize,221.5
2015-09-01,Gisagara,maize,222.8
2015-10-01,Gisagara,maize,241.5
2015-11-01,Gisagara,maize,229.25
2015-12-01,Gisagara,maize,238.0
2016-11-01,Gisagara,maize,429.0
2016-12-01,Gisagara,maize,425.0
2017-01-01,Gisagara,maize,295.0
2017-02-01,Gisagara,maize,285.0
2017-03-01,Gisagara,maize,263.3333333333333
2017-04-01,Gisagara,maize,313.25
2017-05-01,Gisagara,maize,340.0
2017-06-01,Gisagara,maize,350.0
2017-07-01,Gisagara,maize,270.0
2017-08-01,Gisagara,maize,268.3333333333333
2017-09-01,Gisagara,maize,392.5
2017-10-01,Gisagara,maize,333.3333333333333
2017-11-01,Gisagara,maize,301.6666666666667
2017-12-01,Gisagara,maize,266.6666666666667
2018-01-01,Gisagara,maize,273.3333333333333
2018-02-01,Gisagara,maize,200.0
2018-03-01,Gisagara,maize,189.25
2018-04-01,Gisagara,maize,182.5
2018-05-01,Gisagara,maize,170.0
2018-06-01,Gisagara,maize,173.33333333333334
2018-07-01,Gisagara,maize,192.5
2018-08-01,Gisagara,maize,170.0
2018-09-01,Gisagara,maize,158.75
2018-10-01,Gisagara,maize,188.89
2018-11-01,Gisagara,maize,190.0
2018-12-01,Gisagara,maize,175.0
2019-01-01,Gisagara,maize,238.33333333333334
2019-02-01,Gisagara,maize,242.5
2019-03-01,Gisagara,maize,186.66666666666666
2019-04-01,Gisagara,maize,208.33333333333334
2019-05-01,Gisagara,maize,242.5
2019-06-01,Gisagara,maize,280.6675
2019-07-01,Gisagara,maize,399.0466666666666
2019-08-01,Gisagara,maize,359.4433333333333
2019-09-01,Gisagara,maize,347.5
2019-10-01,Gisagara,maize,400.0
2019-11-01,Gisagara,maize,509.165
2019-12-01,Gisagara,maize,592.7766666666666
2020-01-01,Gisagara,maize,462.5
2020-02-01,Gisagara,maize,283.3325
2020-03-01,Gisagara,maize,243.5725
2020-04-01,Gisagara,maize,275.75
2020-05-01,Gisagara,maize,262.5
2020-06-01,Gisagara,maize,290.0
2020-07-01,Gisagara,maize,285.4166666666667
2020-08-01,Gisagara,maize,272.5
2020-09-01,Gisagara,maize,335.61999999999995
2020-10-01,Gisagara,maize,384.0566666666667
2020-11-01,Gisagara,maize,384.17
2020-12-01,Gisagara,maize,429.16
2021-01-01,Gisagara,maize,415.28000000000003
2021-02-01,Gisagara,maize,316.115
2021-03-01,Gisagara,maize,233.47333333333333
2021-04-01,Gisagara,maize,208.92666666666665
2021-05-01,Gisagara,maize,204.70333333333335
2021-06-01,Gisagara,maize,221.14333333333335
2021-07-01,Gisagara,maize,253.42333333333332
2021-08-01,Gisagara,maize,260.31333333333333
2021-09-01,Gisagara,maize,305.9166666666667
2021-10-01,Gisagara,maize,340.97333333333336
2021-11-01,Gisagara,maize,356.6666666666667
2021-12-01,Gisagara,maize,368.8875
2022-01-01,Gisagara,maize,329.16499999999996
2022-02-01,Gisagara,maize,275.13666666666666
2022-03-01,Gisagara,maize,264.40333333333336
2022-04-01,Gisagara,maize,332.8
2022-05-01,Gisagara,maize,392.23333333333335
2022-06-01,Gisagara,maize,467.81333333333333
2022-07-01,Gisagara,maize,545.8066666666667
2022-08-01,Gisagara,maize,517.688
2022-09-01,Gisagara,maize,528.1075
2022-10-01,Gisagara,maize,693.6433333333333
2022-11-01,Gisagara,maize,778.6433333333333
2022-12-01,Gisagara,maize,803.7966666666666
2023-01-01,Gisagara,maize,669.69
2023-02-01,Gisagara,maize,531.1600000000001
2023-03-01,Gisagara,maize,547.6
2023-04-01,Gisagara,maize,512.3433333333334
2023-05-01,Gisagara,maize,557.9566666666666
2023-06-01,Gisagara,maize,660.7766666666666
2023-07-01,Gisagara,maize,740.9900000000001
2023-08-01,Gisagara,maize,668.5550000000001
2023-09-01,Gisagara,maize,689.9325
2023-10-01,Gisagara,maize,708.395
2023-11-01,Gisagara,maize,605.07
2023-12-01,Gisagara,maize,465.3733333333333
2024-01-01,Gisagara,maize,490.18
2024-02-01,Gisagara,maize,305.684
2024-03-01,Gisagara,maize,316.6675
2024-04-01,Gisagara,maize,359.1433333333334
2024-05-01,Gisagara,maize,331.7633333333333
2024-06-01,Gisagara,maize,333.07399999999996
2024-07-01,Gisagara,maize,367.13000000000005
2024-08-01,Gisagara,maize,393.8175
2024-09-01,Gisagara,maize,439.168
2024-10-01,Gisagara,maize,532.214
2024-11-01,Gisagara,maize,613.9
2024-12-01,Gisagara,maize,599.824
2025-01-01,Gisagara,maize,609.9680000000001
2025-02-01,Gisagara,maize,495.87
2025-03-01,Gisagara,maize,392.3283333333334
2025-04-01,Gisagara,maize,468.93199999999996
2025-05-01,Gisagara,maize,479.625
2025-06-01,Gisagara,maize,540.312
2025-07-01,Gisagara,maize,543.458
2025-08-01,Gisagara,maize,572.662
2025-09-01,Gisagara,maize,584.38
2025-10-01,Gisagara,maize,626.565
2025-11-01,Gisagara,maize,666.5275
2025-12-01,Gisagara,maize,698.3966666666666
2026-01-01,Gisagara,maize,673.23
2026-02-01,Gisagara,maize,649.645
2026-03-01,Gisagara,maize,545.75
2026-04-01,Gisagara,maize,517.2574999999999
2026-05-01,Gisagara,maize,548.61
2026-06-01,Gisagara,maize,658.33
2008-01-01,Huye,maize,242.5
2008-02-01,Huye,maize,270.0
2008-03-01,Huye,maize,231.66666666666666
2008-04-01,Huye,maize,200.0
2008-05-01,Huye,maize,186.66666666666666
2008-06-01,Huye,maize,200.0
2008-07-01,Huye,maize,284.7233333333333
2008-08-01,Huye,maize,220.83333333333334
2008-09-01,Huye,maize,256.25
2008-10-01,Huye,maize,247.5
2008-11-01,Huye,maize,280.0
2008-12-01,Huye,maize,293.75
2009-01-01,Huye,maize,238.75
2009-02-01,Huye,maize,235.0
2009-03-01,Huye,maize,250.0
2009-04-01,Huye,maize,231.25
2009-05-01,Huye,maize,217.92
2009-06-01,Huye,maize,225.0
2009-07-01,Huye,maize,208.33499999999998
2009-08-01,Huye,maize,237.5
2009-09-01,Huye,maize,254.165
2009-10-01,Huye,maize,287.5
2009-11-01,Huye,maize,362.5
2009-12-01,Huye,maize,275.0
2010-01-01,Huye,maize,300.0
2010-02-01,Huye,maize,293.75
2010-03-01,Huye,maize,270.83500000000004
2010-04-01,Huye,maize,207.29000000000002
2010-05-01,Huye,maize,200.08499999999998
2010-06-01,Huye,maize,227.56
2010-07-01,Huye,maize,168.25
2010-08-01,Huye,maize,180.625
2010-09-01,Huye,maize,165.75
2010-10-01,Huye,maize,197.0
2010-11-01,Huye,maize,221.41500000000002
2010-12-01,Huye,maize,200.0
2011-01-01,Huye,maize,230.5
2011-02-01,Huye,maize,200.0
2011-03-01,Huye,maize,295.0
2011-04-01,Huye,maize,275.0
2011-06-01,Huye,maize,300.0
2011-07-01,Huye,maize,300.0
2011-08-01,Huye,maize,225.0
2011-09-01,Huye,maize,225.0
2011-10-01,Huye,maize,250.0
2011-11-01,Huye,maize,287.5
2011-12-01,Huye,maize,289.75
2012-01-01,Huye,maize,271.655
2012-02-01,Huye,maize,272.52750000000003
2012-03-01,Huye,maize,226.84
2012-04-01,Huye,maize,227.93400000000003
2012-05-01,Huye,maize,243.644
2012-06-01,Huye,maize,273.8
2012-07-01,Huye,maize,284.02833333333336
2012-08-01,Huye,maize,278.15166666666664
2012-09-01,Huye,maize,282.0
2012-10-01,Huye,maize,304.0
2012-11-01,Huye,maize,289.798
2012-12-01,Huye,maize,296.0
2013-01-01,Huye,maize,298.18600000000004
2013-02-01,Huye,maize,288.4
2013-03-01,Huye,maize,264.526
2013-04-01,Huye,maize,257.148
2013-05-01,Huye,maize,311.556
2013-06-01,Huye,maize,254.488
2013-07-01,Huye,maize,248.0
2013-08-01,Huye,maize,236.79000000000002
2013-09-01,Huye,maize,263.808
2013-10-01,Huye,maize,309.634
2013-11-01,Huye,maize,337.894
2013-12-01,Huye,maize,348.24
2014-01-01,Huye,maize,353.98
2014-02-01,Huye,maize,312.87399999999997
2014-03-01,Huye,maize,278.338
2014-04-01,Huye,maize,237.798
2014-05-01,Huye,maize,234.3
2014-06-01,Huye,maize,248.016
2014-07-01,Huye,maize,255.446
2014-08-01,Huye,maize,250.594
2014-09-01,Huye,maize,252.63400000000001
2014-10-01,Huye,maize,250.0
2014-11-01,Huye,maize,266.7
2014-12-01,Huye,maize,272.9175
2015-01-01,Huye,maize,252.0625
2015-02-01,Huye,maize,209.7175
2015-03-01,Huye,maize,199.95999999999998
2015-04-01,Huye,maize,227.1
2015-05-01,Huye,maize,227.93800000000002
2015-06-01,Huye,maize,225.586
2015-07-01,Huye,maize,244.234
2015-08-01,Huye,maize,256.11199999999997
2015-09-01,Huye,maize,255.13400000000001
2015-10-01,Huye,maize,267.04200000000003
2015-11-01,Huye,maize,288.75
2015-12-01,Huye,maize,326.5625
2008-11-01,Kamonyi,maize,312.5
2008-12-01,Kamonyi,maize,280.0
2009-01-01,Kamonyi,maize,317.5
2009-02-01,Kamonyi,maize,335.0
2009-03-01,Kamonyi,maize,250.0
2009-04-01,Kamonyi,maize,262.5
2009-05-01,Kamonyi,maize,225.0
2009-06-01,Kamonyi,maize,256.88
2009-07-01,Kamonyi,maize,219.17
2009-08-01,Kamonyi,maize,212.5
2009-09-01,Kamonyi,maize,212.5
2009-10-01,Kamonyi,maize,263.75
2009-11-01,Kamonyi,maize,240.0
2009-12-01,Kamonyi,maize,300.0
2010-01-01,Kamonyi,maize,262.5
2010-02-01,Kamonyi,maize,235.0
2010-03-01,Kamonyi,maize,200.0
2010-04-01,Kamonyi,maize,241.67
2010-05-01,Kamonyi,maize,250.0
2010-07-01,Kamonyi,maize,150.0
2010-08-01,Kamonyi,maize,150.0
2010-09-01,Kamonyi,maize,191.66500000000002
2010-10-01,Kamonyi,maize,225.0
2010-11-01,Kamonyi,maize,231.45999999999998
2010-12-01,Kamonyi,maize,246.625
2011-01-01,Kamonyi,maize,264.25
2011-02-01,Kamonyi,maize,280.5
2011-03-01,Kamonyi,maize,264.625
2011-04-01,Kamonyi,maize,216.70999999999998
2011-05-01,Kamonyi,maize,172.5
2011-06-01,Kamonyi,maize,225.0
2011-07-01,Kamonyi,maize,229.16500000000002
2011-08-01,Kamonyi,maize,225.0
2011-09-01,Kamonyi,maize,225.0
2011-10-01,Kamonyi,maize,230.0
2011-11-01,Kamonyi,maize,200.0
2011-12-01,Kamonyi,maize,248.33499999999998
2012-01-01,Kamonyi,maize,276.0
2012-02-01,Kamonyi,maize,243.335
2012-03-01,Kamonyi,maize,198.5
2012-04-01,Kamonyi,maize,168.75
2012-05-01,Kamonyi,maize,208.33333333333334
2012-06-01,Kamonyi,maize,230.55666666666664
2012-07-01,Kamonyi,maize,250.0
2012-08-01,Kamonyi,maize,226.54666666666665
2012-09-01,Kamonyi,maize,300.0
2012-10-01,Kamonyi,maize,325.0
2012-11-01,Kamonyi,maize,311.6166666666667
2012-12-01,Kamonyi,maize,334.97333333333336
2013-01-01,Kamonyi,maize,415.0
2013-02-01,Kamonyi,maize,315.3333333333333
2013-03-01,Kamonyi,maize,280.6666666666667
2013-04-01,Kamonyi,maize,250.5
2013-05-01,Kamonyi,maize,233.33333333333334
2013-08-01,Kamonyi,maize,210.75
2013-09-01,Kamonyi,maize,217.27666666666667
2013-10-01,Kamonyi,maize,280.5
2013-11-01,Kamonyi,maize,370.0
2013-12-01,Kamonyi,maize,390.0
2014-01-01,Kamonyi,maize,413.9166666666667
2014-02-01,Kamonyi,maize,399.4433333333333
2014-03-01,Kamonyi,maize,206.5666666666667
2014-04-01,Kamonyi,maize,212.83333333333334
2014-05-01,Kamonyi,maize,200.0
2014-06-01,Kamonyi,maize,221.11333333333332
2014-07-01,Kamonyi,maize,286.10999999999996
2014-08-01,Kamonyi,maize,268.0566666666667
2014-09-01,Kamonyi,maize,277.77666666666664
2014-10-01,Kamonyi,maize,300.0
2014-11-01,Kamonyi,maize,287.5
2014-12-01,Kamonyi,maize,300.0
2015-01-01,Kamonyi,maize,300.0
2015-04-01,Kamonyi,maize,279.1666666666667
2015-05-01,Kamonyi,maize,217.5
2015-06-01,Kamonyi,maize,250.69333333333336
2015-07-01,Kamonyi,maize,216.66666666666666
2015-08-01,Kamonyi,maize,266.6666666666667
2015-09-01,Kamonyi,maize,300.0
2015-10-01,Kamonyi,maize,300.0
2015-11-01,Kamonyi,maize,316.6666666666667
2015-12-01,Kamonyi,maize,397.22333333333336
2012-04-01,Karongi,maize,250.0
2012-05-01,Karongi,maize,238.0
2012-06-01,Karongi,maize,250.0
2012-07-01,Karongi,maize,290.0
2012-08-01,Karongi,maize,282.5
2012-11-01,Karongi,maize,267.5
2012-12-01,Karongi,maize,303.5
2013-01-01,Karongi,maize,288.6
2013-02-01,Karongi,maize,281.0
2013-03-01,Karongi,maize,216.0
2013-04-01,Karongi,maize,207.25
2013-05-01,Karongi,maize,245.0
2013-06-01,Karongi,maize,214.33
2013-07-01,Karongi,maize,196.83
2013-08-01,Karongi,maize,217.0
2013-09-01,Karongi,maize,240.0
2013-10-01,Karongi,maize,265.4
2013-11-01,Karongi,maize,291.5
2013-12-01,Karongi,maize,304.67
2014-01-01,Karongi,maize,346.67
2014-02-01,Karongi,maize,255.5
2014-03-01,Karongi,maize,225.0
2014-04-01,Karongi,maize,255.4
2014-05-01,Karongi,maize,253.25
2014-06-01,Karongi,maize,257.5
2014-07-01,Karongi,maize,261.0
2014-08-01,Karongi,maize,253.5
2014-09-01,Karongi,maize,292.33
2014-10-01,Karongi,maize,285.0
2014-11-01,Karongi,maize,285.25
2014-12-01,Karongi,maize,274.0
2015-01-01,Karongi,maize,237.75
2015-02-01,Karongi,maize,248.33
2015-03-01,Karongi,maize,236.75
2015-04-01,Karongi,maize,264.4
2015-05-01,Karongi,maize,292.5
2015-06-01,Karongi,maize,300.0
2015-07-01,Karongi,maize,271.6
2015-08-01,Karongi,maize,247.0
2015-09-01,Karongi,maize,263.6
2015-10-01,Karongi,maize,259.75
2015-11-01,Karongi,maize,245.0
2015-12-01,Karongi,maize,262.75
2016-11-01,Karongi,maize,325.0
2016-12-01,Karongi,maize,440.0
2017-01-01,Karongi,maize,335.0
2017-02-01,Karongi,maize,325.0
2017-03-01,Karongi,maize,333.3333333333333
2017-04-01,Karongi,maize,383.75
2017-05-01,Karongi,maize,387.5
2017-06-01,Karongi,maize,433.3333333333333
2017-07-01,Karongi,maize,398.75
2017-08-01,Karongi,maize,356.6666666666667
2017-09-01,Karongi,maize,407.5
2017-10-01,Karongi,maize,323.125
2017-11-01,Karongi,maize,271.25
2017-12-01,Karongi,maize,266.25
2018-01-01,Karongi,maize,247.5
2018-02-01,Karongi,maize,268.75
2018-03-01,Karongi,maize,215.0
2018-04-01,Karongi,maize,216.25
2018-05-01,Karongi,maize,227.5
2018-06-01,Karongi,maize,220.0
2018-07-01,Karongi,maize,225.0
2018-08-01,Karongi,maize,203.75
2018-09-01,Karongi,maize,207.5
2018-10-01,Karongi,maize,217.91500000000002
2018-11-01,Karongi,maize,228.75
2018-12-01,Karongi,maize,238.88666666666668
2019-01-01,Karongi,maize,242.75
2019-02-01,Karongi,maize,252.085
2019-03-01,Karongi,maize,259.1675
2019-04-01,Karongi,maize,243.33333333333334
2019-05-01,Karongi,maize,260.77
2019-06-01,Karongi,maize,246.875
2019-07-01,Karongi,maize,360.5566666666667
2019-08-01,Karongi,maize,357.5
2019-09-01,Karongi,maize,346.6666666666667
2019-10-01,Karongi,maize,420.0
2019-11-01,Karongi,maize,494.1666666666667
2019-12-01,Karongi,maize,535.0
2020-01-01,Karongi,maize,482.9175
2020-02-01,Karongi,maize,284.4433333333333
2020-03-01,Karongi,maize,275.8325
2020-04-01,Karongi,maize,251.9433333333333
2020-05-01,Karongi,maize,269.5825
2020-06-01,Karongi,maize,306.1775
2020-07-01,Karongi,maize,323.265
2020-08-01,Karongi,maize,315.6875
2020-09-01,Karongi,maize,366.1375
2020-10-01,Karongi,maize,352.77
2020-11-01,Karongi,maize,363.40250000000003
2020-12-01,Karongi,maize,400.765
2021-01-01,Karongi,maize,440.08
2021-02-01,Karongi,maize,324.4433333333333
2021-03-01,Karongi,maize,272.09000000000003
2021-04-01,Karongi,maize,223.95
2021-05-01,Karongi,maize,254.1325
2021-06-01,Karongi,maize,266.105
2021-07-01,Karongi,maize,249.3475
2021-08-01,Karongi,maize,283.84
2021-09-01,Karongi,maize,316.43
2021-10-01,Karongi,maize,367.625
2021-11-01,Karongi,maize,366.6675
2021-12-01,Karongi,maize,367.9175
2022-01-01,Karongi,maize,385.0825
2022-02-01,Karongi,maize,319.6425
2022-03-01,Karongi,maize,315.78499999999997
2022-04-01,Karongi,maize,348.55
2022-05-01,Karongi,maize,417.05
2022-06-01,Karongi,maize,438.89000000000004
2022-07-01,Karongi,maize,476.25
2022-08-01,Karongi,maize,455.515
2022-09-01,Karongi,maize,541.2375
2022-10-01,Karongi,maize,694.23
2022-11-01,Karongi,maize,721.175
2022-12-01,Karongi,maize,664.5525
2023-01-01,Karongi,maize,758.6725
2023-02-01,Karongi,maize,553.72
2023-03-01,Karongi,maize,576.3525
2023-04-01,Karongi,maize,507.84749999999997
2023-05-01,Karongi,maize,520.75
2023-06-01,Karongi,maize,543.84
2023-07-01,Karongi,maize,624.0775
2023-08-01,Karongi,maize,622.1279999999999
2023-09-01,Karongi,maize,667.11
2023-10-01,Karongi,maize,571.925
2023-11-01,Karongi,maize,559.1424999999999
2023-12-01,Karongi,maize,507.62600000000003
2024-01-01,Karongi,maize,480.435
2024-02-01,Karongi,maize,404.852
2024-03-01,Karongi,maize,353.89000000000004
2024-04-01,Karongi,maize,389.538
2024-05-01,Karongi,maize,401.666
2024-06-01,Karongi,maize,426.82
2024-07-01,Karongi,maize,414.332
2024-08-01,Karongi,maize,436.64799999999997
2024-09-01,Karongi,maize,482.0575
2024-10-01,Karongi,maize,524.86
2024-11-01,Karongi,maize,590.7125
2024-12-01,Karongi,maize,614.3733333333333
2025-01-01,Karongi,maize,646.1075
2025-02-01,Karongi,maize,493.81000000000006
2025-03-01,Karongi,maize,441.1425
2025-04-01,Karongi,maize,498.584
2025-05-01,Karongi,maize,504.73199999999997
2025-06-01,Karongi,maize,545.6659999999999
2025-07-01,Karongi,maize,545.2125
2025-08-01,Karongi,maize,582.634
2025-09-01,Karongi,maize,650.0
2025-10-01,Karongi,maize,646.0425
2025-11-01,Karongi,maize,700.0
2025-12-01,Karongi,maize,678.8975
2026-01-01,Karongi,maize,713.3466666666667
2026-02-01,Karongi,maize,788.332
2026-03-01,Karongi,maize,652.04
2026-04-01,Karongi,maize,658.514
2026-05-01,Karongi,maize,650.0
2026-06-01,Karongi,maize,700.0
2008-01-01,Kayonza,maize,130.0
2008-02-01,Kayonza,maize,115.0
2008-03-01,Kayonza,maize,100.0
2008-04-01,Kayonza,maize,100.0
2008-05-01,Kayonza,maize,117.5
2008-06-01,Kayonza,maize,115.0
2008-07-01,Kayonza,maize,150.0
2008-08-01,Kayonza,maize,150.0
2008-09-01,Kayonza,maize,170.0
2008-10-01,Kayonza,maize,240.0
2010-07-01,Kayonza,maize,102.67
2010-08-01,Kayonza,maize,85.5
2010-09-01,Kayonza,maize,98.5
2010-10-01,Kayonza,maize,178.0
2010-11-01,Kayonza,maize,155.67
2010-12-01,Kayonza,maize,154.5
2011-01-01,Kayonza,maize,182.5
2011-02-01,Kayonza,maize,143.33
2011-03-01,Kayonza,maize,129.5
2011-04-01,Kayonza,maize,137.0
2011-05-01,Kayonza,maize,200.0
2011-06-01,Kayonza,maize,272.5
2011-07-01,Kayonza,maize,216.67
2011-08-01,Kayonza,maize,160.0
2011-09-01,Kayonza,maize,150.0
2011-10-01,Kayonza,maize,173.4
2011-11-01,Kayonza,maize,198.25
2011-12-01,Kayonza,maize,243.75
2012-01-01,Kayonza,maize,281.25
2012-02-01,Kayonza,maize,216.75
2012-03-01,Kayonza,maize,200.0
2012-04-01,Kayonza,maize,223.4
2012-05-01,Kayonza,maize,272.5
2012-06-01,Kayonza,maize,240.0
2012-07-01,Kayonza,maize,270.0
2012-08-01,Kayonza,maize,230.0
2012-09-01,Kayonza,maize,275.0
2012-10-01,Kayonza,maize,300.0
2012-11-01,Kayonza,maize,295.0
2012-12-01,Kayonza,maize,296.25
2013-01-01,Kayonza,maize,341.67
2013-02-01,Kayonza,maize,228.0
2013-03-01,Kayonza,maize,206.25
2013-04-01,Kayonza,maize,201.25
2013-05-01,Kayonza,maize,193.33
2013-06-01,Kayonza,maize,205.0
2013-07-01,Kayonza,maize,272.5
2013-08-01,Kayonza,maize,337.5
2013-09-01,Kayonza,maize,310.0
2013-10-01,Kayonza,maize,288.75
2013-11-01,Kayonza,maize,347.5
2013-12-01,Kayonza,maize,371.0
2014-01-01,Kayonza,maize,293.33
2014-02-01,Kayonza,maize,212.5
2014-03-01,Kayonza,maize,202.0
2014-04-01,Kayonza,maize,195.0
2014-05-01,Kayonza,maize,211.0
2014-06-01,Kayonza,maize,206.0
2014-07-01,Kayonza,maize,217.5
2014-08-01,Kayonza,maize,236.25
2014-09-01,Kayonza,maize,276.0
2014-10-01,Kayonza,maize,275.0
2014-11-01,Kayonza,maize,263.75
2014-12-01,Kayonza,maize,274.0
2015-01-01,Kayonza,maize,285.0
2015-02-01,Kayonza,maize,141.67
2015-03-01,Kayonza,maize,197.5
2015-04-01,Kayonza,maize,221.67
2015-05-01,Kayonza,maize,208.75
2015-06-01,Kayonza,maize,280.0
2015-07-01,Kayonza,maize,283.75
2015-08-01,Kayonza,maize,245.0
2015-09-01,Kayonza,maize,253.33
2015-10-01,Kayonza,maize,266.25
2015-11-01,Kayonza,maize,287.0
2015-12-01,Kayonza,maize,298.33
2008-01-01,Kicukiro,maize,162.5
2008-02-01,Kicukiro,maize,237.5
2008-03-01,Kicukiro,maize,250.0
2008-04-01,Kicukiro,maize,200.0
2008-05-01,Kicukiro,maize,200.0
2008-06-01,Kicukiro,maize,250.0
2008-07-01,Kicukiro,maize,300.0
2008-08-01,Kicukiro,maize,287.5
2008-09-01,Kicukiro,maize,250.0
2008-10-01,Kicukiro,maize,255.0
2008-11-01,Kicukiro,maize,300.0
2008-12-01,Kicukiro,maize,357.5
2009-01-01,Kicukiro,maize,300.0
2009-02-01,Kicukiro,maize,325.0
2009-03-01,Kicukiro,maize,325.0
2009-04-01,Kicukiro,maize,325.0
2009-05-01,Kicukiro,maize,315.0
2009-06-01,Kicukiro,maize,300.0
2009-07-01,Kicukiro,maize,268.75
2009-08-01,Kicukiro,maize,234.38
2009-09-01,Kicukiro,maize,266.67
2009-10-01,Kicukiro,maize,300.0
2009-11-01,Kicukiro,maize,340.0
2009-12-01,Kicukiro,maize,393.75
2010-01-01,Kicukiro,maize,356.25
2010-02-01,Kicukiro,maize,258.33
2010-03-01,Kicukiro,maize,286.25
2010-04-01,Kicukiro,maize,261.25
2010-05-01,Kicukiro,maize,259.38
2010-06-01,Kicukiro,maize,202.25
2010-07-01,Kicukiro,maize,163.54000000000002
2010-08-01,Kicukiro,maize,161.485
2010-09-01,Kicukiro,maize,154.375
2010-10-01,Kicukiro,maize,201.25
2010-11-01,Kicukiro,maize,207.815
2010-12-01,Kicukiro,maize,181.25
2011-01-01,Kicukiro,maize,219.3
2011-02-01,Kicukiro,maize,215.0
2011-03-01,Kicukiro,maize,198.5
2011-04-01,Kicukiro,maize,257.0
2011-05-01,Kicukiro,maize,234.3
2011-06-01,Kicukiro,maize,250.0
2011-07-01,Kicukiro,maize,225.7
2011-08-01,Kicukiro,maize,230.375
2011-09-01,Kicukiro,maize,212.0
2011-10-01,Kicukiro,maize,222.7
2011-11-01,Kicukiro,maize,229.625
2011-12-01,Kicukiro,maize,234.125
2012-01-01,Kicukiro,maize,255.0
2012-02-01,Kicukiro,maize,266.75
2012-03-01,Kicukiro,maize,203.33
2012-04-01,Kicukiro,maize,241.75
2012-05-01,Kicukiro,maize,250.0
2012-06-01,Kicukiro,maize,300.0
2012-07-01,Kicukiro,maize,304.25
2012-08-01,Kicukiro,maize,291.75
2012-09-01,Kicukiro,maize,206.0
2012-10-01,Kicukiro,maize,250.0
2012-11-01,Kicukiro,maize,291.66499999999996
2012-12-01,Kicukiro,maize,387.5
2013-01-01,Kicukiro,maize,377.67
2013-02-01,Kicukiro,maize,367.0
2013-03-01,Kicukiro,maize,283.0
2013-04-01,Kicukiro,maize,253.83499999999998
2013-05-01,Kicukiro,maize,281.5
2013-06-01,Kicukiro,maize,268.41499999999996
2013-07-01,Kicukiro,maize,270.0
2013-08-01,Kicukiro,maize,270.75
2013-09-01,Kicukiro,maize,291.625
2013-10-01,Kicukiro,maize,362.5
2013-11-01,Kicukiro,maize,339.5
2013-12-01,Kicukiro,maize,367.6
2014-01-01,Kicukiro,maize,321.0
2014-02-01,Kicukiro,maize,333.25
2014-03-01,Kicukiro,maize,286.4
2014-04-01,Kicukiro,maize,336.67
2014-05-01,Kicukiro,maize,311.0
2014-06-01,Kicukiro,maize,316.6
2014-07-01,Kicukiro,maize,325.0
2014-08-01,Kicukiro,maize,344.33
2014-09-01,Kicukiro,maize,308.33500000000004
2014-11-01,Kicukiro,maize,350.0
2014-12-01,Kicukiro,maize,318.75
2015-01-01,Kicukiro,maize,294.33
2015-02-01,Kicukiro,maize,283.33
2015-03-01,Kicukiro,maize,293.4
2015-04-01,Kicukiro,maize,242.75
2015-05-01,Kicukiro,maize,300.0
2015-06-01,Kicukiro,maize,252.125
2015-07-01,Kicukiro,maize,250.0
2015-08-01,Kicukiro,maize,283.33500000000004
2015-09-01,Kicukiro,maize,331.25
2015-10-01,Kicukiro,maize,300.0
2008-02-01,Kirehe,maize,107.5
2008-03-01,Kirehe,maize,97.5
2008-04-01,Kirehe,maize,130.0
2008-05-01,Kirehe,maize,145.0
2008-06-01,Kirehe,maize,175.0
2008-07-01,Kirehe,maize,181.67
2008-08-01,Kirehe,maize,180.0
2008-09-01,Kirehe,maize,190.0
2008-10-01,Kirehe,maize,287.5
2008-11-01,Kirehe,maize,275.0
2008-12-01,Kirehe,maize,275.0
2009-01-01,Kirehe,maize,217.5
2009-02-01,Kirehe,maize,155.0
2009-03-01,Kirehe,maize,150.0
2009-04-01,Kirehe,maize,150.0
2009-05-01,Kirehe,maize,210.0
2009-06-01,Kirehe,maize,172.5
2009-07-01,Kirehe,maize,148.54
2009-08-01,Kirehe,maize,160.0
2009-09-01,Kirehe,maize,179.83
2009-10-01,Kirehe,maize,177.92
2009-11-01,Kirehe,maize,203.75
2009-12-01,Kirehe,maize,220.0
2010-01-01,Kirehe,maize,198.75
2010-02-01,Kirehe,maize,128.75
2010-03-01,Kirehe,maize,98.88
2010-04-01,Kirehe,maize,83.96
2010-05-01,Kirehe,maize,84.17
2010-06-01,Kirehe,maize,78.88
2010-07-01,Kirehe,maize,80.0
2010-08-01,Kirehe,maize,111.67
2010-09-01,Kirehe,maize,114.58
2010-10-01,Kirehe,maize,153.75
2010-11-01,Kirehe,maize,181.0
2010-12-01,Kirehe,maize,152.67
2011-02-01,Kirehe,maize,155.67
2011-03-01,Kirehe,maize,140.0
2011-04-01,Kirehe,maize,154.75
2011-05-01,Kirehe,maize,191.4
2011-06-01,Kirehe,maize,265.0
2011-07-01,Kirehe,maize,257.5
2011-08-01,Kirehe,maize,237.5
2011-09-01,Kirehe,maize,225.0
2011-10-01,Kirehe,maize,250.0
2011-11-01,Kirehe,maize,245.4
2011-12-01,Kirehe,maize,270.0
2012-01-01,Kirehe,maize,275.0
2012-02-01,Kirehe,maize,180.0
2012-03-01,Kirehe,maize,160.0
2012-04-01,Kirehe,maize,190.0
2012-05-01,Kirehe,maize,227.33499999999998
2012-06-01,Kirehe,maize,253.75
2012-07-01,Kirehe,maize,247.66500000000002
2012-08-01,Kirehe,maize,215.83499999999998
2012-09-01,Kirehe,maize,200.0
2012-10-01,Kirehe,maize,250.0
2012-11-01,Kirehe,maize,247.7
2012-12-01,Kirehe,maize,272.335
2013-01-01,Kirehe,maize,329.96000000000004
2013-02-01,Kirehe,maize,233.5
2013-03-01,Kirehe,maize,200.0
2013-04-01,Kirehe,maize,212.0
2013-05-01,Kirehe,maize,202.875
2013-06-01,Kirehe,maize,208.375
2013-07-01,Kirehe,maize,200.0
2013-08-01,Kirehe,maize,214.95
2013-09-01,Kirehe,maize,210.25
2013-10-01,Kirehe,maize,296.7
2013-11-01,Kirehe,maize,341.625
2013-12-01,Kirehe,maize,326.235
2014-01-01,Kirehe,maize,310.375
2014-02-01,Kirehe,maize,215.875
2014-03-01,Kirehe,maize,172.5
2014-04-01,Kirehe,maize,180.0
2014-05-01,Kirehe,maize,212.5
2014-06-01,Kirehe,maize,203.375
2014-07-01,Kirehe,maize,208.33499999999998
2014-08-01,Kirehe,maize,200.0
2014-09-01,Kirehe,maize,262.0
2014-10-01,Kirehe,maize,268.325
2014-11-01,Kirehe,maize,250.0
2014-12-01,Kirehe,maize,261.7
2015-01-01,Kirehe,maize,171.625
2015-02-01,Kirehe,maize,128.835
2015-03-01,Kirehe,maize,141.25
2015-04-01,Kirehe,maize,187.035
2015-05-01,Kirehe,maize,156.25
2015-06-01,Kirehe,maize,155.0
2015-07-01,Kirehe,maize,200.0
2015-08-01,Kirehe,maize,187.5
2015-09-01,Kirehe,maize,249.415
2015-10-01,Kirehe,maize,211.7
2015-11-01,Kirehe,maize,308.25
2015-12-01,Kirehe,maize,345.75
2018-05-01,Kirehe,maize,164.0
2018-06-01,Kirehe,maize,200.0
2018-07-01,Kirehe,maize,148.75
2018-08-01,Kirehe,maize,165.0
2018-09-01,Kirehe,maize,160.0
2018-10-01,Kirehe,maize,187.5
2018-11-01,Kirehe,maize,147.5
2018-12-01,Kirehe,maize,150.0
2019-01-01,Kirehe,maize,275.0
2019-02-01,Kirehe,maize,193.33333333333334
2019-03-01,Kirehe,maize,235.0
2019-04-01,Kirehe,maize,243.33333333333334
2019-05-01,Kirehe,maize,257.5
2019-06-01,Kirehe,maize,287.5
2019-07-01,Kirehe,maize,287.5
2019-08-01,Kirehe,maize,287.5
2019-09-01,Kirehe,maize,325.0
2019-10-01,Kirehe,maize,400.0
2019-11-01,Kirehe,maize,522.0
2019-12-01,Kirehe,maize,487.5
2020-01-01,Kirehe,maize,416.25
2020-02-01,Kirehe,maize,265.55555555555554
2020-03-01,Kirehe,maize,237.5
2020-04-01,Kirehe,maize,268.57142857142856
2020-05-01,Kirehe,maize,222.5
2020-06-01,Kirehe,maize,272.76
2020-07-01,Kirehe,maize,275.8075
2020-08-01,Kirehe,maize,239.7475
2020-09-01,Kirehe,maize,298.42
2020-10-01,Kirehe,maize,349.0675
2020-11-01,Kirehe,maize,356.4575
2020-12-01,Kirehe,maize,333.3675
2021-01-01,Kirehe,maize,299.73
2021-02-01,Kirehe,maize,290.83
2021-03-01,Kirehe,maize,213.32
2021-04-01,Kirehe,maize,218.765
2021-05-01,Kirehe,maize,204.5825
2021-06-01,Kirehe,maize,170.36
2021-07-01,Kirehe,maize,172.405
2021-08-01,Kirehe,maize,220.29500000000002
2021-09-01,Kirehe,maize,272.244
2021-10-01,Kirehe,maize,265.87666666666667
2021-11-01,Kirehe,maize,381.805
2021-12-01,Kirehe,maize,455.765
2022-01-01,Kirehe,maize,450.72
2022-02-01,Kirehe,maize,264.6425
2022-03-01,Kirehe,maize,295.9
2022-04-01,Kirehe,maize,338.89
2022-05-01,Kirehe,maize,333.825
2022-06-01,Kirehe,maize,442.25333333333333
2022-07-01,Kirehe,maize,453.5025
2022-08-01,Kirehe,maize,472.654
2022-09-01,Kirehe,maize,534.534
2022-10-01,Kirehe,maize,639.152
2022-11-01,Kirehe,maize,608.4725
2022-12-01,Kirehe,maize,674.07
2023-01-01,Kirehe,maize,561.89
2023-02-01,Kirehe,maize,440.11875
2023-03-01,Kirehe,maize,580.1225
2023-04-01,Kirehe,maize,462.845
2023-05-01,Kirehe,maize,501.145
2023-06-01,Kirehe,maize,590.485
2023-07-01,Kirehe,maize,506.1825
2023-08-01,Kirehe,maize,528.9833333333333
2023-09-01,Kirehe,maize,536.4733333333334
2023-10-01,Kirehe,maize,514.205
2023-11-01,Kirehe,maize,568.3340000000001
2023-12-01,Kirehe,maize,431.4575
2024-01-01,Kirehe,maize,393.3825
2024-02-01,Kirehe,maize,270.97249999999997
2024-03-01,Kirehe,maize,253.75
2024-04-01,Kirehe,maize,235.41750000000002
2024-05-01,Kirehe,maize,244.0875
2024-06-01,Kirehe,maize,272.09375
2024-07-01,Kirehe,maize,300.0
2024-08-01,Kirehe,maize,323.5425
2024-09-01,Kirehe,maize,343.38
2024-10-01,Kirehe,maize,393.515
2024-11-01,Kirehe,maize,490.1044444444445
2024-12-01,Kirehe,maize,508.27250000000004
2025-01-01,Kirehe,maize,585.9375
2025-02-01,Kirehe,maize,465.71400000000006
2025-03-01,Kirehe,maize,443.58600000000007
2025-04-01,Kirehe,maize,456.285
2025-05-01,Kirehe,maize,488.3075
2025-06-01,Kirehe,maize,525.1383333333333
2025-07-01,Kirehe,maize,502.2375
2025-08-01,Kirehe,maize,585.242
2025-09-01,Kirehe,maize,614.048
2025-10-01,Kirehe,maize,765.274
2025-11-01,Kirehe,maize,587.3340000000001
2025-12-01,Kirehe,maize,758.5366666666667
2026-01-01,Kirehe,maize,609.3720000000001
2026-02-01,Kirehe,maize,529.7066666666666
2026-03-01,Kirehe,maize,491.4583333333333
2026-04-01,Kirehe,maize,498.785
2026-05-01,Kirehe,maize,501.25
2026-06-01,Kirehe,maize,450.0
2008-01-01,Musanze,maize,140.0
2008-02-01,Musanze,maize,124.375
2008-03-01,Musanze,maize,121.25
2008-04-01,Musanze,maize,122.5
2008-05-01,Musanze,maize,139.375
2008-06-01,Musanze,maize,168.5
2008-07-01,Musanze,maize,200.83499999999998
2008-08-01,Musanze,maize,202.5
2008-09-01,Musanze,maize,230.0
2008-10-01,Musanze,maize,240.0
2008-11-01,Musanze,maize,271.25
2008-12-01,Musanze,maize,270.0
2009-01-01,Musanze,maize,287.5
2009-02-01,Musanze,maize,227.5
2009-03-01,Musanze,maize,200.0
2009-04-01,Musanze,maize,200.0
2009-05-01,Musanze,maize,220.0
2009-06-01,Musanze,maize,225.83
2009-07-01,Musanze,maize,220.0
2009-08-01,Musanze,maize,230.0
2009-09-01,Musanze,maize,253.75
2009-10-01,Musanze,maize,278.12
2009-11-01,Musanze,maize,278.75
2009-12-01,Musanze,maize,300.0
2010-01-01,Musanze,maize,248.33
2010-02-01,Musanze,maize,210.0
2010-03-01,Musanze,maize,160.0
2010-04-01,Musanze,maize,142.92
2010-05-01,Musanze,maize,146.92
2010-06-01,Musanze,maize,130.12
2010-07-01,Musanze,maize,141.4
2010-08-01,Musanze,maize,150.22
2010-09-01,Musanze,maize,148.83
2010-11-01,Musanze,maize,210.05
2010-12-01,Musanze,maize,175.72
2011-01-01,Musanze,maize,193.75
2011-02-01,Musanze,maize,151.43
2011-03-01,Musanze,maize,134.83
2011-04-01,Musanze,maize,156.38
2011-05-01,Musanze,maize,188.89
2011-06-01,Musanze,maize,283.43
2011-07-01,Musanze,maize,264.44
2011-08-01,Musanze,maize,250.0
2011-09-01,Musanze,maize,251.56
2011-10-01,Musanze,maize,242.29
2011-11-01,Musanze,maize,256.0
2011-12-01,Musanze,maize,250.88
2012-01-01,Musanze,maize,250.0
2012-02-01,Musanze,maize,215.14
2012-03-01,Musanze,maize,180.0
2012-04-01,Musanze,maize,230.785
2012-05-01,Musanze,maize,245.375
2012-06-01,Musanze,maize,276.16499999999996
2012-07-01,Musanze,maize,304.3933333333334
2012-08-01,Musanze,maize,274.1675
2012-09-01,Musanze,maize,295.3333333333333
2012-10-01,Musanze,maize,276.3333333333333
2012-11-01,Musanze,maize,261.4166666666667
2012-12-01,Musanze,maize,274.8066666666667
2013-01-01,Musanze,maize,291.27666666666664
2013-02-01,Musanze,maize,223.66666666666666
2013-03-01,Musanze,maize,211.77666666666667
2013-04-01,Musanze,maize,211.0666666666667
2013-05-01,Musanze,maize,213.71666666666667
2013-06-01,Musanze,maize,211.64666666666668
2013-07-01,Musanze,maize,190.5
2013-08-01,Musanze,maize,206.46
2013-09-01,Musanze,maize,235.10666666666665
2013-10-01,Musanze,maize,299.37333333333333
2013-11-01,Musanze,maize,311.31
2013-12-01,Musanze,maize,315.91333333333336
2014-01-01,Musanze,maize,276.3433333333333
2014-02-01,Musanze,maize,236.52999999999997
2014-03-01,Musanze,maize,195.08333333333334
2014-04-01,Musanze,maize,194.04
2014-05-01,Musanze,maize,222.08333333333334
2014-06-01,Musanze,maize,231.36
2014-07-01,Musanze,maize,226.55333333333337
2014-08-01,Musanze,maize,240.37333333333333
2014-09-01,Musanze,maize,249.75
2014-10-01,Musanze,maize,257.5
2014-11-01,Musanze,maize,245.48333333333335
2014-12-01,Musanze,maize,223.07333333333335
2015-01-01,Musanze,maize,210.12666666666667
2015-02-01,Musanze,maize,195.94333333333336
2015-03-01,Musanze,maize,179.17666666666665
2015-04-01,Musanze,maize,205.77666666666667
2015-05-01,Musanze,maize,220.75
2015-06-01,Musanze,maize,221.66666666666666
2015-07-01,Musanze,maize,235.33333333333334
2015-08-01,Musanze,maize,235.83333333333334
2015-09-01,Musanze,maize,233.77666666666667
2015-10-01,Musanze,maize,236.08333333333334
2015-11-01,Musanze,maize,247.33333333333334
2015-12-01,Musanze,maize,252.04666666666665
2008-01-01,Ngoma,maize,110.0
2008-02-01,Ngoma,maize,100.0
2008-03-01,Ngoma,maize,100.0
2008-04-01,Ngoma,maize,100.0
2008-05-01,Ngoma,maize,107.5
2008-06-01,Ngoma,maize,147.5
2008-07-01,Ngoma,maize,148.33
2008-08-01,Ngoma,maize,160.0
2008-09-01,Ngoma,maize,160.0
2008-10-01,Ngoma,maize,257.5
2008-11-01,Ngoma,maize,200.0
2009-02-01,Ngoma,maize,250.0
2009-03-01,Ngoma,maize,150.0
2009-04-01,Ngoma,maize,200.0
2009-05-01,Ngoma,maize,166.25
2009-06-01,Ngoma,maize,150.0
2009-07-01,Ngoma,maize,183.12
2009-08-01,Ngoma,maize,180.0
2009-09-01,Ngoma,maize,200.0
2009-10-01,Ngoma,maize,231.25
2009-11-01,Ngoma,maize,247.5
2009-12-01,Ngoma,maize,300.0
2010-01-01,Ngoma,maize,212.5
2010-02-01,Ngoma,maize,153.0
2010-03-01,Ngoma,maize,105.17
2010-04-01,Ngoma,maize,100.0
2010-05-01,Ngoma,maize,90.62
2010-06-01,Ngoma,maize,80.0
2010-07-01,Ngoma,maize,80.0
2010-08-01,Ngoma,maize,98.33
2010-09-01,Ngoma,maize,115.5
2010-10-01,Ngoma,maize,161.88
2010-11-01,Ngoma,maize,175.83
2010-12-01,Ngoma,maize,138.33
2011-02-01,Ngoma,maize,140.0
2011-03-01,Ngoma,maize,128.0
2011-04-01,Ngoma,maize,153.33
2011-05-01,Ngoma,maize,170.0
2011-06-01,Ngoma,maize,200.0
2011-07-01,Ngoma,maize,200.0
2011-08-01,Ngoma,maize,180.0
2011-09-01,Ngoma,maize,177.5
2011-10-01,Ngoma,maize,200.0
2011-11-01,Ngoma,maize,200.0
2011-12-01,Ngoma,maize,200.0
2012-01-01,Ngoma,maize,245.0
2012-02-01,Ngoma,maize,150.0
2012-03-01,Ngoma,maize,150.0
2012-04-01,Ngoma,maize,157.5
2012-05-01,Ngoma,maize,225.0
2012-06-01,Ngoma,maize,237.5
2012-07-01,Ngoma,maize,256.0
2012-08-01,Ngoma,maize,218.89
2012-11-01,Ngoma,maize,272.0
2012-12-01,Ngoma,maize,283.33
2013-01-01,Ngoma,maize,350.0
2013-02-01,Ngoma,maize,275.0
2013-03-01,Ngoma,maize,200.0
2013-04-01,Ngoma,maize,200.0
2013-05-01,Ngoma,maize,200.0
2013-06-01,Ngoma,maize,200.0
2013-07-01,Ngoma,maize,200.0
2013-08-01,Ngoma,maize,200.0
2013-09-01,Ngoma,maize,220.75
2013-10-01,Ngoma,maize,320.0
2013-11-01,Ngoma,maize,350.0
2013-12-01,Ngoma,maize,340.0
2014-01-01,Ngoma,maize,337.5
2014-02-01,Ngoma,maize,245.0
2014-03-01,Ngoma,maize,200.0
2014-04-01,Ngoma,maize,200.0
2014-05-01,Ngoma,maize,225.0
2014-06-01,Ngoma,maize,225.0
2014-07-01,Ngoma,maize,250.0
2014-08-01,Ngoma,maize,250.0
2014-09-01,Ngoma,maize,300.0
2014-10-01,Ngoma,maize,320.0
2014-11-01,Ngoma,maize,300.0
2014-12-01,Ngoma,maize,300.0
2015-01-01,Ngoma,maize,200.0
2015-02-01,Ngoma,maize,143.33
2015-03-01,Ngoma,maize,140.0
2015-04-01,Ngoma,maize,190.0
2015-05-01,Ngoma,maize,162.5
2015-06-01,Ngoma,maize,150.0
2015-07-01,Ngoma,maize,200.0
2015-08-01,Ngoma,maize,187.5
2015-09-01,Ngoma,maize,240.0
2015-10-01,Ngoma,maize,250.0
2015-11-01,Ngoma,maize,287.5
2015-12-01,Ngoma,maize,350.0
2008-01-01,Ngororero,maize,132.5
2008-02-01,Ngororero,maize,131.25
2008-04-01,Ngororero,maize,125.0
2008-06-01,Ngororero,maize,165.0
2008-08-01,Ngororero,maize,197.5
2008-09-01,Ngororero,maize,200.0
2008-10-01,Ngororero,maize,195.0
2008-11-01,Ngororero,maize,250.0
2008-12-01,Ngororero,maize,257.5
2009-01-01,Ngororero,maize,252.5
2009-04-01,Ngororero,maize,180.0
2009-05-01,Ngororero,maize,200.0
2009-06-01,Ngororero,maize,190.0
2009-07-01,Ngororero,maize,215.83
2009-10-01,Ngororero,maize,268.75
2009-11-01,Ngororero,maize,310.0
2009-12-01,Ngororero,maize,270.0
2010-01-01,Ngororero,maize,275.0
2010-03-01,Ngororero,maize,205.0
2010-09-01,Ngororero,maize,144.0
2010-11-01,Ngororero,maize,183.17
2010-12-01,Ngororero,maize,163.5
2011-01-01,Ngororero,maize,170.25
2011-07-01,Ngororero,maize,241.8
2011-09-01,Ngororero,maize,246.0
2011-10-01,Ngororero,maize,242.5
2011-11-01,Ngororero,maize,244.33
2011-12-01,Ngororero,maize,247.5
2012-01-01,Ngororero,maize,250.0
2012-02-01,Ngororero,maize,185.0
2012-03-01,Ngororero,maize,200.0
2012-04-01,Ngororero,maize,225.33
2012-06-01,Ngororero,maize,254.5
2012-08-01,Ngororero,maize,264.0
2012-09-01,Ngororero,maize,313.0
2012-10-01,Ngororero,maize,270.0
2012-11-01,Ngororero,maize,266.33
2012-12-01,Ngororero,maize,278.67
2013-01-01,Ngororero,maize,310.0
2013-02-01,Ngororero,maize,230.0
2013-03-01,Ngororero,maize,201.5
2013-04-01,Ngororero,maize,220.0
2013-06-01,Ngororero,maize,213.0
2013-07-01,Ngororero,maize,202.0
2013-09-01,Ngororero,maize,223.75
2013-10-01,Ngororero,maize,300.0
2013-11-01,Ngororero,maize,302.25
2013-12-01,Ngororero,maize,298.0
2014-01-01,Ngororero,maize,233.0
2014-02-01,Ngororero,maize,225.33
2014-03-01,Ngororero,maize,151.5
2014-04-01,Ngororero,maize,168.33
2014-08-01,Ngororero,maize,265.75
2014-09-01,Ngororero,maize,226.33
2014-11-01,Ngororero,maize,198.67
2014-12-01,Ngororero,maize,200.0
2015-01-01,Ngororero,maize,194.5
2015-02-01,Ngororero,maize,190.67
2015-03-01,Ngororero,maize,169.67
2015-04-01,Ngororero,maize,167.33
2015-07-01,Ngororero,maize,215.0
2015-08-01,Ngororero,maize,243.75
2015-09-01,Ngororero,maize,227.33
2015-10-01,Ngororero,maize,225.75
2015-11-01,Ngororero,maize,245.33
2015-12-01,Ngororero,maize,242.0
2008-01-01,Nyabihu,maize,157.5
2008-02-01,Nyabihu,maize,163.125
2008-03-01,Nyabihu,maize,149.375
2008-04-01,Nyabihu,maize,155.625
2008-05-01,Nyabihu,maize,140.0
2008-06-01,Nyabihu,maize,166.5
2008-07-01,Nyabihu,maize,172.5
2008-08-01,Nyabihu,maize,187.5
2008-09-01,Nyabihu,maize,210.0
2008-10-01,Nyabihu,maize,270.0
2008-11-01,Nyabihu,maize,270.0
2008-12-01,Nyabihu,maize,290.0
2009-01-01,Nyabihu,maize,277.5
2009-02-01,Nyabihu,maize,257.5
2009-03-01,Nyabihu,maize,200.0
2009-04-01,Nyabihu,maize,200.0
2009-05-01,Nyabihu,maize,205.83
2009-06-01,Nyabihu,maize,233.75
2009-07-01,Nyabihu,maize,241.25
2009-08-01,Nyabihu,maize,232.5
2009-09-01,Nyabihu,maize,257.5
2009-10-01,Nyabihu,maize,277.5
2009-11-01,Nyabihu,maize,271.25
2009-12-01,Nyabihu,maize,284.0
2010-01-01,Nyabihu,maize,264.62
2010-02-01,Nyabihu,maize,209.38
2010-03-01,Nyabihu,maize,205.0
2010-04-01,Nyabihu,maize,173.33
2010-05-01,Nyabihu,maize,147.5
2010-06-01,Nyabihu,maize,171.88
2010-07-01,Nyabihu,maize,152.83
2010-08-01,Nyabihu,maize,147.5
2010-09-01,Nyabihu,maize,141.25
2010-10-01,Nyabihu,maize,182.5
2010-11-01,Nyabihu,maize,171.67
2010-12-01,Nyabihu,maize,177.0
2011-01-01,Nyabihu,maize,196.67
2011-02-01,Nyabihu,maize,184.33
2011-03-01,Nyabihu,maize,190.0
2011-04-01,Nyabihu,maize,200.0
2011-05-01,Nyabihu,maize,225.75
2011-06-01,Nyabihu,maize,257.8
2011-07-01,Nyabihu,maize,274.25
2011-08-01,Nyabihu,maize,262.75
2011-09-01,Nyabihu,maize,258.6
2011-10-01,Nyabihu,maize,252.5
2011-11-01,Nyabihu,maize,250.0
2011-12-01,Nyabihu,maize,256.75
2012-01-01,Nyabihu,maize,250.0
2012-02-01,Nyabihu,maize,228.0
2012-03-01,Nyabihu,maize,245.75
2012-04-01,Nyabihu,maize,267.75
2012-05-01,Nyabihu,maize,238.7
2012-06-01,Nyabihu,maize,273.0
2012-07-01,Nyabihu,maize,292.78999999999996
2012-08-01,Nyabihu,maize,281.33500000000004
2012-09-01,Nyabihu,maize,281.5
2012-10-01,Nyabihu,maize,273.5
2012-11-01,Nyabihu,maize,268.41499999999996
2012-12-01,Nyabihu,maize,277.5
2013-01-01,Nyabihu,maize,295.2
2013-02-01,Nyabihu,maize,232.0
2013-03-01,Nyabihu,maize,236.125
2013-04-01,Nyabihu,maize,225.0
2013-05-01,Nyabihu,maize,223.0
2013-06-01,Nyabihu,maize,230.125
2013-07-01,Nyabihu,maize,204.16500000000002
2013-08-01,Nyabihu,maize,214.79000000000002
2013-09-01,Nyabihu,maize,219.125
2013-10-01,Nyabihu,maize,300.0
2013-11-01,Nyabihu,maize,309.125
2013-12-01,Nyabihu,maize,323.0
2014-01-01,Nyabihu,maize,283.2
2014-02-01,Nyabihu,maize,223.91500000000002
2014-03-01,Nyabihu,maize,172.5
2014-04-01,Nyabihu,maize,184.0
2014-05-01,Nyabihu,maize,198.83499999999998
2014-06-01,Nyabihu,maize,193.83499999999998
2014-07-01,Nyabihu,maize,219.6
2014-08-01,Nyabihu,maize,222.875
2014-09-01,Nyabihu,maize,221.625
2014-10-01,Nyabihu,maize,233.5
2014-11-01,Nyabihu,maize,210.375
2014-12-01,Nyabihu,maize,197.25
2015-01-01,Nyabihu,maize,209.875
2015-02-01,Nyabihu,maize,197.5
2015-03-01,Nyabihu,maize,181.95999999999998
2015-04-01,Nyabihu,maize,191.08499999999998
2015-05-01,Nyabihu,maize,188.125
2015-06-01,Nyabihu,maize,200.45999999999998
2015-07-01,Nyabihu,maize,221.91500000000002
2015-08-01,Nyabihu,maize,239.0
2015-09-01,Nyabihu,maize,226.5
2015-10-01,Nyabihu,maize,240.33499999999998
2015-11-01,Nyabihu,maize,273.335
2015-12-01,Nyabihu,maize,272.665
2008-01-01,Nyagatare,maize,150.0
2008-02-01,Nyagatare,maize,105.0
2008-03-01,Nyagatare,maize,110.0
2008-04-01,Nyagatare,maize,107.5
2008-05-01,Nyagatare,maize,140.0
2008-06-01,Nyagatare,maize,185.0
2008-07-01,Nyagatare,maize,190.0
2008-08-01,Nyagatare,maize,200.0
2008-09-01,Nyagatare,maize,212.5
2008-10-01,Nyagatare,maize,200.0
2008-11-01,Nyagatare,maize,252.5
2008-12-01,Nyagatare,maize,255.0
2009-01-01,Nyagatare,maize,175.0
2009-02-01,Nyagatare,maize,180.0
2009-03-01,Nyagatare,maize,150.0
2009-04-01,Nyagatare,maize,162.5
2009-05-01,Nyagatare,maize,190.0
2009-06-01,Nyagatare,maize,208.75
2009-07-01,Nyagatare,maize,160.0
2009-08-01,Nyagatare,maize,177.5
2009-09-01,Nyagatare,maize,211.88
2009-10-01,Nyagatare,maize,252.5
2009-12-01,Nyagatare,maize,263.75
2010-01-01,Nyagatare,maize,178.12
2010-02-01,Nyagatare,maize,106.25
2010-03-01,Nyagatare,maize,89.62
2010-04-01,Nyagatare,maize,108.75
2010-05-01,Nyagatare,maize,81.67
2010-06-01,Nyagatare,maize,67.08
2010-07-01,Nyagatare,maize,75.36
2010-08-01,Nyagatare,maize,83.33
2010-09-01,Nyagatare,maize,84.17
2010-10-01,Nyagatare,maize,102.5
2011-01-01,Nyagatare,maize,167.11
2011-02-01,Nyagatare,maize,123.4
2011-03-01,Nyagatare,maize,149.22
2011-04-01,Nyagatare,maize,191.71
2011-05-01,Nyagatare,maize,203.38
2011-06-01,Nyagatare,maize,250.78
2011-07-01,Nyagatare,maize,192.86
2011-08-01,Nyagatare,maize,200.0
2011-09-01,Nyagatare,maize,208.56
2011-10-01,Nyagatare,maize,233.44
2012-01-01,Nyagatare,maize,196.8
2012-02-01,Nyagatare,maize,145.71
2012-03-01,Nyagatare,maize,162.44
2012-04-01,Nyagatare,maize,208.88
2012-05-01,Nyagatare,maize,250.0
2012-06-01,Nyagatare,maize,249.625
2012-07-01,Nyagatare,maize,217.38
2012-08-01,Nyagatare,maize,196.29
2012-09-01,Nyagatare,maize,200.0
2012-10-01,Nyagatare,maize,250.0
2012-11-01,Nyagatare,maize,244.44
2012-12-01,Nyagatare,maize,250.0
2013-01-01,Nyagatare,maize,238.83
2013-02-01,Nyagatare,maize,174.0
2013-03-01,Nyagatare,maize,184.57
2013-04-01,Nyagatare,maize,202.67
2013-05-01,Nyagatare,maize,217.0
2013-06-01,Nyagatare,maize,218.66500000000002
2013-07-01,Nyagatare,maize,231.565
2013-08-01,Nyagatare,maize,199.515
2013-09-01,Nyagatare,maize,228.56
2013-10-01,Nyagatare,maize,258.665
2013-11-01,Nyagatare,maize,310.0
2013-12-01,Nyagatare,maize,340.475
2014-01-01,Nyagatare,maize,213.12
2014-02-01,Nyagatare,maize,155.43
2014-03-01,Nyagatare,maize,150.845
2014-04-01,Nyagatare,maize,167.12
2014-05-01,Nyagatare,maize,190.945
2014-06-01,Nyagatare,maize,214.33499999999998
2014-07-01,Nyagatare,maize,211.83499999999998
2014-08-01,Nyagatare,maize,196.0
2014-09-01,Nyagatare,maize,203.06
2014-10-01,Nyagatare,maize,198.67
2014-11-01,Nyagatare,maize,200.0
2014-12-01,Nyagatare,maize,208.33499999999998
2015-01-01,Nyagatare,maize,145.81
2015-02-01,Nyagatare,maize,151.285
2015-03-01,Nyagatare,maize,151.39
2015-04-01,Nyagatare,maize,169.0
2015-05-01,Nyagatare,maize,159.64499999999998
2015-06-01,Nyagatare,maize,172.16500000000002
2015-07-01,Nyagatare,maize,184.8
2015-08-01,Nyagatare,maize,188.875
2015-09-01,Nyagatare,maize,198.83499999999998
2015-10-01,Nyagatare,maize,176.6
2015-11-01,Nyagatare,maize,255.615
2015-12-01,Nyagatare,maize,300.0
2008-01-01,Nyamagabe,maize,168.75
2008-02-01,Nyamagabe,maize,136.25
2008-03-01,Nyamagabe,maize,167.5
2008-04-01,Nyamagabe,maize,266.25
2008-05-01,Nyamagabe,maize,183.75
2008-06-01,Nyamagabe,maize,153.75
2008-07-01,Nyamagabe,maize,156.66500000000002
2008-08-01,Nyamagabe,maize,228.75
2008-09-01,Nyamagabe,maize,242.5
2008-10-01,Nyamagabe,maize,243.75
2008-11-01,Nyamagabe,maize,275.0
2008-12-01,Nyamagabe,maize,240.0
2009-01-01,Nyamagabe,maize,237.5
2009-02-01,Nyamagabe,maize,255.0
2009-03-01,Nyamagabe,maize,280.0
2009-04-01,Nyamagabe,maize,312.5
2009-05-01,Nyamagabe,maize,280.83500000000004
2009-06-01,Nyamagabe,maize,240.0
2009-07-01,Nyamagabe,maize,305.83500000000004
2009-08-01,Nyamagabe,maize,318.75
2009-09-01,Nyamagabe,maize,325.0
2009-10-01,Nyamagabe,maize,379.16499999999996
2009-11-01,Nyamagabe,maize,383.33500000000004
2009-12-01,Nyamagabe,maize,345.0
2010-01-01,Nyamagabe,maize,293.25
2010-02-01,Nyamagabe,maize,249.5
2010-03-01,Nyamagabe,maize,223.75
2010-04-01,Nyamagabe,maize,234.08499999999998
2010-05-01,Nyamagabe,maize,236.58499999999998
2010-06-01,Nyamagabe,maize,181.25
2010-07-01,Nyamagabe,maize,205.93666666666664
2010-08-01,Nyamagabe,maize,182.195
2010-09-01,Nyamagabe,maize,189.22
2010-10-01,Nyamagabe,maize,181.5
2010-11-01,Nyamagabe,maize,234.92
2010-12-01,Nyamagabe,maize,269.96000000000004
2011-01-01,Nyamagabe,maize,286.4
2011-02-01,Nyamagabe,maize,260.025
2011-03-01,Nyamagabe,maize,275.1
2011-04-01,Nyamagabe,maize,283.605
2011-05-01,Nyamagabe,maize,323.395
2011-06-01,Nyamagabe,maize,339.0
2011-07-01,Nyamagabe,maize,315.125
2011-08-01,Nyamagabe,maize,297.21500000000003
2011-09-01,Nyamagabe,maize,319.5
2011-10-01,Nyamagabe,maize,324.75
2011-11-01,Nyamagabe,maize,359.05
2011-12-01,Nyamagabe,maize,327.1066666666666
2012-01-01,Nyamagabe,maize,268.125
2012-02-01,Nyamagabe,maize,243.375
2012-03-01,Nyamagabe,maize,236.785
2012-04-01,Nyamagabe,maize,254.915
2012-05-01,Nyamagabe,maize,270.055
2012-06-01,Nyamagabe,maize,283.75
2012-07-01,Nyamagabe,maize,313.9866666666667
2012-08-01,Nyamagabe,maize,297.62
2012-09-01,Nyamagabe,maize,313.3333333333333
2012-10-01,Nyamagabe,maize,260.0
2012-11-01,Nyamagabe,maize,258.0
2012-12-01,Nyamagabe,maize,256.355
2013-01-01,Nyamagabe,maize,261.07
2013-02-01,Nyamagabe,maize,239.5
2013-03-01,Nyamagabe,maize,241.75
2013-04-01,Nyamagabe,maize,237.5
2013-05-01,Nyamagabe,maize,213.75
2013-06-01,Nyamagabe,maize,236.91
2013-07-01,Nyamagabe,maize,226.5
2013-08-01,Nyamagabe,maize,227.625
2013-09-01,Nyamagabe,maize,231.625
2013-10-01,Nyamagabe,maize,271.5
2013-11-01,Nyamagabe,maize,282.53499999999997
2013-12-01,Nyamagabe,maize,283.7
2014-01-01,Nyamagabe,maize,284.78999999999996
2014-02-01,Nyamagabe,maize,239.15
2014-03-01,Nyamagabe,maize,227.315
2014-04-01,Nyamagabe,maize,225.185
2014-05-01,Nyamagabe,maize,234.125
2014-06-01,Nyamagabe,maize,266.58500000000004
2014-07-01,Nyamagabe,maize,225.0
2014-08-01,Nyamagabe,maize,235.93
2014-09-01,Nyamagabe,maize,237.40499999999997
2014-10-01,Nyamagabe,maize,254.26
2014-11-01,Nyamagabe,maize,223.58499999999998
2014-12-01,Nyamagabe,maize,223.785
2015-01-01,Nyamagabe,maize,216.185
2015-02-01,Nyamagabe,maize,197.48000000000002
2015-03-01,Nyamagabe,maize,227.9
2015-04-01,Nyamagabe,maize,246.69
2015-05-01,Nyamagabe,maize,236.875
2015-06-01,Nyamagabe,maize,222.885
2015-07-01,Nyamagabe,maize,233.75
2015-08-01,Nyamagabe,maize,232.0
2015-09-01,Nyamagabe,maize,235.46
2015-10-01,Nyamagabe,maize,261.625
2015-11-01,Nyamagabe,maize,287.77
2015-12-01,Nyamagabe,maize,309.25
2016-09-01,Nyamagabe,maize,295.0
2016-10-01,Nyamagabe,maize,335.0
2016-11-01,Nyamagabe,maize,377.5
2016-12-01,Nyamagabe,maize,390.0
2017-01-01,Nyamagabe,maize,370.0
2017-02-01,Nyamagabe,maize,357.5
2017-03-01,Nyamagabe,maize,350.0
2017-04-01,Nyamagabe,maize,405.0
2017-05-01,Nyamagabe,maize,367.5
2017-06-01,Nyamagabe,maize,382.5
2017-07-01,Nyamagabe,maize,350.0
2017-08-01,Nyamagabe,maize,300.0
2017-09-01,Nyamagabe,maize,350.0
2017-10-01,Nyamagabe,maize,346.6666666666667
2017-11-01,Nyamagabe,maize,300.0
2017-12-01,Nyamagabe,maize,261.6666666666667
2018-01-01,Nyamagabe,maize,260.0
2018-02-01,Nyamagabe,maize,258.75
2018-03-01,Nyamagabe,maize,243.33333333333334
2018-04-01,Nyamagabe,maize,216.66666666666666
2018-05-01,Nyamagabe,maize,223.33333333333334
2018-06-01,Nyamagabe,maize,220.0
2018-07-01,Nyamagabe,maize,216.66666666666666
2018-08-01,Nyamagabe,maize,196.66666666666666
2018-09-01,Nyamagabe,maize,193.33333333333334
2018-10-01,Nyamagabe,maize,199.375
2018-11-01,Nyamagabe,maize,205.715
2018-12-01,Nyamagabe,maize,238.75
2019-01-01,Nyamagabe,maize,249.91
2019-02-01,Nyamagabe,maize,252.33333333333334
2019-03-01,Nyamagabe,maize,260.0
2019-04-01,Nyamagabe,maize,251.66500000000002
2019-05-01,Nyamagabe,maize,261.5
2019-06-01,Nyamagabe,maize,294.0
2019-07-01,Nyamagabe,maize,325.0
2019-08-01,Nyamagabe,maize,306.6666666666667
2019-09-01,Nyamagabe,maize,370.4175
2019-10-01,Nyamagabe,maize,436.0425
2019-11-01,Nyamagabe,maize,496.6666666666667
2019-12-01,Nyamagabe,maize,517.5
2020-01-01,Nyamagabe,maize,486.6666666666667
2020-02-01,Nyamagabe,maize,387.77666666666664
2020-03-01,Nyamagabe,maize,280.0
2020-04-01,Nyamagabe,maize,323.125
2020-05-01,Nyamagabe,maize,288.89000000000004
2020-06-01,Nyamagabe,maize,258.96000000000004
2020-07-01,Nyamagabe,maize,283.53666666666663
2020-08-01,Nyamagabe,maize,287.16499999999996
2020-09-01,Nyamagabe,maize,323.28499999999997
2020-10-01,Nyamagabe,maize,368.485
2020-11-01,Nyamagabe,maize,378.18333333333334
2020-12-01,Nyamagabe,maize,396.3325
2021-01-01,Nyamagabe,maize,385.99666666666667
2021-02-01,Nyamagabe,maize,333.3325
2021-03-01,Nyamagabe,maize,295.0075
2021-04-01,Nyamagabe,maize,236.11333333333332
2021-05-01,Nyamagabe,maize,225.935
2021-06-01,Nyamagabe,maize,228.6525
2021-07-01,Nyamagabe,maize,245.0
2021-08-01,Nyamagabe,maize,237.75
2021-09-01,Nyamagabe,maize,262.74666666666667
2021-10-01,Nyamagabe,maize,318.27666666666664
2021-11-01,Nyamagabe,maize,352.08500000000004
2021-12-01,Nyamagabe,maize,385.75
2022-01-01,Nyamagabe,maize,400.0
2022-02-01,Nyamagabe,maize,365.25666666666666
2022-03-01,Nyamagabe,maize,300.0
2022-04-01,Nyamagabe,maize,350.6066666666666
2022-05-01,Nyamagabe,maize,355.845
2022-06-01,Nyamagabe,maize,415.5566666666667
2022-07-01,Nyamagabe,maize,505.915
2022-08-01,Nyamagabe,maize,494.1666666666667
2022-09-01,Nyamagabe,maize,595.4825000000001
2022-10-01,Nyamagabe,maize,658.33
2022-11-01,Nyamagabe,maize,705.15
2022-12-01,Nyamagabe,maize,731.185
2023-01-01,Nyamagabe,maize,697.5799999999999
2023-02-01,Nyamagabe,maize,556.97
2023-03-01,Nyamagabe,maize,550.0
2023-04-01,Nyamagabe,maize,552.99
2023-05-01,Nyamagabe,maize,563.2933333333334
2023-06-01,Nyamagabe,maize,572.3466666666667
2023-07-01,Nyamagabe,maize,615.0325
2023-08-01,Nyamagabe,maize,605.9733333333334
2023-09-01,Nyamagabe,maize,641.3599999999999
2023-10-01,Nyamagabe,maize,653.24
2023-11-01,Nyamagabe,maize,621.1125
2023-12-01,Nyamagabe,maize,545.0
2024-01-01,Nyamagabe,maize,482.96500000000003
2024-02-01,Nyamagabe,maize,409.44
2024-03-01,Nyamagabe,maize,373.125
2024-04-01,Nyamagabe,maize,368.3333333333333
2024-05-01,Nyamagabe,maize,341.40333333333336
2024-06-01,Nyamagabe,maize,355.8333333333333
2024-07-01,Nyamagabe,maize,388.3333333333333
2024-08-01,Nyamagabe,maize,418.3025
2024-09-01,Nyamagabe,maize,460.7133333333333
2024-10-01,Nyamagabe,maize,543.7600000000001
2024-11-01,Nyamagabe,maize,585.4166666666666
2024-12-01,Nyamagabe,maize,605.5566666666667
2025-01-01,Nyamagabe,maize,597.235
2025-02-01,Nyamagabe,maize,514.91
2025-03-01,Nyamagabe,maize,511.19
2025-04-01,Nyamagabe,maize,534.7950000000001
2025-05-01,Nyamagabe,maize,530.4200000000001
2025-06-01,Nyamagabe,maize,529.63
2025-07-01,Nyamagabe,maize,561.5025
2025-08-01,Nyamagabe,maize,576.16
2025-09-01,Nyamagabe,maize,611.2666666666667
2025-10-01,Nyamagabe,maize,622.6866666666666
2025-11-01,Nyamagabe,maize,662.5
2025-12-01,Nyamagabe,maize,681.0733333333334
2026-01-01,Nyamagabe,maize,663.82
2026-02-01,Nyamagabe,maize,631.3633333333333
2026-03-01,Nyamagabe,maize,554.66
2026-04-01,Nyamagabe,maize,541.0425
2026-05-01,Nyamagabe,maize,547.9166666666666
2026-06-01,Nyamagabe,maize,525.0
2008-01-01,Nyamasheke,maize,168.75
2008-02-01,Nyamasheke,maize,102.5
2008-03-01,Nyamasheke,maize,103.75
2008-04-01,Nyamasheke,maize,170.0
2008-05-01,Nyamasheke,maize,143.125
2008-06-01,Nyamasheke,maize,126.25
2008-07-01,Nyamasheke,maize,139.16500000000002
2008-08-01,Nyamasheke,maize,185.0
2008-09-01,Nyamasheke,maize,235.0
2008-10-01,Nyamasheke,maize,280.0
2008-11-01,Nyamasheke,maize,235.0
2008-12-01,Nyamasheke,maize,193.75
2009-01-01,Nyamasheke,maize,131.25
2009-02-01,Nyamasheke,maize,130.0
2009-03-01,Nyamasheke,maize,150.0
2009-04-01,Nyamasheke,maize,161.25
2009-05-01,Nyamasheke,maize,126.46
2009-06-01,Nyamasheke,maize,184.185
2009-07-01,Nyamasheke,maize,206.35500000000002
2009-08-01,Nyamasheke,maize,216.56
2009-09-01,Nyamasheke,maize,247.91500000000002
2009-10-01,Nyamasheke,maize,336.25
2009-11-01,Nyamasheke,maize,258.23
2009-12-01,Nyamasheke,maize,299.81
2010-01-01,Nyamasheke,maize,258.31
2010-02-01,Nyamasheke,maize,194.48000000000002
2010-03-01,Nyamasheke,maize,151.56
2010-04-01,Nyamasheke,maize,126.94
2010-05-01,Nyamasheke,maize,141.645
2010-06-01,Nyamasheke,maize,182.015
2010-07-01,Nyamasheke,maize,244.81
2010-08-01,Nyamasheke,maize,309.125
2010-09-01,Nyamasheke,maize,300.4
2010-10-01,Nyamasheke,maize,192.25
2010-11-01,Nyamasheke,maize,257.725
2010-12-01,Nyamasheke,maize,209.0
2011-01-01,Nyamasheke,maize,182.5
2011-02-01,Nyamasheke,maize,136.11
2011-03-01,Nyamasheke,maize,129.24333333333334
2011-04-01,Nyamasheke,maize,169.02666666666667
2011-05-01,Nyamasheke,maize,257.53333333333336
2011-06-01,Nyamasheke,maize,288.8666666666667
2011-07-01,Nyamasheke,maize,270.89
2011-08-01,Nyamasheke,maize,309.125
2011-09-01,Nyamasheke,maize,304.0
2011-10-01,Nyamasheke,maize,322.7
2011-11-01,Nyamasheke,maize,293.37666666666667
2011-12-01,Nyamasheke,maize,280.0
2012-01-01,Nyamasheke,maize,289.8
2012-02-01,Nyamasheke,maize,241.2075
2012-03-01,Nyamasheke,maize,223.22333333333333
2012-04-01,Nyamasheke,maize,320.0
2012-05-01,Nyamasheke,maize,260.25
2012-06-01,Nyamasheke,maize,284.895
2012-07-01,Nyamasheke,maize,262.5833333333333
2012-08-01,Nyamasheke,maize,267.89
2012-09-01,Nyamasheke,maize,296.0
2012-10-01,Nyamasheke,maize,330.0
2012-11-01,Nyamasheke,maize,294.325
2012-12-01,Nyamasheke,maize,301.1666666666667
2013-01-01,Nyamasheke,maize,286.25
2013-02-01,Nyamasheke,maize,248.66666666666666
2013-03-01,Nyamasheke,maize,199.36
2013-04-01,Nyamasheke,maize,257.5
2013-05-01,Nyamasheke,maize,209.26666666666665
2013-06-01,Nyamasheke,maize,197.25
2013-07-01,Nyamasheke,maize,210.125
2013-08-01,Nyamasheke,maize,219.25
2013-09-01,Nyamasheke,maize,250.75
2013-10-01,Nyamasheke,maize,283.66499999999996
2013-11-01,Nyamasheke,maize,263.5
2013-12-01,Nyamasheke,maize,280.875
2014-01-01,Nyamasheke,maize,258.4433333333333
2014-02-01,Nyamasheke,maize,211.69333333333336
2014-03-01,Nyamasheke,maize,207.35
2014-04-01,Nyamasheke,maize,207.44333333333336
2014-05-01,Nyamasheke,maize,210.08333333333334
2014-06-01,Nyamasheke,maize,225.25
2014-07-01,Nyamasheke,maize,254.96666666666667
2014-08-01,Nyamasheke,maize,246.83333333333334
2014-09-01,Nyamasheke,maize,251.25
2014-11-01,Nyamasheke,maize,300.0
2014-12-01,Nyamasheke,maize,246.66666666666666
2015-01-01,Nyamasheke,maize,215.22333333333333
2015-02-01,Nyamasheke,maize,174.47000000000003
2015-03-01,Nyamasheke,maize,159.30666666666667
2015-04-01,Nyamasheke,maize,183.83333333333334
2015-05-01,Nyamasheke,maize,216.64
2015-06-01,Nyamasheke,maize,198.75
2015-07-01,Nyamasheke,maize,163.54000000000002
2015-08-01,Nyamasheke,maize,221.75
2015-09-01,Nyamasheke,maize,222.36666666666667
2015-10-01,Nyamasheke,maize,222.9375
2015-11-01,Nyamasheke,maize,248.83333333333334
2015-12-01,Nyamasheke,maize,258.5
2008-01-01,Nyanza,maize,195.0
2008-02-01,Nyanza,maize,250.0
2008-03-01,Nyanza,maize,200.0
2008-04-01,Nyanza,maize,180.0
2008-05-01,Nyanza,maize,250.0
2008-06-01,Nyanza,maize,160.0
2008-07-01,Nyanza,maize,225.0
2008-08-01,Nyanza,maize,200.0
2008-09-01,Nyanza,maize,225.0
2008-10-01,Nyanza,maize,315.0
2008-11-01,Nyanza,maize,325.0
2009-01-01,Nyanza,maize,312.5
2009-02-01,Nyanza,maize,310.0
2009-09-01,Nyanza,maize,200.0
2010-01-01,Nyanza,maize,558.33
2010-04-01,Nyanza,maize,275.0
2010-05-01,Nyanza,maize,185.42
2010-06-01,Nyanza,maize,196.5
2010-07-01,Nyanza,maize,178.75
2010-08-01,Nyanza,maize,158.33
2010-09-01,Nyanza,maize,200.0
2010-11-01,Nyanza,maize,237.5
2010-12-01,Nyanza,maize,200.0
2011-01-01,Nyanza,maize,222.0
2011-02-01,Nyanza,maize,283.33
2011-03-01,Nyanza,maize,200.0
2011-04-01,Nyanza,maize,200.0
2011-05-01,Nyanza,maize,250.0
2011-06-01,Nyanza,maize,256.0
2011-07-01,Nyanza,maize,260.0
2011-08-01,Nyanza,maize,254.0
2011-09-01,Nyanza,maize,252.5
2011-10-01,Nyanza,maize,223.33
2011-11-01,Nyanza,maize,240.0
2011-12-01,Nyanza,maize,250.0
2012-01-01,Nyanza,maize,266.75
2012-02-01,Nyanza,maize,222.5
2012-03-01,Nyanza,maize,222.5
2012-04-01,Nyanza,maize,225.0
2012-05-01,Nyanza,maize,237.5
2012-06-01,Nyanza,maize,300.0
2012-07-01,Nyanza,maize,299.5
2012-08-01,Nyanza,maize,334.0
2012-09-01,Nyanza,maize,280.0
2012-10-01,Nyanza,maize,280.0
2012-11-01,Nyanza,maize,280.0
2012-12-01,Nyanza,maize,299.25
2013-01-01,Nyanza,maize,255.0
2013-02-01,Nyanza,maize,217.0
2013-03-01,Nyanza,maize,203.25
2013-04-01,Nyanza,maize,234.33
2013-05-01,Nyanza,maize,250.0
2013-06-01,Nyanza,maize,246.5
2013-07-01,Nyanza,maize,246.8
2013-08-01,Nyanza,maize,245.0
2013-09-01,Nyanza,maize,250.0
2013-11-01,Nyanza,maize,345.0
2014-01-01,Nyanza,maize,240.0
2014-02-01,Nyanza,maize,235.0
2014-03-01,Nyanza,maize,240.0
2014-04-01,Nyanza,maize,239.4
2014-05-01,Nyanza,maize,240.6
2014-06-01,Nyanza,maize,249.25
2014-07-01,Nyanza,maize,250.0
2014-08-01,Nyanza,maize,250.0
2014-09-01,Nyanza,maize,250.0
2014-10-01,Nyanza,maize,250.0
2014-11-01,Nyanza,maize,250.0
2014-12-01,Nyanza,maize,250.0
2015-01-01,Nyanza,maize,227.0
2015-02-01,Nyanza,maize,200.75
2015-03-01,Nyanza,maize,200.0
2015-04-01,Nyanza,maize,212.5
2015-05-01,Nyanza,maize,250.0
2015-06-01,Nyanza,maize,217.5
2015-07-01,Nyanza,maize,250.0
2015-08-01,Nyanza,maize,250.0
2015-09-01,Nyanza,maize,246.0
2015-10-01,Nyanza,maize,252.5
2015-11-01,Nyanza,maize,285.0
2015-12-01,Nyanza,maize,302.0
2018-03-01,Nyanza,maize,150.0
2008-01-01,Nyarugenge,maize,225.0
2008-02-01,Nyarugenge,maize,300.0
2008-03-01,Nyarugenge,maize,225.0
2008-04-01,Nyarugenge,maize,250.0
2008-06-01,Nyarugenge,maize,250.0
2008-07-01,Nyarugenge,maize,300.0
2008-08-01,Nyarugenge,maize,300.0
2008-10-01,Nyarugenge,maize,322.5
2008-11-01,Nyarugenge,maize,257.5
2008-12-01,Nyarugenge,maize,226.25
2009-01-01,Nyarugenge,maize,277.5
2009-02-01,Nyarugenge,maize,212.5
2009-03-01,Nyarugenge,maize,200.0
2009-04-01,Nyarugenge,maize,193.75
2009-05-01,Nyarugenge,maize,182.92
2009-06-01,Nyarugenge,maize,380.0
2009-07-01,Nyarugenge,maize,187.07
2009-08-01,Nyarugenge,maize,200.0
2009-09-01,Nyarugenge,maize,244.38
2009-10-01,Nyarugenge,maize,235.0
2009-11-01,Nyarugenge,maize,266.25
2009-12-01,Nyarugenge,maize,236.88
2010-01-01,Nyarugenge,maize,250.0
2010-02-01,Nyarugenge,maize,235.0
2010-03-01,Nyarugenge,maize,170.62
2010-04-01,Nyarugenge,maize,139.38
2010-05-01,Nyarugenge,maize,142.5
2010-06-01,Nyarugenge,maize,103.0
2010-07-01,Nyarugenge,maize,158.74
2010-08-01,Nyarugenge,maize,143.09666666666666
2010-09-01,Nyarugenge,maize,156.58
2010-10-01,Nyarugenge,maize,185.44333333333336
2010-11-01,Nyarugenge,maize,205.78
2010-12-01,Nyarugenge,maize,181.99
2011-01-01,Nyarugenge,maize,202.22333333333333
2011-02-01,Nyarugenge,maize,201.41666666666666
2011-03-01,Nyarugenge,maize,204.56333333333336
2011-04-01,Nyarugenge,maize,271.6666666666667
2011-05-01,Nyarugenge,maize,252.5
2011-06-01,Nyarugenge,maize,262.52
2011-07-01,Nyarugenge,maize,621.75
2011-08-01,Nyarugenge,maize,215.44
2011-09-01,Nyarugenge,maize,242.07333333333335
2011-10-01,Nyarugenge,maize,250.70333333333335
2011-11-01,Nyarugenge,maize,280.9533333333333
2011-12-01,Nyarugenge,maize,295.0466666666667
2012-01-01,Nyarugenge,maize,297.89
2012-02-01,Nyarugenge,maize,240.88
2012-03-01,Nyarugenge,maize,259.75
2012-04-01,Nyarugenge,maize,274.56
2012-05-01,Nyarugenge,maize,284.59666666666664
2012-06-01,Nyarugenge,maize,297.5
2012-07-01,Nyarugenge,maize,294.11
2012-08-01,Nyarugenge,maize,306.87
2012-09-01,Nyarugenge,maize,308.3333333333333
2012-10-01,Nyarugenge,maize,305.6666666666667
2012-11-01,Nyarugenge,maize,311.89000000000004
2012-12-01,Nyarugenge,maize,301.25
2013-01-01,Nyarugenge,maize,348.93
2013-02-01,Nyarugenge,maize,340.0
2013-03-01,Nyarugenge,maize,279.0
2013-04-01,Nyarugenge,maize,266.0366666666667
2013-05-01,Nyarugenge,maize,302.61
2013-06-01,Nyarugenge,maize,250.0
2013-07-01,Nyarugenge,maize,252.125
2013-08-01,Nyarugenge,maize,250.75
2013-09-01,Nyarugenge,maize,273.93
2013-10-01,Nyarugenge,maize,339.4633333333333
2013-11-01,Nyarugenge,maize,348.94
2013-12-01,Nyarugenge,maize,374.3
2014-01-01,Nyarugenge,maize,259.41499999999996
2014-02-01,Nyarugenge,maize,243.125
2014-03-01,Nyarugenge,maize,274.0
2014-04-01,Nyarugenge,maize,245.14
2014-05-01,Nyarugenge,maize,256.25
2014-06-01,Nyarugenge,maize,260.5
2014-07-01,Nyarugenge,maize,329.7966666666667
2014-08-01,Nyarugenge,maize,250.0
2014-09-01,Nyarugenge,maize,254.245
2014-11-01,Nyarugenge,maize,280.625
2014-12-01,Nyarugenge,maize,290.06
2015-01-01,Nyarugenge,maize,204.035
2015-02-01,Nyarugenge,maize,234.4766666666667
2015-03-01,Nyarugenge,maize,233.96333333333334
2015-04-01,Nyarugenge,maize,200.0
2015-05-01,Nyarugenge,maize,207.40666666666667
2015-06-01,Nyarugenge,maize,216.66500000000002
2015-07-01,Nyarugenge,maize,262.5
2015-08-01,Nyarugenge,maize,251.7
2015-09-01,Nyarugenge,maize,342.41333333333336
2015-10-01,Nyarugenge,maize,255.56
2015-11-01,Nyarugenge,maize,290.0
2015-12-01,Nyarugenge,maize,300.0
2020-01-01,Nyarugenge,maize,400.0
2020-02-01,Nyarugenge,maize,200.0
2020-04-01,Nyarugenge,maize,250.0
2023-02-01,Nyarugenge,maize,460.0
2023-11-01,Nyarugenge,maize,500.0
2024-05-01,Nyarugenge,maize,250.0
2024-06-01,Nyarugenge,maize,275.0
2024-09-01,Nyarugenge,maize,350.0
2024-11-01,Nyarugenge,maize,510.0
2025-10-01,Nyarugenge,maize,562.5
2011-12-01,Nyaruguru,maize,279.8
2012-01-01,Nyaruguru,maize,276.0
2012-02-01,Nyaruguru,maize,250.0
2012-03-01,Nyaruguru,maize,255.67
2012-04-01,Nyaruguru,maize,283.0
2012-05-01,Nyaruguru,maize,276.33
2012-06-01,Nyaruguru,maize,288.0
2008-01-01,Rubavu,maize,152.5
2008-02-01,Rubavu,maize,185.0
2008-03-01,Rubavu,maize,158.75
2008-04-01,Rubavu,maize,167.5
2008-05-01,Rubavu,maize,152.5
2008-06-01,Rubavu,maize,192.5
2008-07-01,Rubavu,maize,183.33
2008-08-01,Rubavu,maize,215.0
2008-09-01,Rubavu,maize,272.5
2008-10-01,Rubavu,maize,192.5
2008-11-01,Rubavu,maize,242.5
2008-12-01,Rubavu,maize,230.83499999999998
2009-01-01,Rubavu,maize,228.75
2009-02-01,Rubavu,maize,231.25
2009-03-01,Rubavu,maize,220.0
2009-04-01,Rubavu,maize,212.5
2009-05-01,Rubavu,maize,215.0
2009-06-01,Rubavu,maize,213.5
2009-07-01,Rubavu,maize,206.0
2009-08-01,Rubavu,maize,239.17
2009-09-01,Rubavu,maize,187.0
2009-10-01,Rubavu,maize,232.75
2009-11-01,Rubavu,maize,266.88
2009-12-01,Rubavu,maize,278.25
2010-01-01,Rubavu,maize,214.17
2010-02-01,Rubavu,maize,217.5
2010-03-01,Rubavu,maize,222.5
2010-04-01,Rubavu,maize,184.75
2010-05-01,Rubavu,maize,181.42
2010-06-01,Rubavu,maize,128.75
2010-07-01,Rubavu,maize,109.0
2010-08-01,Rubavu,maize,113.5
2010-09-01,Rubavu,maize,118.5
2010-10-01,Rubavu,maize,187.5
2010-11-01,Rubavu,maize,183.33
2010-12-01,Rubavu,maize,176.0
2011-01-01,Rubavu,maize,191.0
2011-02-01,Rubavu,maize,195.67
2011-03-01,Rubavu,maize,194.25
2011-04-01,Rubavu,maize,197.5
2011-05-01,Rubavu,maize,197.5
2011-06-01,Rubavu,maize,241.75
2011-07-01,Rubavu,maize,255.75
2011-08-01,Rubavu,maize,250.0
2011-09-01,Rubavu,maize,250.0
2011-10-01,Rubavu,maize,250.0
2011-11-01,Rubavu,maize,250.0
2011-12-01,Rubavu,maize,235.0
2012-01-01,Rubavu,maize,246.75
2012-02-01,Rubavu,maize,212.5
2012-03-01,Rubavu,maize,200.0
2012-04-01,Rubavu,maize,225.0
2012-05-01,Rubavu,maize,270.0
2012-06-01,Rubavu,maize,281.5
2012-07-01,Rubavu,maize,300.0
2012-08-01,Rubavu,maize,285.0
2012-09-01,Rubavu,maize,300.0
2012-10-01,Rubavu,maize,283.0
2012-11-01,Rubavu,maize,274.33
2012-12-01,Rubavu,maize,269.0
2013-01-01,Rubavu,maize,297.5
2013-02-01,Rubavu,maize,250.0
2013-03-01,Rubavu,maize,249.25
2013-04-01,Rubavu,maize,248.6
2013-05-01,Rubavu,maize,252.5
2013-06-01,Rubavu,maize,240.0
2013-07-01,Rubavu,maize,200.0
2013-08-01,Rubavu,maize,193.5
2013-09-01,Rubavu,maize,242.75
2013-10-01,Rubavu,maize,292.8
2013-11-01,Rubavu,maize,317.67
2013-12-01,Rubavu,maize,342.5
2014-01-01,Rubavu,maize,311.0
2014-02-01,Rubavu,maize,251.75
2014-03-01,Rubavu,maize,233.5
2014-04-01,Rubavu,maize,209.25
2014-05-01,Rubavu,maize,248.25
2014-06-01,Rubavu,maize,250.0
2014-07-01,Rubavu,maize,287.5
2014-08-01,Rubavu,maize,300.0
2014-09-01,Rubavu,maize,285.75
2014-10-01,Rubavu,maize,233.5
2014-11-01,Rubavu,maize,238.5
2014-12-01,Rubavu,maize,200.0
2015-01-01,Rubavu,maize,215.67
2015-02-01,Rubavu,maize,224.0
2015-03-01,Rubavu,maize,172.5
2015-04-01,Rubavu,maize,200.0
2015-05-01,Rubavu,maize,200.0
2015-06-01,Rubavu,maize,215.4
2015-07-01,Rubavu,maize,224.0
2015-08-01,Rubavu,maize,234.0
2015-09-01,Rubavu,maize,222.0
2015-11-01,Rubavu,maize,300.0
2015-12-01,Rubavu,maize,300.0
2012-01-01,Ruhango,maize,258.33
2012-02-01,Ruhango,maize,304.0
2012-03-01,Ruhango,maize,242.5
2012-04-01,Ruhango,maize,212.5
2012-05-01,Ruhango,maize,243.4
2012-06-01,Ruhango,maize,262.5
2012-07-01,Ruhango,maize,277.67
2012-08-01,Ruhango,maize,276.6
2012-09-01,Ruhango,maize,250.0
2012-10-01,Ruhango,maize,300.0
2012-11-01,Ruhango,maize,300.0
2012-12-01,Ruhango,maize,305.67
2013-01-01,Ruhango,maize,310.0
2013-02-01,Ruhango,maize,325.0
2013-03-01,Ruhango,maize,300.0
2013-04-01,Ruhango,maize,300.0
2013-05-01,Ruhango,maize,300.0
2013-06-01,Ruhango,maize,300.0
2013-07-01,Ruhango,maize,295.0
2013-08-01,Ruhango,maize,216.67
2013-09-01,Ruhango,maize,275.0
2013-10-01,Ruhango,maize,340.0
2013-11-01,Ruhango,maize,387.5
2013-12-01,Ruhango,maize,383.33
2014-01-01,Ruhango,maize,350.0
2014-02-01,Ruhango,maize,305.67
2014-03-01,Ruhango,maize,295.75
2014-04-01,Ruhango,maize,300.0
2014-05-01,Ruhango,maize,250.0
2014-06-01,Ruhango,maize,233.33
2014-07-01,Ruhango,maize,300.0
2014-08-01,Ruhango,maize,250.0
2014-09-01,Ruhango,maize,250.0
2014-10-01,Ruhango,maize,250.0
2014-11-01,Ruhango,maize,250.0
2015-02-01,Ruhango,maize,250.0
2015-03-01,Ruhango,maize,166.67
2015-04-01,Ruhango,maize,200.0
2015-05-01,Ruhango,maize,237.5
2015-06-01,Ruhango,maize,211.25
2015-07-01,Ruhango,maize,280.0
2015-08-01,Ruhango,maize,300.0
2015-09-01,Ruhango,maize,287.5
2015-10-01,Ruhango,maize,300.0
2015-11-01,Ruhango,maize,300.0
2015-12-01,Ruhango,maize,300.0
2008-01-01,Rulindo,maize,200.0
2008-02-01,Rulindo,maize,193.125
2008-03-01,Rulindo,maize,201.25
2008-04-01,Rulindo,maize,117.5
2008-05-01,Rulindo,maize,122.5
2008-06-01,Rulindo,maize,170.0
2008-07-01,Rulindo,maize,190.0
2008-08-01,Rulindo,maize,190.0
2008-09-01,Rulindo,maize,200.0
2008-10-01,Rulindo,maize,252.5
2008-11-01,Rulindo,maize,278.125
2008-12-01,Rulindo,maize,262.5
2009-01-01,Rulindo,maize,248.75
2009-02-01,Rulindo,maize,220.0
2009-03-01,Rulindo,maize,200.0
2009-04-01,Rulindo,maize,195.0
2009-05-01,Rulindo,maize,195.0
2009-06-01,Rulindo,maize,200.0
2009-07-01,Rulindo,maize,205.25
2009-08-01,Rulindo,maize,180.0
2009-09-01,Rulindo,maize,305.25
2009-10-01,Rulindo,maize,255.62
2009-11-01,Rulindo,maize,250.0
2009-12-01,Rulindo,maize,272.5
2010-01-01,Rulindo,maize,250.0
2010-02-01,Rulindo,maize,195.62
2010-03-01,Rulindo,maize,202.5
2010-04-01,Rulindo,maize,146.25
2010-05-01,Rulindo,maize,245.0
2010-06-01,Rulindo,maize,134.25
2010-07-01,Rulindo,maize,138.75
2010-08-01,Rulindo,maize,143.33
2010-09-01,Rulindo,maize,144.375
2010-10-01,Rulindo,maize,150.0
2010-11-01,Rulindo,maize,186.435
2010-12-01,Rulindo,maize,170.0
2011-01-01,Rulindo,maize,165.0
2011-02-01,Rulindo,maize,143.33
2011-03-01,Rulindo,maize,128.0
2011-04-01,Rulindo,maize,199.83499999999998
2011-05-01,Rulindo,maize,155.75
2011-06-01,Rulindo,maize,215.8
2011-07-01,Rulindo,maize,234.25
2011-08-01,Rulindo,maize,248.2
2011-09-01,Rulindo,maize,249.25
2011-10-01,Rulindo,maize,244.67
2011-11-01,Rulindo,maize,246.2
2011-12-01,Rulindo,maize,247.67
2012-01-01,Rulindo,maize,250.0
2012-02-01,Rulindo,maize,214.0
2012-03-01,Rulindo,maize,195.0
2012-04-01,Rulindo,maize,218.75
2012-05-01,Rulindo,maize,231.5
2012-06-01,Rulindo,maize,254.5
2012-07-01,Rulindo,maize,275.33
2012-08-01,Rulindo,maize,274.5
2012-09-01,Rulindo,maize,256.0
2012-10-01,Rulindo,maize,270.0
2012-11-01,Rulindo,maize,264.33
2012-12-01,Rulindo,maize,285.0
2013-01-01,Rulindo,maize,320.0
2013-02-01,Rulindo,maize,222.0
2013-03-01,Rulindo,maize,202.0
2013-04-01,Rulindo,maize,202.0
2013-05-01,Rulindo,maize,192.0
2013-06-01,Rulindo,maize,221.83333333333334
2013-07-01,Rulindo,maize,200.5
2013-08-01,Rulindo,maize,206.4
2013-09-01,Rulindo,maize,243.5
2013-10-01,Rulindo,maize,260.93333333333334
2013-11-01,Rulindo,maize,295.75
2013-12-01,Rulindo,maize,296.5
2014-01-01,Rulindo,maize,268.665
2014-02-01,Rulindo,maize,338.11
2014-03-01,Rulindo,maize,294.39
2014-04-01,Rulindo,maize,154.0
2014-05-01,Rulindo,maize,224.44333333333336
2014-06-01,Rulindo,maize,220.75
2014-07-01,Rulindo,maize,211.13333333333333
2014-08-01,Rulindo,maize,240.13333333333333
2014-09-01,Rulindo,maize,306.55333333333334
2014-10-01,Rulindo,maize,350.0
2014-11-01,Rulindo,maize,193.33
2014-12-01,Rulindo,maize,196.66500000000002
2015-01-01,Rulindo,maize,266.75
2015-02-01,Rulindo,maize,168.0
2015-03-01,Rulindo,maize,195.625
2015-04-01,Rulindo,maize,168.2
2015-05-01,Rulindo,maize,208.5
2015-06-01,Rulindo,maize,252.91666666666666
2015-07-01,Rulindo,maize,248.20000000000002
2015-08-01,Rulindo,maize,240.0
2015-09-01,Rulindo,maize,227.0
2015-10-01,Rulindo,maize,240.75
2015-11-01,Rulindo,maize,242.25
2015-12-01,Rulindo,maize,236.25
2008-01-01,Rusizi,maize,215.0
2008-02-01,Rusizi,maize,135.0
2008-03-01,Rusizi,maize,155.0
2008-04-01,Rusizi,maize,245.0
2008-05-01,Rusizi,maize,242.5
2008-06-01,Rusizi,maize,192.5
2008-07-01,Rusizi,maize,160.0
2008-08-01,Rusizi,maize,222.5
2008-09-01,Rusizi,maize,325.0
2008-11-01,Rusizi,maize,305.0
2008-12-01,Rusizi,maize,245.0
2009-01-01,Rusizi,maize,162.5
2009-02-01,Rusizi,maize,180.0
2009-03-01,Rusizi,maize,320.0
2009-04-01,Rusizi,maize,307.5
2009-05-01,Rusizi,maize,267.5
2009-06-01,Rusizi,maize,218.25
2009-07-01,Rusizi,maize,280.0
2009-08-01,Rusizi,maize,278.17
2009-09-01,Rusizi,maize,297.93
2009-10-01,Rusizi,maize,362.92
2009-11-01,Rusizi,maize,358.12
2009-12-01,Rusizi,maize,323.75
2010-01-01,Rusizi,maize,275.25
2010-02-01,Rusizi,maize,228.25
2010-03-01,Rusizi,maize,187.3
2010-04-01,Rusizi,maize,157.96
2010-05-01,Rusizi,maize,189.38
2010-06-01,Rusizi,maize,200.28
2010-07-01,Rusizi,maize,291.75
2010-08-01,Rusizi,maize,338.33
2010-09-01,Rusizi,maize,342.42
2010-10-01,Rusizi,maize,243.42
2010-11-01,Rusizi,maize,283.32
2010-12-01,Rusizi,maize,286.2
2011-01-01,Rusizi,maize,333.0
2011-03-01,Rusizi,maize,146.44
2011-04-01,Rusizi,maize,184.0
2012-02-01,Rusizi,maize,250.0
2012-12-01,Rusizi,maize,333.0
2013-03-01,Rusizi,maize,360.0
2013-06-01,Rusizi,maize,317.0
2013-10-01,Rusizi,maize,480.0
2014-05-01,Rusizi,maize,240.0
2014-09-01,Rusizi,maize,220.0
2008-01-01,Rutsiro,maize,165.0
2008-02-01,Rutsiro,maize,197.5
2008-03-01,Rutsiro,maize,167.5
2008-04-01,Rutsiro,maize,182.5
2008-05-01,Rutsiro,maize,164.25
2008-06-01,Rutsiro,maize,147.75
2008-07-01,Rutsiro,maize,157.5
2008-08-01,Rutsiro,maize,175.0
2008-12-01,Rutsiro,maize,240.0
2009-01-01,Rutsiro,maize,207.5
2009-02-01,Rutsiro,maize,230.0
2009-03-01,Rutsiro,maize,200.0
2009-04-01,Rutsiro,maize,207.5
2009-05-01,Rutsiro,maize,206.25
2009-06-01,Rutsiro,maize,215.0
2009-07-01,Rutsiro,maize,205.0
2009-08-01,Rutsiro,maize,229.33
2009-11-01,Rutsiro,maize,268.25
2009-12-01,Rutsiro,maize,262.0
2010-01-01,Rutsiro,maize,228.33
2010-02-01,Rutsiro,maize,200.0
2010-03-01,Rutsiro,maize,230.0
2010-04-01,Rutsiro,maize,215.0
2010-05-01,Rutsiro,maize,206.0
2010-06-01,Rutsiro,maize,187.5
2010-07-01,Rutsiro,maize,173.0
2010-08-01,Rutsiro,maize,115.0
2010-09-01,Rutsiro,maize,195.0
2010-10-01,Rutsiro,maize,167.5
2010-11-01,Rutsiro,maize,168.625
2010-12-01,Rutsiro,maize,176.83499999999998
2011-01-01,Rutsiro,maize,145.64
2011-02-01,Rutsiro,maize,138.08333333333334
2011-03-01,Rutsiro,maize,140.01
2011-04-01,Rutsiro,maize,150.0
2011-05-01,Rutsiro,maize,179.41666666666666
2011-06-01,Rutsiro,maize,185.55666666666664
2011-07-01,Rutsiro,maize,202.59
2011-08-01,Rutsiro,maize,195.265
2011-09-01,Rutsiro,maize,207.625
2011-10-01,Rutsiro,maize,235.75
2011-11-01,Rutsiro,maize,204.85666666666665
2011-12-01,Rutsiro,maize,221.0
2012-01-01,Rutsiro,maize,243.33333333333334
2012-02-01,Rutsiro,maize,243.33333333333334
2012-03-01,Rutsiro,maize,215.08333333333334
2012-04-01,Rutsiro,maize,204.66666666666666
2012-05-01,Rutsiro,maize,216.79999999999998
2012-06-01,Rutsiro,maize,224.5
2012-07-01,Rutsiro,maize,230.83333333333334
2012-08-01,Rutsiro,maize,266.0
2012-09-01,Rutsiro,maize,265.0
2012-10-01,Rutsiro,maize,253.0
2012-11-01,Rutsiro,maize,249.5
2012-12-01,Rutsiro,maize,261.67
2013-01-01,Rutsiro,maize,263.33500000000004
2013-02-01,Rutsiro,maize,216.5
2013-03-01,Rutsiro,maize,189.75
2013-04-01,Rutsiro,maize,188.875
2013-05-01,Rutsiro,maize,206.5
2013-06-01,Rutsiro,maize,182.365
2013-07-01,Rutsiro,maize,184.25
2013-08-01,Rutsiro,maize,199.0
2013-09-01,Rutsiro,maize,223.5
2013-10-01,Rutsiro,maize,238.41500000000002
2013-11-01,Rutsiro,maize,280.0
2013-12-01,Rutsiro,maize,325.75
2014-01-01,Rutsiro,maize,266.33500000000004
2014-02-01,Rutsiro,maize,230.5
2014-03-01,Rutsiro,maize,194.75
2014-04-01,Rutsiro,maize,194.365
2014-05-01,Rutsiro,maize,221.375
2014-06-01,Rutsiro,maize,240.125
2014-07-01,Rutsiro,maize,230.5
2014-08-01,Rutsiro,maize,234.0
2014-09-01,Rutsiro,maize,252.0
2014-10-01,Rutsiro,maize,276.71500000000003
2014-11-01,Rutsiro,maize,276.75
2014-12-01,Rutsiro,maize,272.33
2015-01-01,Rutsiro,maize,213.70999999999998
2015-02-01,Rutsiro,maize,196.54000000000002
2015-03-01,Rutsiro,maize,195.08499999999998
2015-04-01,Rutsiro,maize,247.5
2015-05-01,Rutsiro,maize,263.875
2015-06-01,Rutsiro,maize,258.8
2015-07-01,Rutsiro,maize,237.5
2015-08-01,Rutsiro,maize,209.65
2015-09-01,Rutsiro,maize,230.0
2015-10-01,Rutsiro,maize,225.33
2015-11-01,Rutsiro,maize,216.0
2015-12-01,Rutsiro,maize,229.66500000000002
2008-01-01,Rwamagana,maize,190.0
2008-02-01,Rwamagana,maize,192.5
2008-03-01,Rwamagana,maize,148.75
2008-04-01,Rwamagana,maize,175.0
2008-05-01,Rwamagana,maize,205.0
2008-06-01,Rwamagana,maize,220.0
2008-07-01,Rwamagana,maize,230.0
2008-08-01,Rwamagana,maize,200.0
2008-10-01,Rwamagana,maize,222.5
2008-11-01,Rwamagana,maize,237.5
2008-12-01,Rwamagana,maize,225.0
2009-01-01,Rwamagana,maize,207.5
2009-02-01,Rwamagana,maize,195.0
2009-03-01,Rwamagana,maize,200.0
2009-04-01,Rwamagana,maize,200.0
2009-05-01,Rwamagana,maize,220.0
2009-06-01,Rwamagana,maize,200.0
2009-07-01,Rwamagana,maize,194.17
2009-08-01,Rwamagana,maize,170.0
2009-09-01,Rwamagana,maize,180.0
2009-10-01,Rwamagana,maize,283.33
2009-11-01,Rwamagana,maize,308.33
2009-12-01,Rwamagana,maize,366.67
2010-01-01,Rwamagana,maize,200.0
2010-02-01,Rwamagana,maize,308.33
2010-03-01,Rwamagana,maize,258.33
2010-04-01,Rwamagana,maize,200.0
2010-05-01,Rwamagana,maize,234.33
2010-06-01,Rwamagana,maize,193.5
2010-07-01,Rwamagana,maize,131.75
2010-08-01,Rwamagana,maize,154.0
2010-09-01,Rwamagana,maize,157.5
2010-10-01,Rwamagana,maize,200.0
2010-11-01,Rwamagana,maize,239.69
2010-12-01,Rwamagana,maize,198.75
2011-01-01,Rwamagana,maize,202.125
2011-02-01,Rwamagana,maize,209.08499999999998
2011-03-01,Rwamagana,maize,183.0
2011-04-01,Rwamagana,maize,200.0
2011-05-01,Rwamagana,maize,189.58499999999998
2011-06-01,Rwamagana,maize,245.0
2011-07-01,Rwamagana,maize,223.0
2011-08-01,Rwamagana,maize,199.3
2011-09-01,Rwamagana,maize,230.75
2011-10-01,Rwamagana,maize,250.0
2011-11-01,Rwamagana,maize,195.6
2011-12-01,Rwamagana,maize,229.58499999999998
2012-01-01,Rwamagana,maize,247.125
2012-02-01,Rwamagana,maize,155.0
2012-03-01,Rwamagana,maize,151.0
2012-04-01,Rwamagana,maize,177.5
2012-05-01,Rwamagana,maize,226.3
2012-06-01,Rwamagana,maize,301.0
2012-07-01,Rwamagana,maize,175.0
2012-08-01,Rwamagana,maize,210.0
2012-09-01,Rwamagana,maize,250.0
2012-10-01,Rwamagana,maize,250.0
2012-11-01,Rwamagana,maize,236.33333333333334
2012-12-01,Rwamagana,maize,242.5
2013-01-01,Rwamagana,maize,223.25
2013-02-01,Rwamagana,maize,173.0
2013-03-01,Rwamagana,maize,218.5
2013-04-01,Rwamagana,maize,206.5
2013-05-01,Rwamagana,maize,181.0
2013-06-01,Rwamagana,maize,222.41666666666666
2013-07-01,Rwamagana,maize,224.16666666666666
2013-08-01,Rwamagana,maize,220.05666666666664
2013-09-01,Rwamagana,maize,270.0
2013-10-01,Rwamagana,maize,318.8666666666667
2013-11-01,Rwamagana,maize,283.3333333333333
2013-12-01,Rwamagana,maize,299.89
2014-01-01,Rwamagana,maize,249.77666666666664
2014-02-01,Rwamagana,maize,175.75
2014-03-01,Rwamagana,maize,125.0
2014-04-01,Rwamagana,maize,192.5
2014-05-01,Rwamagana,maize,162.0
2014-06-01,Rwamagana,maize,197.5
2014-07-01,Rwamagana,maize,186.67
2014-08-01,Rwamagana,maize,182.5
2014-09-01,Rwamagana,maize,242.51
2014-10-01,Rwamagana,maize,221.0
2014-11-01,Rwamagana,maize,271.72333333333336
2014-12-01,Rwamagana,maize,255.0
2015-01-01,Rwamagana,maize,201.22333333333333
2015-02-01,Rwamagana,maize,192.94333333333336
2015-03-01,Rwamagana,maize,179.46666666666667
2015-04-01,Rwamagana,maize,191.35666666666665
2015-05-01,Rwamagana,maize,214.16666666666666
2015-06-01,Rwamagana,maize,201.41666666666666
2015-07-01,Rwamagana,maize,242.77666666666667
2015-08-01,Rwamagana,maize,231.0
2015-09-01,Rwamagana,maize,233.33333333333334
2015-10-01,Rwamagana,maize,250.0
2015-11-01,Rwamagana,maize,312.5
2015-12-01,Rwamagana,maize,300.0
2008-01-01,Bugesera,potatoes,120.0
2008-02-01,Bugesera,potatoes,120.0
2008-03-01,Bugesera,potatoes,115.0
2008-04-01,Bugesera,potatoes,120.0
2008-05-01,Bugesera,potatoes,120.0
2008-06-01,Bugesera,potatoes,127.5
2008-07-01,Bugesera,potatoes,140.0
2008-08-01,Bugesera,potatoes,150.0
2008-09-01,Bugesera,potatoes,150.0
2008-11-01,Bugesera,potatoes,145.0
2008-12-01,Bugesera,potatoes,140.0
2009-01-01,Bugesera,potatoes,150.0
2009-02-01,Bugesera,potatoes,150.0
2009-03-01,Bugesera,potatoes,150.0
2009-04-01,Bugesera,potatoes,152.5
2009-05-01,Bugesera,potatoes,150.0
2009-06-01,Bugesera,potatoes,150.0
2009-07-01,Bugesera,potatoes,150.0
2009-08-01,Bugesera,potatoes,187.5
2009-09-01,Bugesera,potatoes,197.92
2009-10-01,Bugesera,potatoes,199.5
2009-11-01,Bugesera,potatoes,159.38
2009-12-01,Bugesera,potatoes,130.42
2010-01-01,Bugesera,potatoes,121.25
2010-02-01,Bugesera,potatoes,135.0
2010-03-01,Bugesera,potatoes,145.0
2010-04-01,Bugesera,potatoes,147.5
2010-05-01,Bugesera,potatoes,154.58
2010-06-01,Bugesera,potatoes,170.0
2010-07-01,Bugesera,potatoes,160.0
2010-08-01,Bugesera,potatoes,185.83499999999998
2010-09-01,Bugesera,potatoes,220.0
2010-10-01,Bugesera,potatoes,209.0
2010-11-01,Bugesera,potatoes,174.375
2010-12-01,Bugesera,potatoes,129.79
2011-01-01,Bugesera,potatoes,111.16499999999999
2011-02-01,Bugesera,potatoes,113.83500000000001
2011-03-01,Bugesera,potatoes,128.375
2011-04-01,Bugesera,potatoes,159.25
2011-05-01,Bugesera,potatoes,151.25
2011-06-01,Bugesera,potatoes,150.0
2011-07-01,Bugesera,potatoes,148.75
2011-08-01,Bugesera,potatoes,147.5
2011-09-01,Bugesera,potatoes,149.0
2011-10-01,Bugesera,potatoes,157.5
2011-11-01,Bugesera,potatoes,143.75
2011-12-01,Bugesera,potatoes,148.85
2012-01-01,Bugesera,potatoes,168.75
2012-02-01,Bugesera,potatoes,191.25
2012-03-01,Bugesera,potatoes,206.5
2012-04-01,Bugesera,potatoes,203.33499999999998
2012-05-01,Bugesera,potatoes,200.0
2012-06-01,Bugesera,potatoes,184.325
2012-07-01,Bugesera,potatoes,200.75
2012-08-01,Bugesera,potatoes,214.28666666666666
2012-09-01,Bugesera,potatoes,234.33333333333334
2012-10-01,Bugesera,potatoes,233.33333333333334
2012-11-01,Bugesera,potatoes,184.5
2012-12-01,Bugesera,potatoes,150.0
2013-01-01,Bugesera,potatoes,170.75
2013-02-01,Bugesera,potatoes,170.0
2013-03-01,Bugesera,potatoes,180.5
2013-04-01,Bugesera,potatoes,195.0
2013-05-01,Bugesera,potatoes,190.0
2013-06-01,Bugesera,potatoes,210.375
2013-07-01,Bugesera,potatoes,227.5
2013-08-01,Bugesera,potatoes,243.0
2013-09-01,Bugesera,potatoes,257.5
2013-10-01,Bugesera,potatoes,252.5
2013-11-01,Bugesera,potatoes,190.625
2013-12-01,Bugesera,potatoes,142.875
2014-01-01,Bugesera,potatoes,150.3
2014-02-01,Bugesera,potatoes,177.54000000000002
2014-03-01,Bugesera,potatoes,202.04000000000002
2014-04-01,Bugesera,potatoes,206.0
2014-05-01,Bugesera,potatoes,198.58499999999998
2014-06-01,Bugesera,potatoes,198.83499999999998
2014-07-01,Bugesera,potatoes,200.0
2014-08-01,Bugesera,potatoes,203.75
2014-09-01,Bugesera,potatoes,200.0
2014-10-01,Bugesera,potatoes,189.0
2014-11-01,Bugesera,potatoes,150.0
2014-12-01,Bugesera,potatoes,140.66500000000002
2015-01-01,Bugesera,potatoes,144.525
2015-02-01,Bugesera,potatoes,159.625
2015-03-01,Bugesera,potatoes,200.0
2015-04-01,Bugesera,potatoes,203.33499999999998
2015-05-01,Bugesera,potatoes,200.0
2015-06-01,Bugesera,potatoes,180.0
2015-07-01,Bugesera,potatoes,195.0
2015-08-01,Bugesera,potatoes,235.0
2015-09-01,Bugesera,potatoes,239.66500000000002
2015-10-01,Bugesera,potatoes,228.25
2015-11-01,Bugesera,potatoes,221.70999999999998
2015-12-01,Bugesera,potatoes,194.865
2012-06-01,Burera,potatoes,147.5
2012-07-01,Burera,potatoes,160.0
2012-08-01,Burera,potatoes,180.0
2012-11-01,Burera,potatoes,163.33
2012-12-01,Burera,potatoes,130.0
2013-01-01,Burera,potatoes,137.0
2013-02-01,Burera,potatoes,148.0
2013-03-01,Burera,potatoes,166.67
2013-04-01,Burera,potatoes,190.0
2013-05-01,Burera,potatoes,168.0
2013-06-01,Burera,potatoes,193.0
2013-07-01,Burera,potatoes,205.75
2013-08-01,Burera,potatoes,208.5
2013-09-01,Burera,potatoes,228.0
2013-10-01,Burera,potatoes,215.0
2013-11-01,Burera,potatoes,150.0
2013-12-01,Burera,potatoes,140.0
2014-01-01,Burera,potatoes,126.67
2014-02-01,Burera,potatoes,138.33
2014-03-01,Burera,potatoes,185.0
2014-04-01,Burera,potatoes,185.67
2014-05-01,Burera,potatoes,173.75
2014-06-01,Burera,potatoes,189.33
2014-07-01,Burera,potatoes,164.33
2014-08-01,Burera,potatoes,175.0
2014-09-01,Burera,potatoes,193.25
2014-11-01,Burera,potatoes,167.0
2014-12-01,Burera,potatoes,110.0
2015-01-01,Burera,potatoes,130.0
2015-02-01,Burera,potatoes,155.5
2015-03-01,Burera,potatoes,177.0
2015-04-01,Burera,potatoes,185.0
2015-05-01,Burera,potatoes,175.0
2015-06-01,Burera,potatoes,164.25
2015-07-01,Burera,potatoes,178.33
2015-08-01,Burera,potatoes,167.5
2015-09-01,Burera,potatoes,206.0
2015-10-01,Burera,potatoes,213.33
2015-11-01,Burera,potatoes,208.25
2015-12-01,Burera,potatoes,181.0
2008-01-01,Gakenke,potatoes,85.83333333333333
2008-02-01,Gakenke,potatoes,88.33333333333333
2008-03-01,Gakenke,potatoes,83.33333333333333
2008-04-01,Gakenke,potatoes,79.16666666666667
2008-05-01,Gakenke,potatoes,76.25
2008-06-01,Gakenke,potatoes,111.66666666666667
2008-07-01,Gakenke,potatoes,94.16499999999999
2008-08-01,Gakenke,potatoes,119.16666666666667
2008-09-01,Gakenke,potatoes,115.0
2008-10-01,Gakenke,potatoes,115.0
2008-11-01,Gakenke,potatoes,110.0
2008-12-01,Gakenke,potatoes,110.0
2009-01-01,Gakenke,potatoes,110.0
2009-02-01,Gakenke,potatoes,112.5
2009-03-01,Gakenke,potatoes,125.0
2009-04-01,Gakenke,potatoes,128.125
2009-05-01,Gakenke,potatoes,128.96
2009-06-01,Gakenke,potatoes,117.0
2009-07-01,Gakenke,potatoes,107.5
2009-08-01,Gakenke,potatoes,133.58499999999998
2009-09-01,Gakenke,potatoes,140.625
2009-10-01,Gakenke,potatoes,143.33
2009-11-01,Gakenke,potatoes,122.83500000000001
2009-12-01,Gakenke,potatoes,100.0
2010-01-01,Gakenke,potatoes,95.0
2010-02-01,Gakenke,potatoes,112.5
2010-03-01,Gakenke,potatoes,126.46000000000001
2010-04-01,Gakenke,potatoes,113.75
2010-05-01,Gakenke,potatoes,129.79000000000002
2010-06-01,Gakenke,potatoes,122.29
2010-07-01,Gakenke,potatoes,126.33333333333333
2010-08-01,Gakenke,potatoes,135.965
2010-09-01,Gakenke,potatoes,145.97333333333333
2010-10-01,Gakenke,potatoes,100.0
2010-11-01,Gakenke,potatoes,128.19333333333336
2010-12-01,Gakenke,potatoes,89.44
2011-01-01,Gakenke,potatoes,88.55
2011-02-01,Gakenke,potatoes,98.66666666666667
2011-03-01,Gakenke,potatoes,105.49333333333334
2011-04-01,Gakenke,potatoes,136.97333333333333
2011-05-01,Gakenke,potatoes,131.75
2011-06-01,Gakenke,potatoes,121.125
2011-07-01,Gakenke,potatoes,108.13333333333333
2011-08-01,Gakenke,potatoes,103.775
2011-09-01,Gakenke,potatoes,118.89
2011-10-01,Gakenke,potatoes,128.33333333333334
2011-11-01,Gakenke,potatoes,119.93333333333334
2011-12-01,Gakenke,potatoes,136.83333333333334
2012-01-01,Gakenke,potatoes,144.468
2012-02-01,Gakenke,potatoes,167.8
2012-03-01,Gakenke,potatoes,177.186
2012-04-01,Gakenke,potatoes,178.125
2012-05-01,Gakenke,potatoes,166.75
2012-06-01,Gakenke,potatoes,149.9
2012-07-01,Gakenke,potatoes,165.384
2012-08-01,Gakenke,potatoes,193.048
2012-09-01,Gakenke,potatoes,200.0
2012-10-01,Gakenke,potatoes,186.75
2012-11-01,Gakenke,potatoes,153.5
2012-12-01,Gakenke,potatoes,126.145
2013-01-01,Gakenke,potatoes,141.5
2013-02-01,Gakenke,potatoes,146.4
2013-03-01,Gakenke,potatoes,161.246
2013-04-01,Gakenke,potatoes,169.875
2013-05-01,Gakenke,potatoes,171.2
2013-06-01,Gakenke,potatoes,194.466
2013-07-01,Gakenke,potatoes,202.7075
2013-08-01,Gakenke,potatoes,215.0
2013-09-01,Gakenke,potatoes,256.02
2013-10-01,Gakenke,potatoes,219.0425
2013-11-01,Gakenke,potatoes,158.9375
2013-12-01,Gakenke,potatoes,122.855
2014-01-01,Gakenke,potatoes,126.33400000000002
2014-02-01,Gakenke,potatoes,157.07999999999998
2014-03-01,Gakenke,potatoes,182.316
2014-04-01,Gakenke,potatoes,186.434
2014-05-01,Gakenke,potatoes,173.834
2014-06-01,Gakenke,potatoes,179.6
2014-07-01,Gakenke,potatoes,169.05
2014-08-01,Gakenke,potatoes,180.9175
2014-09-01,Gakenke,potatoes,183.5
2014-10-01,Gakenke,potatoes,180.0
2014-11-01,Gakenke,potatoes,131.3
2014-12-01,Gakenke,potatoes,118.35
2015-01-01,Gakenke,potatoes,130.7
2015-02-01,Gakenke,potatoes,152.634
2015-03-01,Gakenke,potatoes,179.25
2015-04-01,Gakenke,potatoes,177.4375
2015-05-01,Gakenke,potatoes,170.5
2015-06-01,Gakenke,potatoes,165.525
2015-07-01,Gakenke,potatoes,169.6875
2015-08-01,Gakenke,potatoes,190.75
2015-09-01,Gakenke,potatoes,203.5
2015-10-01,Gakenke,potatoes,204.984
2015-11-01,Gakenke,potatoes,207.3125
2015-12-01,Gakenke,potatoes,171.66500000000002
2008-01-01,Gatsibo,potatoes,98.75
2008-02-01,Gatsibo,potatoes,82.5
2008-03-01,Gatsibo,potatoes,95.0
2008-04-01,Gatsibo,potatoes,100.0
2008-05-01,Gatsibo,potatoes,102.5
2008-06-01,Gatsibo,potatoes,105.0
2008-07-01,Gatsibo,potatoes,108.33500000000001
2008-08-01,Gatsibo,potatoes,125.0
2008-10-01,Gatsibo,potatoes,140.0
2008-11-01,Gatsibo,potatoes,170.0
2008-12-01,Gatsibo,potatoes,100.0
2009-01-01,Gatsibo,potatoes,120.0
2009-02-01,Gatsibo,potatoes,127.5
2009-03-01,Gatsibo,potatoes,150.0
2009-05-01,Gatsibo,potatoes,138.75
2009-06-01,Gatsibo,potatoes,117.5
2009-07-01,Gatsibo,potatoes,145.0
2009-09-01,Gatsibo,potatoes,196.25
2009-12-01,Gatsibo,potatoes,112.0
2010-01-01,Gatsibo,potatoes,106.88
2010-04-01,Gatsibo,potatoes,156.25
2010-05-01,Gatsibo,potatoes,143.33
2010-06-01,Gatsibo,potatoes,147.62
2010-07-01,Gatsibo,potatoes,155.0
2010-09-01,Gatsibo,potatoes,220.0
2010-12-01,Gatsibo,potatoes,124.75
2011-01-01,Gatsibo,potatoes,115.25
2011-04-01,Gatsibo,potatoes,168.33
2011-07-01,Gatsibo,potatoes,155.0
2011-08-01,Gatsibo,potatoes,158.0
2011-11-01,Gatsibo,potatoes,138.8
2011-12-01,Gatsibo,potatoes,158.715
2012-01-01,Gatsibo,potatoes,186.5
2012-02-01,Gatsibo,potatoes,182.47500000000002
2012-03-01,Gatsibo,potatoes,201.775
2012-04-01,Gatsibo,potatoes,203.0
2012-05-01,Gatsibo,potatoes,199.43
2012-06-01,Gatsibo,potatoes,179.0
2012-07-01,Gatsibo,potatoes,188.4
2012-08-01,Gatsibo,potatoes,218.56
2012-11-01,Gatsibo,potatoes,174.89
2012-12-01,Gatsibo,potatoes,161.445
2013-01-01,Gatsibo,potatoes,190.43
2013-02-01,Gatsibo,potatoes,186.0
2013-03-01,Gatsibo,potatoes,197.25
2013-04-01,Gatsibo,potatoes,208.79000000000002
2013-05-01,Gatsibo,potatoes,257.88
2013-06-01,Gatsibo,potatoes,220.195
2013-07-01,Gatsibo,potatoes,230.96
2013-08-01,Gatsibo,potatoes,285.56
2013-09-01,Gatsibo,potatoes,287.0
2013-10-01,Gatsibo,potatoes,268.945
2013-11-01,Gatsibo,potatoes,194.0
2013-12-01,Gatsibo,potatoes,155.17
2014-01-01,Gatsibo,potatoes,171.7
2014-02-01,Gatsibo,potatoes,196.785
2014-03-01,Gatsibo,potatoes,227.25
2014-04-01,Gatsibo,potatoes,237.4
2014-05-01,Gatsibo,potatoes,232.38
2014-06-01,Gatsibo,potatoes,215.75
2014-07-01,Gatsibo,potatoes,206.5
2014-08-01,Gatsibo,potatoes,219.12
2014-09-01,Gatsibo,potatoes,222.56
2014-11-01,Gatsibo,potatoes,172.88
2014-12-01,Gatsibo,potatoes,150.83499999999998
2015-01-01,Gatsibo,potatoes,168.62
2015-02-01,Gatsibo,potatoes,201.12
2015-03-01,Gatsibo,potatoes,213.78
2015-04-01,Gatsibo,potatoes,208.83
2015-05-01,Gatsibo,potatoes,206.44
2015-06-01,Gatsibo,potatoes,204.78
2015-07-01,Gatsibo,potatoes,194.51
2015-08-01,Gatsibo,potatoes,210.065
2015-09-01,Gatsibo,potatoes,254.11
2015-10-01,Gatsibo,potatoes,250.11
2015-11-01,Gatsibo,potatoes,250.0
2015-12-01,Gatsibo,potatoes,221.33
2016-09-01,Gatsibo,potatoes,300.0
2016-10-01,Gatsibo,potatoes,305.0
2016-11-01,Gatsibo,potatoes,285.0
2016-12-01,Gatsibo,potatoes,202.5
2017-01-01,Gatsibo,potatoes,210.0
2017-02-01,Gatsibo,potatoes,220.0
2017-03-01,Gatsibo,potatoes,255.0
2017-04-01,Gatsibo,potatoes,235.0
2017-05-01,Gatsibo,potatoes,240.0
2017-06-01,Gatsibo,potatoes,220.0
2017-07-01,Gatsibo,potatoes,250.0
2017-08-01,Gatsibo,potatoes,250.0
2017-09-01,Gatsibo,potatoes,267.5
2017-10-01,Gatsibo,potatoes,272.5
2017-11-01,Gatsibo,potatoes,226.66666666666666
2017-12-01,Gatsibo,potatoes,140.0
2018-01-01,Gatsibo,potatoes,192.5
2018-02-01,Gatsibo,potatoes,203.33333333333334
2018-03-01,Gatsibo,potatoes,235.0
2018-04-01,Gatsibo,potatoes,233.75
2018-05-01,Gatsibo,potatoes,230.0
2018-06-01,Gatsibo,potatoes,231.66666666666666
2018-07-01,Gatsibo,potatoes,250.0
2018-08-01,Gatsibo,potatoes,250.0
2018-09-01,Gatsibo,potatoes,256.6666666666667
2018-10-01,Gatsibo,potatoes,280.5566666666667
2018-11-01,Gatsibo,potatoes,210.0
2018-12-01,Gatsibo,potatoes,150.0
2019-01-01,Gatsibo,potatoes,194.16666666666666
2019-02-01,Gatsibo,potatoes,222.5
2019-03-01,Gatsibo,potatoes,255.0
2019-04-01,Gatsibo,potatoes,245.0
2019-05-01,Gatsibo,potatoes,202.38
2019-06-01,Gatsibo,potatoes,190.0
2019-07-01,Gatsibo,potatoes,223.33
2019-08-01,Gatsibo,potatoes,251.66666666666666
2019-09-01,Gatsibo,potatoes,272.6666666666667
2019-10-01,Gatsibo,potatoes,255.5566666666667
2019-11-01,Gatsibo,potatoes,251.25
2019-12-01,Gatsibo,potatoes,203.75
2020-01-01,Gatsibo,potatoes,246.66666666666666
2020-02-01,Gatsibo,potatoes,300.0
2020-03-01,Gatsibo,potatoes,312.5
2020-04-01,Gatsibo,potatoes,300.0
2020-05-01,Gatsibo,potatoes,278.3333333333333
2020-06-01,Gatsibo,potatoes,303.75
2020-07-01,Gatsibo,potatoes,300.0
2020-08-01,Gatsibo,potatoes,365.0
2020-09-01,Gatsibo,potatoes,400.0
2020-10-01,Gatsibo,potatoes,400.0
2020-11-01,Gatsibo,potatoes,303.3325
2020-12-01,Gatsibo,potatoes,310.0
2021-01-01,Gatsibo,potatoes,253.33333333333334
2021-03-01,Gatsibo,potatoes,287.5
2021-04-01,Gatsibo,potatoes,290.0
2021-05-01,Gatsibo,potatoes,300.0
2021-06-01,Gatsibo,potatoes,291.66499999999996
2021-07-01,Gatsibo,potatoes,250.0
2021-08-01,Gatsibo,potatoes,250.0
2021-09-01,Gatsibo,potatoes,275.0
2021-10-01,Gatsibo,potatoes,237.5
2021-11-01,Gatsibo,potatoes,190.0
2021-12-01,Gatsibo,potatoes,157.9175
2022-01-01,Gatsibo,potatoes,196.66666666666666
2022-02-01,Gatsibo,potatoes,251.66666666666666
2022-03-01,Gatsibo,potatoes,252.5
2022-05-01,Gatsibo,potatoes,275.0
2022-06-01,Gatsibo,potatoes,337.5
2022-07-01,Gatsibo,potatoes,362.5
2022-08-01,Gatsibo,potatoes,380.0
2022-09-01,Gatsibo,potatoes,431.66499999999996
2022-10-01,Gatsibo,potatoes,392.22333333333336
2022-11-01,Gatsibo,potatoes,315.5566666666667
2023-01-01,Gatsibo,potatoes,383.3333333333333
2023-02-01,Gatsibo,potatoes,487.5
2023-03-01,Gatsibo,potatoes,426.6666666666667
2023-04-01,Gatsibo,potatoes,533.335
2023-05-01,Gatsibo,potatoes,450.0
2023-06-01,Gatsibo,potatoes,425.0
2023-07-01,Gatsibo,potatoes,450.0
2023-08-01,Gatsibo,potatoes,483.3333333333333
2023-10-01,Gatsibo,potatoes,552.0825
2023-11-01,Gatsibo,potatoes,437.5
2023-12-01,Gatsibo,potatoes,408.33500000000004
2024-01-01,Gatsibo,potatoes,458.33500000000004
2024-02-01,Gatsibo,potatoes,450.0
2024-03-01,Gatsibo,potatoes,487.5
2024-04-01,Gatsibo,potatoes,562.5
2024-05-01,Gatsibo,potatoes,550.0
2024-06-01,Gatsibo,potatoes,475.0
2024-07-01,Gatsibo,potatoes,450.0
2024-08-01,Gatsibo,potatoes,541.25
2024-09-01,Gatsibo,potatoes,555.0
2024-10-01,Gatsibo,potatoes,593.75
2024-11-01,Gatsibo,potatoes,558.855
2024-12-01,Gatsibo,potatoes,490.625
2025-01-01,Gatsibo,potatoes,441.6666666666667
2025-02-01,Gatsibo,potatoes,454.1666666666667
2025-03-01,Gatsibo,potatoes,485.0
2025-04-01,Gatsibo,potatoes,537.5
2025-05-01,Gatsibo,potatoes,550.0
2025-06-01,Gatsibo,potatoes,483.3333333333333
2025-07-01,Gatsibo,potatoes,441.6666666666667
2025-08-01,Gatsibo,potatoes,483.3333333333333
2025-09-01,Gatsibo,potatoes,536.25
2025-10-01,Gatsibo,potatoes,489.5825
2025-12-01,Gatsibo,potatoes,353.845
2026-01-01,Gatsibo,potatoes,375.0
2026-02-01,Gatsibo,potatoes,458.3333333333333
2026-04-01,Gatsibo,potatoes,500.0
2026-05-01,Gatsibo,potatoes,625.0
2008-01-01,Gicumbi,potatoes,89.16666666666667
2008-02-01,Gicumbi,potatoes,97.5
2008-03-01,Gicumbi,potatoes,103.75
2008-04-01,Gicumbi,potatoes,115.0
2008-05-01,Gicumbi,potatoes,100.83333333333333
2008-06-01,Gicumbi,potatoes,105.41666666666667
2008-07-01,Gicumbi,potatoes,121.66666666666667
2008-08-01,Gicumbi,potatoes,126.66666666666667
2008-09-01,Gicumbi,potatoes,138.33333333333334
2008-10-01,Gicumbi,potatoes,136.25
2008-11-01,Gicumbi,potatoes,120.41666666666667
2008-12-01,Gicumbi,potatoes,105.41666666666667
2009-01-01,Gicumbi,potatoes,109.16666666666667
2009-02-01,Gicumbi,potatoes,118.75
2009-03-01,Gicumbi,potatoes,136.66666666666666
2009-04-01,Gicumbi,potatoes,144.58333333333334
2009-05-01,Gicumbi,potatoes,136.25
2009-06-01,Gicumbi,potatoes,127.94333333333334
2009-07-01,Gicumbi,potatoes,140.75
2009-08-01,Gicumbi,potatoes,162.77666666666667
2009-09-01,Gicumbi,potatoes,184.03333333333333
2009-10-01,Gicumbi,potatoes,183.44333333333336
2009-11-01,Gicumbi,potatoes,159.30666666666664
2009-12-01,Gicumbi,potatoes,103.58333333333333
2010-01-01,Gicumbi,potatoes,106.46
2010-02-01,Gicumbi,potatoes,121.87666666666667
2010-03-01,Gicumbi,potatoes,140.21
2010-04-01,Gicumbi,potatoes,146.73333333333335
2010-05-01,Gicumbi,potatoes,147.29
2010-06-01,Gicumbi,potatoes,143.37666666666667
2010-07-01,Gicumbi,potatoes,142.36
2010-08-01,Gicumbi,potatoes,156.81333333333336
2010-09-01,Gicumbi,potatoes,200.25
2010-10-01,Gicumbi,potatoes,167.61
2010-11-01,Gicumbi,potatoes,175.16666666666666
2010-12-01,Gicumbi,potatoes,121.57333333333334
2011-01-01,Gicumbi,potatoes,112.22333333333334
2011-02-01,Gicumbi,potatoes,121.31333333333333
2011-03-01,Gicumbi,potatoes,136.90666666666667
2011-04-01,Gicumbi,potatoes,159.56
2011-05-01,Gicumbi,potatoes,150.85333333333332
2011-06-01,Gicumbi,potatoes,150.75
2011-07-01,Gicumbi,potatoes,146.95000000000002
2011-08-01,Gicumbi,potatoes,149.58333333333334
2011-09-01,Gicumbi,potatoes,147.56
2011-10-01,Gicumbi,potatoes,156.94333333333336
2011-11-01,Gicumbi,potatoes,138.09333333333333
2011-12-01,Gicumbi,potatoes,137.2175
2012-01-01,Gicumbi,potatoes,148.67000000000002
2012-02-01,Gicumbi,potatoes,175.6275
2012-03-01,Gicumbi,potatoes,205.0725
2012-04-01,Gicumbi,potatoes,196.92000000000002
2012-05-01,Gicumbi,potatoes,179.7475
2012-06-01,Gicumbi,potatoes,157.0125
2012-07-01,Gicumbi,potatoes,172.9025
2012-08-01,Gicumbi,potatoes,212.965
2012-09-01,Gicumbi,potatoes,232.66666666666666
2012-10-01,Gicumbi,potatoes,218.66666666666666
2012-11-01,Gicumbi,potatoes,181.39
2012-12-01,Gicumbi,potatoes,147.22
2013-01-01,Gicumbi,potatoes,150.66500000000002
2013-02-01,Gicumbi,potatoes,150.0
2013-03-01,Gicumbi,potatoes,176.0125
2013-04-01,Gicumbi,potatoes,191.0325
2013-05-01,Gicumbi,potatoes,183.395
2013-06-01,Gicumbi,potatoes,205.465
2013-07-01,Gicumbi,potatoes,212.5275
2013-08-01,Gicumbi,potatoes,237.8775
2013-09-01,Gicumbi,potatoes,239.7025
2013-10-01,Gicumbi,potatoes,241.68
2013-11-01,Gicumbi,potatoes,191.6675
2013-12-01,Gicumbi,potatoes,135.8975
2014-01-01,Gicumbi,potatoes,138.1225
2014-02-01,Gicumbi,potatoes,164.25
2014-03-01,Gicumbi,potatoes,200.8125
2014-04-01,Gicumbi,potatoes,209.3125
2014-05-01,Gicumbi,potatoes,186.125
2014-06-01,Gicumbi,potatoes,200.475
2014-07-01,Gicumbi,potatoes,189.11
2014-08-01,Gicumbi,potatoes,189.5425
2014-09-01,Gicumbi,potatoes,199.62666666666667
2014-10-01,Gicumbi,potatoes,180.32
2014-11-01,Gicumbi,potatoes,149.695
2014-12-01,Gicumbi,potatoes,131.67333333333332
2015-01-01,Gicumbi,potatoes,130.89
2015-02-01,Gicumbi,potatoes,154.0625
2015-03-01,Gicumbi,potatoes,186.75
2015-04-01,Gicumbi,potatoes,195.265
2015-05-01,Gicumbi,potatoes,185.6325
2015-06-01,Gicumbi,potatoes,176.8075
2015-07-01,Gicumbi,potatoes,182.49
2015-08-01,Gicumbi,potatoes,203.22
2015-09-01,Gicumbi,potatoes,210.1825
2015-10-01,Gicumbi,potatoes,216.9075
2015-11-01,Gicumbi,potatoes,223.66
2015-12-01,Gicumbi,potatoes,188.125
2016-08-01,Gicumbi,potatoes,300.0
2016-09-01,Gicumbi,potatoes,275.0
2016-10-01,Gicumbi,potatoes,287.5
2016-11-01,Gicumbi,potatoes,262.5
2016-12-01,Gicumbi,potatoes,200.0
2017-01-01,Gicumbi,potatoes,196.66666666666666
2017-02-01,Gicumbi,potatoes,225.0
2017-03-01,Gicumbi,potatoes,250.0
2017-04-01,Gicumbi,potatoes,290.0
2017-05-01,Gicumbi,potatoes,235.0
2017-06-01,Gicumbi,potatoes,200.0
2017-07-01,Gicumbi,potatoes,225.0
2017-08-01,Gicumbi,potatoes,212.5
2017-09-01,Gicumbi,potatoes,240.0
2017-10-01,Gicumbi,potatoes,275.0
2017-11-01,Gicumbi,potatoes,220.0
2017-12-01,Gicumbi,potatoes,145.0
2018-01-01,Gicumbi,potatoes,161.0
2018-02-01,Gicumbi,potatoes,199.0
2018-03-01,Gicumbi,potatoes,200.0
2018-04-01,Gicumbi,potatoes,206.0
2018-05-01,Gicumbi,potatoes,200.0
2018-06-01,Gicumbi,potatoes,209.0
2018-07-01,Gicumbi,potatoes,218.0
2018-08-01,Gicumbi,potatoes,265.0
2018-09-01,Gicumbi,potatoes,242.5
2018-10-01,Gicumbi,potatoes,255.6
2018-11-01,Gicumbi,potatoes,209.666
2018-12-01,Gicumbi,potatoes,200.0
2019-01-01,Gicumbi,potatoes,186.25
2019-02-01,Gicumbi,potatoes,197.5
2019-03-01,Gicumbi,potatoes,210.2075
2019-04-01,Gicumbi,potatoes,248.89
2019-05-01,Gicumbi,potatoes,226.11
2019-06-01,Gicumbi,potatoes,210.535
2019-07-01,Gicumbi,potatoes,215.8325
2019-08-01,Gicumbi,potatoes,251.66666666666666
2019-09-01,Gicumbi,potatoes,260.5566666666667
2019-10-01,Gicumbi,potatoes,224.58499999999998
2019-11-01,Gicumbi,potatoes,211.0425
2019-12-01,Gicumbi,potatoes,200.0
2020-01-01,Gicumbi,potatoes,226.25
2020-02-01,Gicumbi,potatoes,254.44333333333336
2020-03-01,Gicumbi,potatoes,261.66499999999996
2020-04-01,Gicumbi,potatoes,276.6675
2020-05-01,Gicumbi,potatoes,297.77666666666664
2020-06-01,Gicumbi,potatoes,283.33500000000004
2020-07-01,Gicumbi,potatoes,345.0
2020-08-01,Gicumbi,potatoes,345.0
2020-09-01,Gicumbi,potatoes,408.33500000000004
2020-10-01,Gicumbi,potatoes,365.0
2020-11-01,Gicumbi,potatoes,258.33500000000004
2020-12-01,Gicumbi,potatoes,278.33500000000004
2021-01-01,Gicumbi,potatoes,236.66666666666666
2021-03-01,Gicumbi,potatoes,250.0
2021-04-01,Gicumbi,potatoes,252.5
2021-05-01,Gicumbi,potatoes,300.0
2021-06-01,Gicumbi,potatoes,267.5
2021-07-01,Gicumbi,potatoes,247.5
2021-08-01,Gicumbi,potatoes,262.5
2021-09-01,Gicumbi,potatoes,276.6666666666667
2021-10-01,Gicumbi,potatoes,250.0
2008-01-01,Gisagara,potatoes,110.0
2008-02-01,Gisagara,potatoes,93.75
2008-03-01,Gisagara,potatoes,93.75
2008-04-01,Gisagara,potatoes,92.5
2008-05-01,Gisagara,potatoes,100.0
2008-06-01,Gisagara,potatoes,118.0
2008-07-01,Gisagara,potatoes,123.33
2008-08-01,Gisagara,potatoes,115.0
2008-09-01,Gisagara,potatoes,120.0
2008-10-01,Gisagara,potatoes,155.0
2008-11-01,Gisagara,potatoes,116.0
2008-12-01,Gisagara,potatoes,110.0
2009-01-01,Gisagara,potatoes,117.5
2009-02-01,Gisagara,potatoes,123.75
2009-03-01,Gisagara,potatoes,115.0
2009-04-01,Gisagara,potatoes,100.83
2009-05-01,Gisagara,potatoes,120.5
2009-06-01,Gisagara,potatoes,123.75
2009-07-01,Gisagara,potatoes,114.25
2009-08-01,Gisagara,potatoes,135.75
2009-09-01,Gisagara,potatoes,163.0
2009-10-01,Gisagara,potatoes,130.75
2009-11-01,Gisagara,potatoes,116.58
2009-12-01,Gisagara,potatoes,104.08
2010-01-01,Gisagara,potatoes,97.62
2010-02-01,Gisagara,potatoes,102.92
2010-03-01,Gisagara,potatoes,122.5
2010-04-01,Gisagara,potatoes,126.5
2010-05-01,Gisagara,potatoes,116.75
2010-06-01,Gisagara,potatoes,132.8
2010-07-01,Gisagara,potatoes,123.96
2010-08-01,Gisagara,potatoes,127.83
2010-09-01,Gisagara,potatoes,153.53
2010-10-01,Gisagara,potatoes,150.0
2010-11-01,Gisagara,potatoes,137.0
2010-12-01,Gisagara,potatoes,128.21
2011-01-01,Gisagara,potatoes,101.5
2011-02-01,Gisagara,potatoes,100.33
2011-03-01,Gisagara,potatoes,108.6
2011-04-01,Gisagara,potatoes,131.33
2011-05-01,Gisagara,potatoes,146.0
2011-06-01,Gisagara,potatoes,150.75
2011-07-01,Gisagara,potatoes,131.0
2011-08-01,Gisagara,potatoes,120.0
2011-09-01,Gisagara,potatoes,135.5
2011-10-01,Gisagara,potatoes,141.25
2011-11-01,Gisagara,potatoes,134.6
2011-12-01,Gisagara,potatoes,151.0
2012-01-01,Gisagara,potatoes,152.5
2012-02-01,Gisagara,potatoes,130.0
2012-03-01,Gisagara,potatoes,149.0
2012-04-01,Gisagara,potatoes,163.75
2012-05-01,Gisagara,potatoes,174.0
2012-06-01,Gisagara,potatoes,173.75
2012-07-01,Gisagara,potatoes,165.0
2012-08-01,Gisagara,potatoes,194.0
2012-11-01,Gisagara,potatoes,164.5
2012-12-01,Gisagara,potatoes,152.5
2013-01-01,Gisagara,potatoes,138.4
2013-02-01,Gisagara,potatoes,158.0
2013-03-01,Gisagara,potatoes,176.75
2013-04-01,Gisagara,potatoes,181.75
2013-05-01,Gisagara,potatoes,167.75
2013-06-01,Gisagara,potatoes,249.0
2013-07-01,Gisagara,potatoes,206.83
2013-08-01,Gisagara,potatoes,229.25
2013-09-01,Gisagara,potatoes,271.75
2013-10-01,Gisagara,potatoes,244.4
2013-11-01,Gisagara,potatoes,168.75
2013-12-01,Gisagara,potatoes,144.0
2014-01-01,Gisagara,potatoes,131.5
2014-02-01,Gisagara,potatoes,150.0
2014-03-01,Gisagara,potatoes,173.33
2014-04-01,Gisagara,potatoes,164.8
2014-05-01,Gisagara,potatoes,188.0
2014-06-01,Gisagara,potatoes,182.0
2014-07-01,Gisagara,potatoes,143.0
2014-08-01,Gisagara,potatoes,139.33
2014-09-01,Gisagara,potatoes,182.0
2014-10-01,Gisagara,potatoes,168.5
2014-11-01,Gisagara,potatoes,140.5
2014-12-01,Gisagara,potatoes,137.0
2015-01-01,Gisagara,potatoes,131.25
2015-02-01,Gisagara,potatoes,132.67
2015-03-01,Gisagara,potatoes,142.5
2015-04-01,Gisagara,potatoes,167.0
2015-05-01,Gisagara,potatoes,172.75
2015-06-01,Gisagara,potatoes,147.75
2015-07-01,Gisagara,potatoes,168.4
2015-08-01,Gisagara,potatoes,196.75
2015-09-01,Gisagara,potatoes,216.8
2015-10-01,Gisagara,potatoes,214.25
2015-11-01,Gisagara,potatoes,160.25
2015-12-01,Gisagara,potatoes,156.0
2016-11-01,Gisagara,potatoes,255.0
2016-12-01,Gisagara,potatoes,237.5
2017-01-01,Gisagara,potatoes,200.0
2017-02-01,Gisagara,potatoes,220.0
2017-03-01,Gisagara,potatoes,263.3333333333333
2017-04-01,Gisagara,potatoes,277.5
2017-05-01,Gisagara,potatoes,248.33333333333334
2017-06-01,Gisagara,potatoes,245.0
2017-07-01,Gisagara,potatoes,250.0
2017-08-01,Gisagara,potatoes,255.0
2017-09-01,Gisagara,potatoes,273.3333333333333
2017-10-01,Gisagara,potatoes,253.33333333333334
2017-11-01,Gisagara,potatoes,216.66666666666666
2017-12-01,Gisagara,potatoes,188.75
2018-01-01,Gisagara,potatoes,183.33333333333334
2018-02-01,Gisagara,potatoes,193.33333333333334
2018-03-01,Gisagara,potatoes,206.66666666666666
2018-04-01,Gisagara,potatoes,250.0
2018-05-01,Gisagara,potatoes,250.0
2018-06-01,Gisagara,potatoes,260.0
2018-07-01,Gisagara,potatoes,250.0
2018-08-01,Gisagara,potatoes,293.75
2018-09-01,Gisagara,potatoes,265.0
2018-10-01,Gisagara,potatoes,250.0
2018-11-01,Gisagara,potatoes,239.44333333333336
2018-12-01,Gisagara,potatoes,223.33333333333334
2019-01-01,Gisagara,potatoes,203.666
2019-02-01,Gisagara,potatoes,210.8325
2019-03-01,Gisagara,potatoes,238.3325
2019-04-01,Gisagara,potatoes,253.33333333333334
2019-05-01,Gisagara,potatoes,255.0
2019-06-01,Gisagara,potatoes,242.3325
2019-07-01,Gisagara,potatoes,251.66666666666666
2019-08-01,Gisagara,potatoes,266.67
2019-09-01,Gisagara,potatoes,285.4175
2019-10-01,Gisagara,potatoes,267.9175
2019-11-01,Gisagara,potatoes,248.46599999999998
2019-12-01,Gisagara,potatoes,260.4175
2020-01-01,Gisagara,potatoes,289.2
2020-02-01,Gisagara,potatoes,331.25
2020-03-01,Gisagara,potatoes,396.01
2020-04-01,Gisagara,potatoes,301.6666666666667
2020-05-01,Gisagara,potatoes,305.024
2020-06-01,Gisagara,potatoes,314.2866666666667
2020-07-01,Gisagara,potatoes,351.6666666666667
2020-08-01,Gisagara,potatoes,379.1666666666667
2020-09-01,Gisagara,potatoes,381.0
2020-10-01,Gisagara,potatoes,323.0566666666667
2020-11-01,Gisagara,potatoes,296.0
2020-12-01,Gisagara,potatoes,250.0
2021-01-01,Gisagara,potatoes,259.4433333333333
2021-03-01,Gisagara,potatoes,291.6666666666667
2021-04-01,Gisagara,potatoes,299.4433333333333
2021-05-01,Gisagara,potatoes,285.555
2021-06-01,Gisagara,potatoes,283.09666666666664
2021-07-01,Gisagara,potatoes,273.75
2021-08-01,Gisagara,potatoes,283.3333333333333
2021-09-01,Gisagara,potatoes,297.0366666666667
2021-10-01,Gisagara,potatoes,222.91500000000002
2021-11-01,Gisagara,potatoes,221.38666666666668
2021-12-01,Gisagara,potatoes,215.07600000000002
2022-01-01,Gisagara,potatoes,234.11
2022-02-01,Gisagara,potatoes,227.14249999999998
2022-03-01,Gisagara,potatoes,269.5233333333333
2022-05-01,Gisagara,potatoes,348.6666666666667
2022-06-01,Gisagara,potatoes,354.4466666666667
2022-07-01,Gisagara,potatoes,372.45666666666665
2022-08-01,Gisagara,potatoes,381.25
2022-09-01,Gisagara,potatoes,373.3333333333333
2022-10-01,Gisagara,potatoes,386.6666666666667
2022-11-01,Gisagara,potatoes,400.0
2023-01-01,Gisagara,potatoes,397.77666666666664
2023-02-01,Gisagara,potatoes,433.916
2023-03-01,Gisagara,potatoes,470.0
2023-04-01,Gisagara,potatoes,493.75
2023-05-01,Gisagara,potatoes,463.6666666666667
2023-06-01,Gisagara,potatoes,463.5
2023-07-01,Gisagara,potatoes,416.6666666666667
2023-08-01,Gisagara,potatoes,485.0
2023-10-01,Gisagara,potatoes,563.1933333333333
2023-11-01,Gisagara,potatoes,508.3333333333333
2023-12-01,Gisagara,potatoes,400.0
2024-01-01,Gisagara,potatoes,400.0
2024-02-01,Gisagara,potatoes,450.0
2024-03-01,Gisagara,potatoes,508.3333333333333
2024-04-01,Gisagara,potatoes,591.6666666666666
2024-05-01,Gisagara,potatoes,600.0
2024-06-01,Gisagara,potatoes,525.0
2024-07-01,Gisagara,potatoes,491.6666666666667
2024-08-01,Gisagara,potatoes,593.75
2024-09-01,Gisagara,potatoes,600.0
2024-10-01,Gisagara,potatoes,623.3333333333334
2024-11-01,Gisagara,potatoes,586.6666666666666
2024-12-01,Gisagara,potatoes,510.0
2025-01-01,Gisagara,potatoes,450.0
2025-02-01,Gisagara,potatoes,425.0
2025-03-01,Gisagara,potatoes,533.3325
2025-04-01,Gisagara,potatoes,546.875
2025-05-01,Gisagara,potatoes,550.0
2025-06-01,Gisagara,potatoes,556.25
2025-07-01,Gisagara,potatoes,450.0
2025-08-01,Gisagara,potatoes,482.5
2025-09-01,Gisagara,potatoes,518.75
2025-10-01,Gisagara,potatoes,558.572
2025-12-01,Gisagara,potatoes,475.0
2026-01-01,Gisagara,potatoes,453.7033333333334
2026-02-01,Gisagara,potatoes,493.75
2026-04-01,Gisagara,potatoes,575.0
2026-05-01,Gisagara,potatoes,700.0
2008-01-01,Huye,potatoes,111.66666666666667
2008-02-01,Huye,potatoes,115.83333333333333
2008-03-01,Huye,potatoes,114.16666666666667
2008-04-01,Huye,potatoes,115.0
2008-05-01,Huye,potatoes,110.0
2008-06-01,Huye,potatoes,122.5
2008-07-01,Huye,potatoes,128.33333333333334
2008-08-01,Huye,potatoes,145.83333333333334
2008-09-01,Huye,potatoes,149.16666666666666
2008-10-01,Huye,potatoes,124.375
2008-11-01,Huye,potatoes,138.75
2008-12-01,Huye,potatoes,132.5
2009-01-01,Huye,potatoes,146.25
2009-02-01,Huye,potatoes,150.625
2009-03-01,Huye,potatoes,165.0
2009-04-01,Huye,potatoes,165.0
2009-05-01,Huye,potatoes,158.54000000000002
2009-06-01,Huye,potatoes,142.5
2009-07-01,Huye,potatoes,137.91500000000002
2009-08-01,Huye,potatoes,164.625
2009-09-01,Huye,potatoes,197.08499999999998
2009-10-01,Huye,potatoes,194.58499999999998
2009-11-01,Huye,potatoes,162.0
2009-12-01,Huye,potatoes,118.0
2010-01-01,Huye,potatoes,121.66499999999999
2010-02-01,Huye,potatoes,134.16500000000002
2010-03-01,Huye,potatoes,153.95999999999998
2010-04-01,Huye,potatoes,157.91500000000002
2010-05-01,Huye,potatoes,165.41500000000002
2010-06-01,Huye,potatoes,152.79000000000002
2010-07-01,Huye,potatoes,164.5
2010-08-01,Huye,potatoes,178.625
2010-09-01,Huye,potatoes,205.0
2010-11-01,Huye,potatoes,176.5
2010-12-01,Huye,potatoes,133.91500000000002
2011-01-01,Huye,potatoes,128.83499999999998
2011-02-01,Huye,potatoes,126.66999999999999
2011-03-01,Huye,potatoes,138.0
2011-04-01,Huye,potatoes,157.25
2011-05-01,Huye,potatoes,164.9
2011-06-01,Huye,potatoes,157.28
2011-07-01,Huye,potatoes,151.43
2011-08-01,Huye,potatoes,148.5
2011-09-01,Huye,potatoes,150.36
2011-10-01,Huye,potatoes,156.61
2011-11-01,Huye,potatoes,151.125
2011-12-01,Huye,potatoes,147.70666666666668
2012-01-01,Huye,potatoes,161.085
2012-02-01,Huye,potatoes,180.79500000000002
2012-03-01,Huye,potatoes,205.625
2012-04-01,Huye,potatoes,193.05
2012-05-01,Huye,potatoes,195.324
2012-06-01,Huye,potatoes,177.816
2012-07-01,Huye,potatoes,191.75
2012-08-01,Huye,potatoes,203.69500000000002
2012-09-01,Huye,potatoes,240.0
2012-10-01,Huye,potatoes,230.0
2012-11-01,Huye,potatoes,180.2
2012-12-01,Huye,potatoes,151.988
2013-01-01,Huye,potatoes,166.036
2013-02-01,Huye,potatoes,167.8
2013-03-01,Huye,potatoes,177.79000000000002
2013-04-01,Huye,potatoes,185.64600000000002
2013-05-01,Huye,potatoes,187.66
2013-06-01,Huye,potatoes,212.006
2013-07-01,Huye,potatoes,211.97600000000003
2013-08-01,Huye,potatoes,239.68200000000002
2013-09-01,Huye,potatoes,247.074
2013-10-01,Huye,potatoes,233.97199999999998
2013-11-01,Huye,potatoes,188.754
2013-12-01,Huye,potatoes,150.67000000000002
2014-01-01,Huye,potatoes,148.072
2014-02-01,Huye,potatoes,162.89600000000002
2014-03-01,Huye,potatoes,199.954
2014-04-01,Huye,potatoes,212.13600000000002
2014-05-01,Huye,potatoes,203.91
2014-06-01,Huye,potatoes,198.478
2014-07-01,Huye,potatoes,184.654
2014-08-01,Huye,potatoes,197.73
2014-09-01,Huye,potatoes,209.17200000000003
2014-10-01,Huye,potatoes,216.66500000000002
2014-11-01,Huye,potatoes,155.76600000000002
2014-12-01,Huye,potatoes,146.655
2015-01-01,Huye,potatoes,142.8125
2015-02-01,Huye,potatoes,165.47
2015-03-01,Huye,potatoes,179.4925
2015-04-01,Huye,potatoes,195.568
2015-05-01,Huye,potatoes,186.89000000000001
2015-06-01,Huye,potatoes,181.394
2015-07-01,Huye,potatoes,191.934
2015-08-01,Huye,potatoes,217.122
2015-09-01,Huye,potatoes,234.32
2015-10-01,Huye,potatoes,222.544
2015-11-01,Huye,potatoes,223.08
2015-12-01,Huye,potatoes,192.35
2008-11-01,Kamonyi,potatoes,120.0
2008-12-01,Kamonyi,potatoes,113.75
2009-01-01,Kamonyi,potatoes,135.0
2009-02-01,Kamonyi,potatoes,130.0
2009-03-01,Kamonyi,potatoes,130.0
2009-04-01,Kamonyi,potatoes,135.0
2009-05-01,Kamonyi,potatoes,137.5
2009-06-01,Kamonyi,potatoes,124.38
2009-07-01,Kamonyi,potatoes,122.7
2009-08-01,Kamonyi,potatoes,145.0
2009-09-01,Kamonyi,potatoes,182.17
2009-10-01,Kamonyi,potatoes,161.25
2009-11-01,Kamonyi,potatoes,130.5
2009-12-01,Kamonyi,potatoes,107.5
2010-01-01,Kamonyi,potatoes,135.625
2010-02-01,Kamonyi,potatoes,112.5
2010-03-01,Kamonyi,potatoes,135.0
2010-04-01,Kamonyi,potatoes,132.08
2010-05-01,Kamonyi,potatoes,126.88
2010-06-01,Kamonyi,potatoes,136.0
2010-07-01,Kamonyi,potatoes,147.01999999999998
2010-08-01,Kamonyi,potatoes,159.375
2010-09-01,Kamonyi,potatoes,180.625
2010-10-01,Kamonyi,potatoes,170.0
2010-11-01,Kamonyi,potatoes,137.29000000000002
2010-12-01,Kamonyi,potatoes,110.0
2011-01-01,Kamonyi,potatoes,101.95
2011-02-01,Kamonyi,potatoes,111.5
2011-03-01,Kamonyi,potatoes,128.25
2011-04-01,Kamonyi,potatoes,152.05
2011-05-01,Kamonyi,potatoes,150.75
2011-06-01,Kamonyi,potatoes,151.625
2011-07-01,Kamonyi,potatoes,148.7
2011-08-01,Kamonyi,potatoes,287.0
2011-09-01,Kamonyi,potatoes,144.54000000000002
2011-10-01,Kamonyi,potatoes,143.325
2011-11-01,Kamonyi,potatoes,130.875
2011-12-01,Kamonyi,potatoes,144.48333333333332
2012-01-01,Kamonyi,potatoes,157.0
2012-02-01,Kamonyi,potatoes,188.125
2012-03-01,Kamonyi,potatoes,212.5
2012-04-01,Kamonyi,potatoes,185.0
2012-05-01,Kamonyi,potatoes,176.66666666666666
2012-06-01,Kamonyi,potatoes,169.16666666666666
2012-07-01,Kamonyi,potatoes,197.5
2012-08-01,Kamonyi,potatoes,216.06333333333336
2012-09-01,Kamonyi,potatoes,230.0
2012-10-01,Kamonyi,potatoes,220.0
2012-11-01,Kamonyi,potatoes,163.70000000000002
2012-12-01,Kamonyi,potatoes,140.83333333333334
2013-01-01,Kamonyi,potatoes,158.0
2013-02-01,Kamonyi,potatoes,160.33333333333334
2013-03-01,Kamonyi,potatoes,166.11
2013-04-01,Kamonyi,potatoes,193.33333333333334
2013-05-01,Kamonyi,potatoes,200.0
2013-08-01,Kamonyi,potatoes,240.0
2013-09-01,Kamonyi,potatoes,231.58499999999998
2013-10-01,Kamonyi,potatoes,242.5
2013-11-01,Kamonyi,potatoes,188.91666666666666
2013-12-01,Kamonyi,potatoes,138.44666666666666
2014-01-01,Kamonyi,potatoes,146.94333333333336
2014-02-01,Kamonyi,potatoes,175.83333333333334
2014-03-01,Kamonyi,potatoes,191.83333333333334
2014-04-01,Kamonyi,potatoes,215.83333333333334
2014-05-01,Kamonyi,potatoes,190.0
2014-06-01,Kamonyi,potatoes,191.55333333333337
2014-07-01,Kamonyi,potatoes,200.0
2014-08-01,Kamonyi,potatoes,198.33333333333334
2014-09-01,Kamonyi,potatoes,204.0
2014-10-01,Kamonyi,potatoes,180.0
2014-11-01,Kamonyi,potatoes,146.11
2014-12-01,Kamonyi,potatoes,126.11
2015-01-01,Kamonyi,potatoes,143.33333333333334
2015-04-01,Kamonyi,potatoes,196.53333333333333
2015-05-01,Kamonyi,potatoes,173.33333333333334
2015-06-01,Kamonyi,potatoes,151.66666666666666
2015-07-01,Kamonyi,potatoes,163.33333333333334
2015-08-01,Kamonyi,potatoes,192.33333333333334
2015-09-01,Kamonyi,potatoes,228.33333333333334
2015-10-01,Kamonyi,potatoes,225.16666666666666
2015-11-01,Kamonyi,potatoes,226.66666666666666
2015-12-01,Kamonyi,potatoes,183.61
2012-04-01,Karongi,potatoes,190.0
2012-05-01,Karongi,potatoes,197.0
2012-06-01,Karongi,potatoes,186.25
2012-07-01,Karongi,potatoes,196.67
2012-08-01,Karongi,potatoes,208.0
2012-11-01,Karongi,potatoes,185.75
2012-12-01,Karongi,potatoes,166.0
2013-01-01,Karongi,potatoes,145.6
2013-02-01,Karongi,potatoes,190.0
2013-03-01,Karongi,potatoes,190.75
2013-04-01,Karongi,potatoes,195.75
2013-05-01,Karongi,potatoes,187.0
2013-06-01,Karongi,potatoes,244.0
2013-07-01,Karongi,potatoes,239.83
2013-08-01,Karongi,potatoes,254.2
2013-09-01,Karongi,potatoes,284.0
2013-10-01,Karongi,potatoes,259.2
2013-11-01,Karongi,potatoes,176.0
2013-12-01,Karongi,potatoes,137.0
2014-01-01,Karongi,potatoes,150.0
2014-02-01,Karongi,potatoes,162.75
2014-03-01,Karongi,potatoes,185.0
2014-04-01,Karongi,potatoes,188.0
2014-05-01,Karongi,potatoes,200.0
2014-06-01,Karongi,potatoes,201.75
2014-07-01,Karongi,potatoes,182.5
2014-08-01,Karongi,potatoes,200.0
2014-09-01,Karongi,potatoes,234.33
2014-10-01,Karongi,potatoes,193.0
2014-11-01,Karongi,potatoes,165.25
2014-12-01,Karongi,potatoes,144.0
2015-01-01,Karongi,potatoes,130.0
2015-02-01,Karongi,potatoes,153.67
2015-03-01,Karongi,potatoes,156.25
2015-04-01,Karongi,potatoes,191.2
2015-05-01,Karongi,potatoes,185.0
2015-06-01,Karongi,potatoes,164.5
2015-07-01,Karongi,potatoes,203.6
2015-08-01,Karongi,potatoes,241.75
2015-09-01,Karongi,potatoes,227.4
2015-10-01,Karongi,potatoes,235.75
2015-11-01,Karongi,potatoes,175.75
2015-12-01,Karongi,potatoes,163.75
2016-11-01,Karongi,potatoes,250.0
2016-12-01,Karongi,potatoes,245.0
2017-01-01,Karongi,potatoes,216.66666666666666
2017-02-01,Karongi,potatoes,220.0
2017-03-01,Karongi,potatoes,233.33333333333334
2017-04-01,Karongi,potatoes,243.75
2017-05-01,Karongi,potatoes,200.0
2017-06-01,Karongi,potatoes,256.6666666666667
2017-07-01,Karongi,potatoes,237.5
2017-08-01,Karongi,potatoes,246.66666666666666
2017-09-01,Karongi,potatoes,257.5
2017-10-01,Karongi,potatoes,235.0
2017-11-01,Karongi,potatoes,190.0
2017-12-01,Karongi,potatoes,146.25
2018-01-01,Karongi,potatoes,160.0
2018-02-01,Karongi,potatoes,173.33333333333334
2018-03-01,Karongi,potatoes,210.0
2018-04-01,Karongi,potatoes,197.5
2018-05-01,Karongi,potatoes,231.66666666666666
2018-06-01,Karongi,potatoes,252.5
2018-07-01,Karongi,potatoes,280.0
2018-08-01,Karongi,potatoes,290.0
2018-09-01,Karongi,potatoes,260.0
2018-10-01,Karongi,potatoes,217.9175
2018-11-01,Karongi,potatoes,207.5
2018-12-01,Karongi,potatoes,201.11
2019-01-01,Karongi,potatoes,186.6675
2019-02-01,Karongi,potatoes,210.0
2019-03-01,Karongi,potatoes,228.3325
2019-04-01,Karongi,potatoes,227.5
2019-05-01,Karongi,potatoes,239.44333333333336
2019-06-01,Karongi,potatoes,240.0
2019-07-01,Karongi,potatoes,233.33333333333334
2019-08-01,Karongi,potatoes,258.89
2019-09-01,Karongi,potatoes,251.25
2019-10-01,Karongi,potatoes,240.0
2019-11-01,Karongi,potatoes,230.0
2019-12-01,Karongi,potatoes,216.25
2020-01-01,Karongi,potatoes,246.25
2020-02-01,Karongi,potatoes,307.5
2020-03-01,Karongi,potatoes,310.0
2020-04-01,Karongi,potatoes,287.5
2020-05-01,Karongi,potatoes,304.1675
2020-06-01,Karongi,potatoes,363.33
2020-07-01,Karongi,potatoes,331.6675
2020-08-01,Karongi,potatoes,367.5
2020-09-01,Karongi,potatoes,387.5
2020-10-01,Karongi,potatoes,345.0
2020-11-01,Karongi,potatoes,328.3333333333333
2020-12-01,Karongi,potatoes,290.0
2021-01-01,Karongi,potatoes,260.0
2021-03-01,Karongi,potatoes,248.33333333333334
2021-04-01,Karongi,potatoes,273.3333333333333
2021-05-01,Karongi,potatoes,265.0
2021-06-01,Karongi,potatoes,276.6666666666667
2021-07-01,Karongi,potatoes,250.0
2021-08-01,Karongi,potatoes,250.0
2021-09-01,Karongi,potatoes,237.5
2021-10-01,Karongi,potatoes,205.0
2021-11-01,Karongi,potatoes,192.5
2021-12-01,Karongi,potatoes,192.5
2022-01-01,Karongi,potatoes,200.0
2022-02-01,Karongi,potatoes,250.0
2022-03-01,Karongi,potatoes,270.0
2022-05-01,Karongi,potatoes,350.0
2022-06-01,Karongi,potatoes,360.0
2022-07-01,Karongi,potatoes,360.0
2022-08-01,Karongi,potatoes,360.0
2022-09-01,Karongi,potatoes,370.0
2022-10-01,Karongi,potatoes,371.6666666666667
2022-11-01,Karongi,potatoes,385.0
2023-01-01,Karongi,potatoes,436.6666666666667
2023-02-01,Karongi,potatoes,442.5
2023-03-01,Karongi,potatoes,473.3333333333333
2023-04-01,Karongi,potatoes,476.25
2023-05-01,Karongi,potatoes,456.67
2023-06-01,Karongi,potatoes,470.0
2023-07-01,Karongi,potatoes,475.0
2023-08-01,Karongi,potatoes,491.665
2023-10-01,Karongi,potatoes,546.25
2023-11-01,Karongi,potatoes,574.0
2023-12-01,Karongi,potatoes,436.6666666666667
2024-01-01,Karongi,potatoes,447.22333333333336
2024-02-01,Karongi,potatoes,462.5
2024-03-01,Karongi,potatoes,502.1666666666667
2024-04-01,Karongi,potatoes,555.0
2024-05-01,Karongi,potatoes,578.75
2024-06-01,Karongi,potatoes,561.11
2024-07-01,Karongi,potatoes,612.5
2024-08-01,Karongi,potatoes,589.165
2024-09-01,Karongi,potatoes,631.6666666666666
2024-10-01,Karongi,potatoes,614.25
2024-11-01,Karongi,potatoes,599.6725
2024-12-01,Karongi,potatoes,500.0
2025-01-01,Karongi,potatoes,452.5
2025-02-01,Karongi,potatoes,489.5833333333333
2025-03-01,Karongi,potatoes,500.0
2025-04-01,Karongi,potatoes,556.25
2025-05-01,Karongi,potatoes,525.0
2025-06-01,Karongi,potatoes,558.335
2025-07-01,Karongi,potatoes,519.1666666666666
2025-08-01,Karongi,potatoes,477.77666666666664
2025-09-01,Karongi,potatoes,485.0
2025-10-01,Karongi,potatoes,512.5
2025-12-01,Karongi,potatoes,457.5
2026-01-01,Karongi,potatoes,575.0
2026-02-01,Karongi,potatoes,531.25
2026-04-01,Karongi,potatoes,533.3333333333334
2026-05-01,Karongi,potatoes,695.835
2008-01-01,Kayonza,potatoes,80.0
2008-02-01,Kayonza,potatoes,76.25
2008-03-01,Kayonza,potatoes,72.5
2008-04-01,Kayonza,potatoes,110.0
2008-05-01,Kayonza,potatoes,97.5
2008-06-01,Kayonza,potatoes,82.5
2008-07-01,Kayonza,potatoes,95.0
2008-08-01,Kayonza,potatoes,150.0
2008-09-01,Kayonza,potatoes,120.0
2008-10-01,Kayonza,potatoes,113.75
2010-07-01,Kayonza,potatoes,136.67
2010-08-01,Kayonza,potatoes,166.5
2010-09-01,Kayonza,potatoes,204.0
2010-10-01,Kayonza,potatoes,137.0
2010-11-01,Kayonza,potatoes,169.83
2010-12-01,Kayonza,potatoes,138.0
2011-01-01,Kayonza,potatoes,114.0
2011-02-01,Kayonza,potatoes,121.0
2011-03-01,Kayonza,potatoes,140.75
2011-04-01,Kayonza,potatoes,162.5
2011-05-01,Kayonza,potatoes,151.4
2011-06-01,Kayonza,potatoes,141.75
2011-07-01,Kayonza,potatoes,153.33
2011-08-01,Kayonza,potatoes,152.0
2011-09-01,Kayonza,potatoes,152.5
2011-10-01,Kayonza,potatoes,158.0
2011-11-01,Kayonza,potatoes,126.5
2011-12-01,Kayonza,potatoes,115.25
2012-01-01,Kayonza,potatoes,134.25
2012-02-01,Kayonza,potatoes,161.0
2012-03-01,Kayonza,potatoes,185.25
2012-04-01,Kayonza,potatoes,198.8
2012-05-01,Kayonza,potatoes,197.0
2012-06-01,Kayonza,potatoes,154.2
2012-07-01,Kayonza,potatoes,175.2
2012-08-01,Kayonza,potatoes,204.0
2012-09-01,Kayonza,potatoes,233.0
2012-10-01,Kayonza,potatoes,225.0
2012-11-01,Kayonza,potatoes,181.25
2012-12-01,Kayonza,potatoes,146.25
2013-01-01,Kayonza,potatoes,157.67
2013-02-01,Kayonza,potatoes,153.0
2013-03-01,Kayonza,potatoes,174.75
2013-04-01,Kayonza,potatoes,193.75
2013-05-01,Kayonza,potatoes,188.33
2013-06-01,Kayonza,potatoes,196.67
2013-07-01,Kayonza,potatoes,218.75
2013-08-01,Kayonza,potatoes,235.0
2013-09-01,Kayonza,potatoes,255.0
2013-10-01,Kayonza,potatoes,246.25
2013-11-01,Kayonza,potatoes,196.25
2013-12-01,Kayonza,potatoes,143.0
2014-01-01,Kayonza,potatoes,138.33
2014-02-01,Kayonza,potatoes,165.0
2014-03-01,Kayonza,potatoes,212.0
2014-04-01,Kayonza,potatoes,228.33
2014-05-01,Kayonza,potatoes,195.0
2014-06-01,Kayonza,potatoes,195.4
2014-07-01,Kayonza,potatoes,205.0
2014-08-01,Kayonza,potatoes,213.75
2014-09-01,Kayonza,potatoes,216.25
2014-10-01,Kayonza,potatoes,210.0
2014-11-01,Kayonza,potatoes,162.5
2014-12-01,Kayonza,potatoes,129.2
2015-01-01,Kayonza,potatoes,136.25
2015-02-01,Kayonza,potatoes,158.33
2015-03-01,Kayonza,potatoes,207.5
2015-04-01,Kayonza,potatoes,196.67
2015-05-01,Kayonza,potatoes,197.5
2015-06-01,Kayonza,potatoes,181.8
2015-07-01,Kayonza,potatoes,193.0
2015-08-01,Kayonza,potatoes,216.25
2015-09-01,Kayonza,potatoes,220.0
2015-10-01,Kayonza,potatoes,227.5
2015-11-01,Kayonza,potatoes,229.0
2015-12-01,Kayonza,potatoes,200.0
2008-01-01,Kicukiro,potatoes,102.5
2008-02-01,Kicukiro,potatoes,100.0
2008-03-01,Kicukiro,potatoes,92.5
2008-04-01,Kicukiro,potatoes,95.0
2008-05-01,Kicukiro,potatoes,90.0
2008-06-01,Kicukiro,potatoes,111.25
2008-07-01,Kicukiro,potatoes,121.67
2008-08-01,Kicukiro,potatoes,130.0
2008-09-01,Kicukiro,potatoes,137.5
2008-10-01,Kicukiro,potatoes,126.25
2008-11-01,Kicukiro,potatoes,130.0
2008-12-01,Kicukiro,potatoes,115.0
2009-01-01,Kicukiro,potatoes,125.0
2009-02-01,Kicukiro,potatoes,128.75
2009-03-01,Kicukiro,potatoes,125.0
2009-04-01,Kicukiro,potatoes,127.5
2009-05-01,Kicukiro,potatoes,135.0
2009-06-01,Kicukiro,potatoes,123.75
2009-07-01,Kicukiro,potatoes,123.88
2009-08-01,Kicukiro,potatoes,143.12
2009-09-01,Kicukiro,potatoes,189.25
2009-10-01,Kicukiro,potatoes,163.96
2009-11-01,Kicukiro,potatoes,134.68
2009-12-01,Kicukiro,potatoes,115.0
2010-01-01,Kicukiro,potatoes,105.62
2010-02-01,Kicukiro,potatoes,108.33
2010-03-01,Kicukiro,potatoes,121.88
2010-04-01,Kicukiro,potatoes,126.25
2010-05-01,Kicukiro,potatoes,141.04
2010-06-01,Kicukiro,potatoes,147.38
2010-07-01,Kicukiro,potatoes,139.815
2010-08-01,Kicukiro,potatoes,176.75
2010-09-01,Kicukiro,potatoes,209.375
2010-10-01,Kicukiro,potatoes,155.625
2010-11-01,Kicukiro,potatoes,145.875
2010-12-01,Kicukiro,potatoes,116.58500000000001
2011-01-01,Kicukiro,potatoes,103.83500000000001
2011-02-01,Kicukiro,potatoes,107.5
2011-03-01,Kicukiro,potatoes,118.75
2011-04-01,Kicukiro,potatoes,153.5
2011-05-01,Kicukiro,potatoes,144.375
2011-06-01,Kicukiro,potatoes,144.5
2011-07-01,Kicukiro,potatoes,135.33499999999998
2011-08-01,Kicukiro,potatoes,136.725
2011-09-01,Kicukiro,potatoes,142.16500000000002
2011-10-01,Kicukiro,potatoes,142.0
2011-11-01,Kicukiro,potatoes,130.25
2011-12-01,Kicukiro,potatoes,145.375
2012-01-01,Kicukiro,potatoes,161.9
2012-02-01,Kicukiro,potatoes,197.75
2012-03-01,Kicukiro,potatoes,216.67
2012-04-01,Kicukiro,potatoes,202.75
2012-05-01,Kicukiro,potatoes,189.0
2012-06-01,Kicukiro,potatoes,180.0
2012-07-01,Kicukiro,potatoes,193.6
2012-08-01,Kicukiro,potatoes,221.0
2012-09-01,Kicukiro,potatoes,200.0
2012-10-01,Kicukiro,potatoes,220.0
2012-11-01,Kicukiro,potatoes,185.25
2012-12-01,Kicukiro,potatoes,158.4
2013-01-01,Kicukiro,potatoes,191.0
2013-02-01,Kicukiro,potatoes,179.0
2013-03-01,Kicukiro,potatoes,187.66500000000002
2013-04-01,Kicukiro,potatoes,187.0
2013-05-01,Kicukiro,potatoes,195.0
2013-06-01,Kicukiro,potatoes,212.125
2013-07-01,Kicukiro,potatoes,217.7
2013-08-01,Kicukiro,potatoes,324.5
2013-09-01,Kicukiro,potatoes,257.0
2013-10-01,Kicukiro,potatoes,245.75
2013-11-01,Kicukiro,potatoes,176.125
2013-12-01,Kicukiro,potatoes,147.3
2014-01-01,Kicukiro,potatoes,146.25
2014-02-01,Kicukiro,potatoes,192.5
2014-03-01,Kicukiro,potatoes,222.6
2014-04-01,Kicukiro,potatoes,186.16500000000002
2014-05-01,Kicukiro,potatoes,224.25
2014-06-01,Kicukiro,potatoes,230.0
2014-07-01,Kicukiro,potatoes,212.5
2014-08-01,Kicukiro,potatoes,225.75
2014-09-01,Kicukiro,potatoes,204.66500000000002
2014-11-01,Kicukiro,potatoes,163.375
2014-12-01,Kicukiro,potatoes,148.66500000000002
2015-01-01,Kicukiro,potatoes,148.335
2015-02-01,Kicukiro,potatoes,177.79000000000002
2015-03-01,Kicukiro,potatoes,198.825
2015-04-01,Kicukiro,potatoes,198.33499999999998
2015-05-01,Kicukiro,potatoes,192.125
2015-06-01,Kicukiro,potatoes,192.8
2015-07-01,Kicukiro,potatoes,195.0
2015-08-01,Kicukiro,potatoes,215.1
2015-09-01,Kicukiro,potatoes,224.125
2015-10-01,Kicukiro,potatoes,246.75
2015-11-01,Kicukiro,potatoes,230.0
2008-01-01,Kirehe,potatoes,105.0
2008-02-01,Kirehe,potatoes,87.5
2008-03-01,Kirehe,potatoes,75.0
2008-04-01,Kirehe,potatoes,90.0
2008-05-01,Kirehe,potatoes,90.0
2008-06-01,Kirehe,potatoes,95.0
2008-07-01,Kirehe,potatoes,96.67
2008-08-01,Kirehe,potatoes,150.0
2008-09-01,Kirehe,potatoes,150.0
2008-10-01,Kirehe,potatoes,108.75
2008-11-01,Kirehe,potatoes,140.0
2008-12-01,Kirehe,potatoes,127.5
2009-01-01,Kirehe,potatoes,137.5
2009-02-01,Kirehe,potatoes,147.5
2009-03-01,Kirehe,potatoes,160.0
2009-04-01,Kirehe,potatoes,160.0
2009-05-01,Kirehe,potatoes,155.0
2009-06-01,Kirehe,potatoes,150.0
2009-07-01,Kirehe,potatoes,150.0
2009-08-01,Kirehe,potatoes,166.25
2009-09-01,Kirehe,potatoes,190.83
2009-10-01,Kirehe,potatoes,190.42
2009-11-01,Kirehe,potatoes,178.75
2009-12-01,Kirehe,potatoes,141.25
2010-01-01,Kirehe,potatoes,122.5
2010-02-01,Kirehe,potatoes,132.5
2010-03-01,Kirehe,potatoes,147.5
2010-04-01,Kirehe,potatoes,150.0
2010-05-01,Kirehe,potatoes,170.0
2010-06-01,Kirehe,potatoes,157.08
2010-08-01,Kirehe,potatoes,180.0
2010-10-01,Kirehe,potatoes,216.67
2010-11-01,Kirehe,potatoes,192.0
2010-12-01,Kirehe,potatoes,150.0
2011-01-01,Kirehe,potatoes,123.25
2011-02-01,Kirehe,potatoes,132.67
2011-03-01,Kirehe,potatoes,145.0
2011-04-01,Kirehe,potatoes,175.75
2011-05-01,Kirehe,potatoes,164.0
2011-06-01,Kirehe,potatoes,170.0
2011-07-01,Kirehe,potatoes,170.0
2011-08-01,Kirehe,potatoes,165.0
2011-09-01,Kirehe,potatoes,164.25
2011-10-01,Kirehe,potatoes,170.0
2011-11-01,Kirehe,potatoes,154.0
2011-12-01,Kirehe,potatoes,162.33
2012-01-01,Kirehe,potatoes,130.33333333333334
2012-02-01,Kirehe,potatoes,130.0
2012-03-01,Kirehe,potatoes,137.5
2012-04-01,Kirehe,potatoes,235.75
2012-05-01,Kirehe,potatoes,211.3
2012-06-01,Kirehe,potatoes,164.75
2012-07-01,Kirehe,potatoes,208.83499999999998
2012-08-01,Kirehe,potatoes,231.7
2012-09-01,Kirehe,potatoes,266.5
2012-10-01,Kirehe,potatoes,287.0
2012-11-01,Kirehe,potatoes,196.7
2012-12-01,Kirehe,potatoes,173.83
2013-01-01,Kirehe,potatoes,178.83499999999998
2013-02-01,Kirehe,potatoes,180.0
2013-03-01,Kirehe,potatoes,198.25
2013-04-01,Kirehe,potatoes,206.0
2013-05-01,Kirehe,potatoes,210.75
2013-06-01,Kirehe,potatoes,235.0
2013-07-01,Kirehe,potatoes,246.6
2013-08-01,Kirehe,potatoes,272.25
2013-09-01,Kirehe,potatoes,293.4
2013-10-01,Kirehe,potatoes,270.6
2013-11-01,Kirehe,potatoes,217.5
2013-12-01,Kirehe,potatoes,126.6
2014-01-01,Kirehe,potatoes,125.0
2014-02-01,Kirehe,potatoes,155.41500000000002
2014-03-01,Kirehe,potatoes,197.875
2014-04-01,Kirehe,potatoes,220.0
2014-05-01,Kirehe,potatoes,200.0
2014-06-01,Kirehe,potatoes,204.125
2014-07-01,Kirehe,potatoes,200.0
2014-08-01,Kirehe,potatoes,221.0
2014-09-01,Kirehe,potatoes,221.0
2014-10-01,Kirehe,potatoes,203.5
2014-11-01,Kirehe,potatoes,147.5
2014-12-01,Kirehe,potatoes,135.95
2015-01-01,Kirehe,potatoes,149.625
2015-02-01,Kirehe,potatoes,173.33
2015-03-01,Kirehe,potatoes,215.0
2015-04-01,Kirehe,potatoes,220.0
2015-05-01,Kirehe,potatoes,220.0
2015-06-01,Kirehe,potatoes,150.0
2015-07-01,Kirehe,potatoes,200.0
2015-08-01,Kirehe,potatoes,250.0
2015-09-01,Kirehe,potatoes,254.25
2015-10-01,Kirehe,potatoes,256.0
2015-11-01,Kirehe,potatoes,231.75
2015-12-01,Kirehe,potatoes,190.375
2018-05-01,Kirehe,potatoes,234.0
2018-06-01,Kirehe,potatoes,200.0
2018-07-01,Kirehe,potatoes,245.0
2018-08-01,Kirehe,potatoes,325.0
2018-09-01,Kirehe,potatoes,341.6666666666667
2018-10-01,Kirehe,potatoes,268.75
2018-11-01,Kirehe,potatoes,232.5
2018-12-01,Kirehe,potatoes,240.0
2019-01-01,Kirehe,potatoes,205.0
2019-02-01,Kirehe,potatoes,200.0
2019-03-01,Kirehe,potatoes,268.75
2019-04-01,Kirehe,potatoes,300.0
2019-05-01,Kirehe,potatoes,256.25
2019-06-01,Kirehe,potatoes,237.5
2019-07-01,Kirehe,potatoes,250.8325
2019-08-01,Kirehe,potatoes,283.3333333333333
2019-09-01,Kirehe,potatoes,295.8325
2019-10-01,Kirehe,potatoes,325.0
2019-11-01,Kirehe,potatoes,257.14285714285717
2019-12-01,Kirehe,potatoes,250.0
2020-01-01,Kirehe,potatoes,286.1116666666667
2020-02-01,Kirehe,potatoes,310.4175
2020-03-01,Kirehe,potatoes,337.5
2020-04-01,Kirehe,potatoes,306.25
2020-05-01,Kirehe,potatoes,287.5
2020-06-01,Kirehe,potatoes,312.5
2020-07-01,Kirehe,potatoes,317.5
2020-08-01,Kirehe,potatoes,400.0
2020-09-01,Kirehe,potatoes,337.5
2020-10-01,Kirehe,potatoes,355.0
2020-11-01,Kirehe,potatoes,298.75
2020-12-01,Kirehe,potatoes,350.0
2021-01-01,Kirehe,potatoes,300.0
2021-03-01,Kirehe,potatoes,312.5
2021-04-01,Kirehe,potatoes,312.5
2021-05-01,Kirehe,potatoes,337.5
2021-06-01,Kirehe,potatoes,265.0
2021-07-01,Kirehe,potatoes,250.0
2021-08-01,Kirehe,potatoes,297.5
2021-09-01,Kirehe,potatoes,312.5
2021-10-01,Kirehe,potatoes,281.25
2021-11-01,Kirehe,potatoes,256.25
2021-12-01,Kirehe,potatoes,255.2
2022-01-01,Kirehe,potatoes,325.0
2022-02-01,Kirehe,potatoes,300.0
2022-03-01,Kirehe,potatoes,350.0
2022-05-01,Kirehe,potatoes,262.5
2022-06-01,Kirehe,potatoes,350.0
2022-07-01,Kirehe,potatoes,400.0
2022-08-01,Kirehe,potatoes,433.33375
2022-09-01,Kirehe,potatoes,450.0
2022-10-01,Kirehe,potatoes,475.0
2022-11-01,Kirehe,potatoes,400.0
2023-01-01,Kirehe,potatoes,425.0
2023-02-01,Kirehe,potatoes,561.1116666666667
2023-03-01,Kirehe,potatoes,537.5
2023-04-01,Kirehe,potatoes,575.0
2023-05-01,Kirehe,potatoes,418.75
2023-06-01,Kirehe,potatoes,500.0
2023-07-01,Kirehe,potatoes,416.6675
2023-08-01,Kirehe,potatoes,516.6666666666666
2023-10-01,Kirehe,potatoes,648.6116666666667
2023-11-01,Kirehe,potatoes,537.5
2023-12-01,Kirehe,potatoes,450.0
2024-01-01,Kirehe,potatoes,387.5
2024-02-01,Kirehe,potatoes,350.0
2024-03-01,Kirehe,potatoes,550.0
2024-04-01,Kirehe,potatoes,537.5
2024-05-01,Kirehe,potatoes,468.75
2024-06-01,Kirehe,potatoes,579.7614285714286
2024-07-01,Kirehe,potatoes,656.25
2024-08-01,Kirehe,potatoes,595.8325
2024-09-01,Kirehe,potatoes,620.8325
2024-10-01,Kirehe,potatoes,655.5566666666667
2024-11-01,Kirehe,potatoes,589.5833333333334
2024-12-01,Kirehe,potatoes,628.125
2025-01-01,Kirehe,potatoes,390.625
2025-02-01,Kirehe,potatoes,415.625
2025-03-01,Kirehe,potatoes,500.0
2025-04-01,Kirehe,potatoes,641.6666666666666
2025-05-01,Kirehe,potatoes,675.0
2025-07-01,Kirehe,potatoes,433.75
2025-08-01,Kirehe,potatoes,466.6675
2025-09-01,Kirehe,potatoes,502.858
2025-10-01,Kirehe,potatoes,587.9633333333334
2025-12-01,Kirehe,potatoes,444.3175
2026-01-01,Kirehe,potatoes,414.4440000000001
2026-02-01,Kirehe,potatoes,393.334
2026-04-01,Kirehe,potatoes,550.0
2026-05-01,Kirehe,potatoes,496.875
2008-01-01,Musanze,potatoes,79.875
2008-02-01,Musanze,potatoes,78.75
2008-03-01,Musanze,potatoes,76.875
2008-04-01,Musanze,potatoes,75.0
2008-05-01,Musanze,potatoes,76.875
2008-06-01,Musanze,potatoes,91.25
2008-07-01,Musanze,potatoes,90.83500000000001
2008-08-01,Musanze,potatoes,90.625
2008-09-01,Musanze,potatoes,100.0
2008-10-01,Musanze,potatoes,113.5
2008-11-01,Musanze,potatoes,102.5
2008-12-01,Musanze,potatoes,100.0
2009-01-01,Musanze,potatoes,100.0
2009-02-01,Musanze,potatoes,100.0
2009-03-01,Musanze,potatoes,120.0
2009-04-01,Musanze,potatoes,117.5
2009-05-01,Musanze,potatoes,110.0
2009-06-01,Musanze,potatoes,108.33
2009-07-01,Musanze,potatoes,96.62
2009-08-01,Musanze,potatoes,137.5
2009-09-01,Musanze,potatoes,150.42
2009-10-01,Musanze,potatoes,153.12
2009-11-01,Musanze,potatoes,138.75
2009-12-01,Musanze,potatoes,92.92
2010-01-01,Musanze,potatoes,90.0
2010-02-01,Musanze,potatoes,100.0
2010-03-01,Musanze,potatoes,101.25
2010-04-01,Musanze,potatoes,105.83
2010-05-01,Musanze,potatoes,117.5
2010-06-01,Musanze,potatoes,124.62
2010-07-01,Musanze,potatoes,124.0
2010-08-01,Musanze,potatoes,140.0
2010-09-01,Musanze,potatoes,175.67
2010-11-01,Musanze,potatoes,129.2
2010-12-01,Musanze,potatoes,97.08
2011-01-01,Musanze,potatoes,99.25
2011-02-01,Musanze,potatoes,103.86
2011-03-01,Musanze,potatoes,112.33
2011-04-01,Musanze,potatoes,125.67
2011-05-01,Musanze,potatoes,139.89
2011-06-01,Musanze,potatoes,129.62
2011-07-01,Musanze,potatoes,114.89
2011-08-01,Musanze,potatoes,114.25
2011-09-01,Musanze,potatoes,131.22
2011-10-01,Musanze,potatoes,140.43
2011-11-01,Musanze,potatoes,111.78
2011-12-01,Musanze,potatoes,126.5
2012-01-01,Musanze,potatoes,143.0
2012-02-01,Musanze,potatoes,161.86
2012-03-01,Musanze,potatoes,170.0
2012-04-01,Musanze,potatoes,156.285
2012-05-01,Musanze,potatoes,157.16500000000002
2012-06-01,Musanze,potatoes,130.7
2012-07-01,Musanze,potatoes,157.96333333333334
2012-08-01,Musanze,potatoes,178.6875
2012-09-01,Musanze,potatoes,211.0
2012-10-01,Musanze,potatoes,191.66666666666666
2012-11-01,Musanze,potatoes,137.38666666666666
2012-12-01,Musanze,potatoes,121.91666666666667
2013-01-01,Musanze,potatoes,138.11333333333332
2013-02-01,Musanze,potatoes,135.0
2013-03-01,Musanze,potatoes,153.5
2013-04-01,Musanze,potatoes,154.33333333333334
2013-05-01,Musanze,potatoes,149.0
2013-06-01,Musanze,potatoes,171.42666666666665
2013-07-01,Musanze,potatoes,177.75
2013-08-01,Musanze,potatoes,202.42666666666665
2013-09-01,Musanze,potatoes,233.21333333333334
2013-10-01,Musanze,potatoes,216.95666666666668
2013-11-01,Musanze,potatoes,142.03
2013-12-01,Musanze,potatoes,116.48666666666666
2014-01-01,Musanze,potatoes,118.32333333333334
2014-02-01,Musanze,potatoes,133.38666666666668
2014-03-01,Musanze,potatoes,164.14
2014-04-01,Musanze,potatoes,169.92
2014-05-01,Musanze,potatoes,163.0
2014-06-01,Musanze,potatoes,167.25
2014-07-01,Musanze,potatoes,151.94666666666666
2014-08-01,Musanze,potatoes,162.52666666666667
2014-09-01,Musanze,potatoes,168.02666666666667
2014-10-01,Musanze,potatoes,153.0
2014-11-01,Musanze,potatoes,107.25
2014-12-01,Musanze,potatoes,119.25999999999999
2015-01-01,Musanze,potatoes,121.96
2015-02-01,Musanze,potatoes,148.30666666666664
2015-03-01,Musanze,potatoes,148.94666666666666
2015-04-01,Musanze,potatoes,151.29666666666665
2015-05-01,Musanze,potatoes,153.29333333333332
2015-06-01,Musanze,potatoes,145.96333333333334
2015-07-01,Musanze,potatoes,155.01666666666668
2015-08-01,Musanze,potatoes,195.48666666666668
2015-09-01,Musanze,potatoes,194.26999999999998
2015-10-01,Musanze,potatoes,192.62666666666667
2015-11-01,Musanze,potatoes,175.66666666666666
2015-12-01,Musanze,potatoes,156.28666666666666
2008-01-01,Ngoma,potatoes,97.5
2008-02-01,Ngoma,potatoes,120.0
2008-03-01,Ngoma,potatoes,115.0
2008-04-01,Ngoma,potatoes,115.0
2008-05-01,Ngoma,potatoes,115.0
2008-06-01,Ngoma,potatoes,130.0
2008-07-01,Ngoma,potatoes,143.33
2008-08-01,Ngoma,potatoes,142.5
2008-09-01,Ngoma,potatoes,152.5
2008-10-01,Ngoma,potatoes,142.5
2008-11-01,Ngoma,potatoes,145.0
2008-12-01,Ngoma,potatoes,130.0
2009-01-01,Ngoma,potatoes,140.0
2009-02-01,Ngoma,potatoes,145.0
2009-03-01,Ngoma,potatoes,150.0
2009-04-01,Ngoma,potatoes,150.0
2009-05-01,Ngoma,potatoes,155.5
2009-06-01,Ngoma,potatoes,148.12
2009-07-01,Ngoma,potatoes,144.38
2009-08-01,Ngoma,potatoes,171.25
2009-09-01,Ngoma,potatoes,200.0
2009-10-01,Ngoma,potatoes,191.25
2009-11-01,Ngoma,potatoes,163.12
2009-12-01,Ngoma,potatoes,137.5
2010-01-01,Ngoma,potatoes,126.25
2010-02-01,Ngoma,potatoes,140.0
2010-03-01,Ngoma,potatoes,151.12
2010-04-01,Ngoma,potatoes,150.0
2010-05-01,Ngoma,potatoes,146.88
2010-06-01,Ngoma,potatoes,168.88
2010-07-01,Ngoma,potatoes,161.25
2010-08-01,Ngoma,potatoes,176.67
2010-09-01,Ngoma,potatoes,211.25
2010-10-01,Ngoma,potatoes,197.5
2010-11-01,Ngoma,potatoes,191.25
2010-12-01,Ngoma,potatoes,143.0
2011-01-01,Ngoma,potatoes,128.25
2011-02-01,Ngoma,potatoes,122.5
2011-03-01,Ngoma,potatoes,145.4
2011-04-01,Ngoma,potatoes,168.0
2011-05-01,Ngoma,potatoes,160.0
2011-06-01,Ngoma,potatoes,162.0
2011-07-01,Ngoma,potatoes,160.0
2011-08-01,Ngoma,potatoes,160.0
2011-09-01,Ngoma,potatoes,160.0
2011-10-01,Ngoma,potatoes,163.33
2011-11-01,Ngoma,potatoes,154.0
2011-12-01,Ngoma,potatoes,166.67
2012-01-01,Ngoma,potatoes,180.0
2012-02-01,Ngoma,potatoes,215.0
2012-03-01,Ngoma,potatoes,235.0
2012-04-01,Ngoma,potatoes,210.0
2012-05-01,Ngoma,potatoes,195.0
2012-06-01,Ngoma,potatoes,192.5
2012-07-01,Ngoma,potatoes,200.0
2012-08-01,Ngoma,potatoes,220.0
2012-11-01,Ngoma,potatoes,190.0
2012-12-01,Ngoma,potatoes,167.5
2013-01-01,Ngoma,potatoes,188.0
2013-02-01,Ngoma,potatoes,180.0
2013-03-01,Ngoma,potatoes,200.0
2013-04-01,Ngoma,potatoes,210.0
2013-05-01,Ngoma,potatoes,204.0
2013-06-01,Ngoma,potatoes,242.5
2013-07-01,Ngoma,potatoes,250.0
2013-08-01,Ngoma,potatoes,264.25
2013-09-01,Ngoma,potatoes,277.5
2013-10-01,Ngoma,potatoes,270.0
2013-11-01,Ngoma,potatoes,210.75
2013-12-01,Ngoma,potatoes,160.0
2014-01-01,Ngoma,potatoes,150.0
2014-02-01,Ngoma,potatoes,185.0
2014-03-01,Ngoma,potatoes,225.0
2014-04-01,Ngoma,potatoes,240.0
2014-05-01,Ngoma,potatoes,210.0
2014-06-01,Ngoma,potatoes,220.0
2014-07-01,Ngoma,potatoes,210.0
2014-08-01,Ngoma,potatoes,220.0
2014-09-01,Ngoma,potatoes,208.5
2014-10-01,Ngoma,potatoes,203.4
2014-11-01,Ngoma,potatoes,160.75
2014-12-01,Ngoma,potatoes,133.25
2015-01-01,Ngoma,potatoes,150.0
2015-02-01,Ngoma,potatoes,171.0
2015-03-01,Ngoma,potatoes,215.0
2015-04-01,Ngoma,potatoes,216.0
2015-05-01,Ngoma,potatoes,200.0
2015-06-01,Ngoma,potatoes,180.0
2015-07-01,Ngoma,potatoes,198.25
2015-08-01,Ngoma,potatoes,250.0
2015-09-01,Ngoma,potatoes,250.0
2015-10-01,Ngoma,potatoes,250.0
2015-11-01,Ngoma,potatoes,241.75
2015-12-01,Ngoma,potatoes,213.4
2008-01-01,Ngororero,potatoes,76.25
2008-02-01,Ngororero,potatoes,75.0
2008-03-01,Ngororero,potatoes,73.75
2008-04-01,Ngororero,potatoes,78.75
2008-05-01,Ngororero,potatoes,72.5
2008-06-01,Ngororero,potatoes,90.0
2008-07-01,Ngororero,potatoes,90.0
2008-08-01,Ngororero,potatoes,95.0
2008-09-01,Ngororero,potatoes,90.0
2008-10-01,Ngororero,potatoes,155.0
2008-11-01,Ngororero,potatoes,95.0
2008-12-01,Ngororero,potatoes,81.25
2009-01-01,Ngororero,potatoes,87.5
2009-02-01,Ngororero,potatoes,90.0
2009-03-01,Ngororero,potatoes,95.0
2009-04-01,Ngororero,potatoes,85.0
2009-05-01,Ngororero,potatoes,95.0
2009-06-01,Ngororero,potatoes,85.0
2009-07-01,Ngororero,potatoes,97.5
2009-08-01,Ngororero,potatoes,97.5
2009-09-01,Ngororero,potatoes,144.17
2009-10-01,Ngororero,potatoes,150.0
2009-11-01,Ngororero,potatoes,142.5
2009-12-01,Ngororero,potatoes,92.25
2010-01-01,Ngororero,potatoes,85.0
2010-02-01,Ngororero,potatoes,87.5
2010-03-01,Ngororero,potatoes,90.0
2010-04-01,Ngororero,potatoes,85.0
2010-05-01,Ngororero,potatoes,94.17
2010-06-01,Ngororero,potatoes,98.12
2010-07-01,Ngororero,potatoes,118.75
2010-08-01,Ngororero,potatoes,103.33
2010-09-01,Ngororero,potatoes,146.5
2010-11-01,Ngororero,potatoes,118.33
2010-12-01,Ngororero,potatoes,98.5
2011-01-01,Ngororero,potatoes,219.25
2011-02-01,Ngororero,potatoes,82.33
2011-03-01,Ngororero,potatoes,87.0
2011-04-01,Ngororero,potatoes,97.25
2011-05-01,Ngororero,potatoes,112.0
2011-06-01,Ngororero,potatoes,116.0
2011-07-01,Ngororero,potatoes,105.0
2011-08-01,Ngororero,potatoes,95.0
2011-09-01,Ngororero,potatoes,109.0
2011-10-01,Ngororero,potatoes,120.0
2011-11-01,Ngororero,potatoes,102.33
2011-12-01,Ngororero,potatoes,104.0
2012-01-01,Ngororero,potatoes,134.33
2012-02-01,Ngororero,potatoes,143.0
2012-03-01,Ngororero,potatoes,150.0
2012-04-01,Ngororero,potatoes,148.67
2012-05-01,Ngororero,potatoes,146.0
2012-06-01,Ngororero,potatoes,126.5
2012-07-01,Ngororero,potatoes,141.0
2012-08-01,Ngororero,potatoes,167.67
2012-09-01,Ngororero,potatoes,173.0
2012-10-01,Ngororero,potatoes,200.0
2012-11-01,Ngororero,potatoes,145.33
2012-12-01,Ngororero,potatoes,139.67
2013-01-01,Ngororero,potatoes,133.0
2013-02-01,Ngororero,potatoes,139.0
2013-03-01,Ngororero,potatoes,145.5
2013-04-01,Ngororero,potatoes,156.0
2013-05-01,Ngororero,potatoes,155.5
2013-06-01,Ngororero,potatoes,165.33
2013-07-01,Ngororero,potatoes,168.33
2013-08-01,Ngororero,potatoes,182.4
2013-09-01,Ngororero,potatoes,204.75
2013-10-01,Ngororero,potatoes,180.0
2013-11-01,Ngororero,potatoes,145.5
2013-12-01,Ngororero,potatoes,108.0
2014-01-01,Ngororero,potatoes,99.5
2014-02-01,Ngororero,potatoes,118.33
2014-03-01,Ngororero,potatoes,148.0
2014-04-01,Ngororero,potatoes,158.0
2014-06-01,Ngororero,potatoes,163.33
2014-07-01,Ngororero,potatoes,151.5
2014-08-01,Ngororero,potatoes,148.0
2014-09-01,Ngororero,potatoes,151.67
2014-11-01,Ngororero,potatoes,103.33
2014-12-01,Ngororero,potatoes,103.0
2015-01-01,Ngororero,potatoes,115.5
2015-02-01,Ngororero,potatoes,135.33
2015-03-01,Ngororero,potatoes,139.67
2015-04-01,Ngororero,potatoes,143.0
2015-05-01,Ngororero,potatoes,145.5
2015-06-01,Ngororero,potatoes,141.5
2015-07-01,Ngororero,potatoes,148.67
2015-08-01,Ngororero,potatoes,175.5
2015-09-01,Ngororero,potatoes,176.0
2015-10-01,Ngororero,potatoes,187.25
2015-11-01,Ngororero,potatoes,172.67
2015-12-01,Ngororero,potatoes,165.33
2008-01-01,Nyabihu,potatoes,90.0
2008-02-01,Nyabihu,potatoes,80.625
2008-03-01,Nyabihu,potatoes,81.25
2008-04-01,Nyabihu,potatoes,80.0
2008-05-01,Nyabihu,potatoes,84.375
2008-06-01,Nyabihu,potatoes,96.875
2008-07-01,Nyabihu,potatoes,105.83
2008-08-01,Nyabihu,potatoes,103.75
2008-09-01,Nyabihu,potatoes,102.5
2008-10-01,Nyabihu,potatoes,145.0
2008-11-01,Nyabihu,potatoes,92.5
2008-12-01,Nyabihu,potatoes,88.75
2009-01-01,Nyabihu,potatoes,92.5
2009-02-01,Nyabihu,potatoes,96.25
2009-03-01,Nyabihu,potatoes,85.0
2009-04-01,Nyabihu,potatoes,95.0
2009-05-01,Nyabihu,potatoes,110.0
2009-06-01,Nyabihu,potatoes,89.38
2009-07-01,Nyabihu,potatoes,95.62
2009-08-01,Nyabihu,potatoes,112.5
2009-09-01,Nyabihu,potatoes,156.67
2009-10-01,Nyabihu,potatoes,154.75
2009-11-01,Nyabihu,potatoes,150.0
2009-12-01,Nyabihu,potatoes,93.75
2010-01-01,Nyabihu,potatoes,81.62
2010-02-01,Nyabihu,potatoes,86.88
2010-03-01,Nyabihu,potatoes,83.12
2010-04-01,Nyabihu,potatoes,84.17
2010-05-01,Nyabihu,potatoes,95.0
2010-06-01,Nyabihu,potatoes,101.62
2010-07-01,Nyabihu,potatoes,115.71
2010-08-01,Nyabihu,potatoes,110.0
2010-09-01,Nyabihu,potatoes,124.25
2010-11-01,Nyabihu,potatoes,130.0
2010-12-01,Nyabihu,potatoes,72.5
2011-01-01,Nyabihu,potatoes,66.0
2011-02-01,Nyabihu,potatoes,76.33
2011-03-01,Nyabihu,potatoes,89.4
2011-04-01,Nyabihu,potatoes,101.0
2011-05-01,Nyabihu,potatoes,90.0
2011-06-01,Nyabihu,potatoes,93.8
2011-07-01,Nyabihu,potatoes,99.25
2011-08-01,Nyabihu,potatoes,96.0
2011-09-01,Nyabihu,potatoes,98.0
2011-10-01,Nyabihu,potatoes,100.5
2011-11-01,Nyabihu,potatoes,89.25
2011-12-01,Nyabihu,potatoes,105.75
2012-01-01,Nyabihu,potatoes,127.625
2012-02-01,Nyabihu,potatoes,141.0
2012-03-01,Nyabihu,potatoes,147.0
2012-04-01,Nyabihu,potatoes,151.75
2012-05-01,Nyabihu,potatoes,149.5
2012-06-01,Nyabihu,potatoes,125.0
2012-07-01,Nyabihu,potatoes,151.375
2012-08-01,Nyabihu,potatoes,161.5
2012-09-01,Nyabihu,potatoes,183.5
2012-10-01,Nyabihu,potatoes,181.5
2012-11-01,Nyabihu,potatoes,133.29000000000002
2012-12-01,Nyabihu,potatoes,118.25
2013-01-01,Nyabihu,potatoes,134.0
2013-02-01,Nyabihu,potatoes,134.5
2013-03-01,Nyabihu,potatoes,142.83499999999998
2013-04-01,Nyabihu,potatoes,141.665
2013-05-01,Nyabihu,potatoes,142.05
2013-06-01,Nyabihu,potatoes,160.66500000000002
2013-07-01,Nyabihu,potatoes,170.33499999999998
2013-08-01,Nyabihu,potatoes,181.33499999999998
2013-09-01,Nyabihu,potatoes,209.0
2013-10-01,Nyabihu,potatoes,196.6
2013-11-01,Nyabihu,potatoes,132.5
2013-12-01,Nyabihu,potatoes,108.41499999999999
2014-01-01,Nyabihu,potatoes,131.5
2014-02-01,Nyabihu,potatoes,137.66500000000002
2014-03-01,Nyabihu,potatoes,171.5
2014-04-01,Nyabihu,potatoes,162.625
2014-05-01,Nyabihu,potatoes,162.29000000000002
2014-06-01,Nyabihu,potatoes,162.0
2014-07-01,Nyabihu,potatoes,148.6
2014-08-01,Nyabihu,potatoes,148.66500000000002
2014-09-01,Nyabihu,potatoes,158.95999999999998
2014-10-01,Nyabihu,potatoes,135.0
2014-11-01,Nyabihu,potatoes,101.75
2014-12-01,Nyabihu,potatoes,100.66499999999999
2015-01-01,Nyabihu,potatoes,116.375
2015-02-01,Nyabihu,potatoes,145.95999999999998
2015-03-01,Nyabihu,potatoes,146.125
2015-04-01,Nyabihu,potatoes,148.75
2015-05-01,Nyabihu,potatoes,144.875
2015-06-01,Nyabihu,potatoes,143.875
2015-07-01,Nyabihu,potatoes,147.41500000000002
2015-08-01,Nyabihu,potatoes,175.75
2015-09-01,Nyabihu,potatoes,183.66500000000002
2015-10-01,Nyabihu,potatoes,180.5
2015-11-01,Nyabihu,potatoes,166.33499999999998
2015-12-01,Nyabihu,potatoes,152.79000000000002
2008-01-01,Nyagatare,potatoes,97.5
2008-02-01,Nyagatare,potatoes,100.0
2008-03-01,Nyagatare,potatoes,132.5
2008-04-01,Nyagatare,potatoes,122.5
2008-05-01,Nyagatare,potatoes,137.5
2008-06-01,Nyagatare,potatoes,132.5
2008-07-01,Nyagatare,potatoes,146.67
2008-08-01,Nyagatare,potatoes,140.0
2008-09-01,Nyagatare,potatoes,150.0
2008-10-01,Nyagatare,potatoes,150.0
2008-11-01,Nyagatare,potatoes,132.5
2008-12-01,Nyagatare,potatoes,115.0
2009-01-01,Nyagatare,potatoes,137.5
2009-02-01,Nyagatare,potatoes,145.0
2009-03-01,Nyagatare,potatoes,170.0
2009-04-01,Nyagatare,potatoes,167.5
2009-05-01,Nyagatare,potatoes,164.17
2009-06-01,Nyagatare,potatoes,151.25
2009-07-01,Nyagatare,potatoes,160.0
2009-08-01,Nyagatare,potatoes,164.38
2009-09-01,Nyagatare,potatoes,193.75
2009-10-01,Nyagatare,potatoes,211.25
2009-11-01,Nyagatare,potatoes,181.25
2009-12-01,Nyagatare,potatoes,138.75
2010-01-01,Nyagatare,potatoes,119.38
2010-02-01,Nyagatare,potatoes,140.0
2010-03-01,Nyagatare,potatoes,149.75
2010-04-01,Nyagatare,potatoes,151.88
2010-05-01,Nyagatare,potatoes,147.29
2010-06-01,Nyagatare,potatoes,148.54
2010-07-01,Nyagatare,potatoes,145.0
2010-08-01,Nyagatare,potatoes,153.33
2010-09-01,Nyagatare,potatoes,196.67
2010-10-01,Nyagatare,potatoes,199.0
2010-11-01,Nyagatare,potatoes,188.33
2010-12-01,Nyagatare,potatoes,135.19
2011-01-01,Nyagatare,potatoes,127.78
2011-02-01,Nyagatare,potatoes,133.17
2011-03-01,Nyagatare,potatoes,156.22
2011-04-01,Nyagatare,potatoes,175.14
2011-05-01,Nyagatare,potatoes,167.5
2011-06-01,Nyagatare,potatoes,160.89
2011-07-01,Nyagatare,potatoes,158.0
2011-08-01,Nyagatare,potatoes,157.5
2011-09-01,Nyagatare,potatoes,161.78
2011-10-01,Nyagatare,potatoes,180.0
2011-11-01,Nyagatare,potatoes,154.12
2011-12-01,Nyagatare,potatoes,138.14
2012-01-01,Nyagatare,potatoes,155.1
2012-02-01,Nyagatare,potatoes,192.57
2012-03-01,Nyagatare,potatoes,240.33
2012-04-01,Nyagatare,potatoes,227.5
2012-05-01,Nyagatare,potatoes,256.57
2012-06-01,Nyagatare,potatoes,161.06
2012-07-01,Nyagatare,potatoes,174.0
2012-08-01,Nyagatare,potatoes,210.14
2012-09-01,Nyagatare,potatoes,223.0
2012-10-01,Nyagatare,potatoes,266.0
2012-11-01,Nyagatare,potatoes,204.56
2012-12-01,Nyagatare,potatoes,172.75
2013-01-01,Nyagatare,potatoes,149.83
2013-02-01,Nyagatare,potatoes,175.0
2013-03-01,Nyagatare,potatoes,198.29
2013-04-01,Nyagatare,potatoes,216.67
2013-05-01,Nyagatare,potatoes,217.43
2013-06-01,Nyagatare,potatoes,238.125
2013-07-01,Nyagatare,potatoes,245.885
2013-08-01,Nyagatare,potatoes,255.875
2013-09-01,Nyagatare,potatoes,249.5
2013-10-01,Nyagatare,potatoes,267.395
2013-11-01,Nyagatare,potatoes,206.0
2013-12-01,Nyagatare,potatoes,163.75
2014-01-01,Nyagatare,potatoes,160.5
2014-02-01,Nyagatare,potatoes,193.215
2014-03-01,Nyagatare,potatoes,214.305
2014-04-01,Nyagatare,potatoes,224.765
2014-05-01,Nyagatare,potatoes,203.0
2014-06-01,Nyagatare,potatoes,209.75
2014-07-01,Nyagatare,potatoes,201.31
2014-08-01,Nyagatare,potatoes,204.19
2014-09-01,Nyagatare,potatoes,235.44
2014-10-01,Nyagatare,potatoes,197.38
2014-11-01,Nyagatare,potatoes,156.5
2014-12-01,Nyagatare,potatoes,144.69
2015-01-01,Nyagatare,potatoes,163.815
2015-02-01,Nyagatare,potatoes,190.48
2015-03-01,Nyagatare,potatoes,199.445
2015-04-01,Nyagatare,potatoes,217.0
2015-05-01,Nyagatare,potatoes,198.285
2015-06-01,Nyagatare,potatoes,194.25
2015-07-01,Nyagatare,potatoes,189.65
2015-08-01,Nyagatare,potatoes,211.375
2015-09-01,Nyagatare,potatoes,222.5
2015-10-01,Nyagatare,potatoes,244.55
2015-11-01,Nyagatare,potatoes,238.66500000000002
2015-12-01,Nyagatare,potatoes,200.625
2008-01-01,Nyamagabe,potatoes,101.875
2008-02-01,Nyamagabe,potatoes,108.75
2008-03-01,Nyamagabe,potatoes,107.5
2008-04-01,Nyamagabe,potatoes,111.25
2008-05-01,Nyamagabe,potatoes,101.25
2008-06-01,Nyamagabe,potatoes,105.0
2008-07-01,Nyamagabe,potatoes,125.83500000000001
2008-08-01,Nyamagabe,potatoes,126.25
2008-09-01,Nyamagabe,potatoes,136.25
2008-10-01,Nyamagabe,potatoes,124.375
2008-11-01,Nyamagabe,potatoes,140.0
2008-12-01,Nyamagabe,potatoes,135.0
2009-01-01,Nyamagabe,potatoes,120.0
2009-02-01,Nyamagabe,potatoes,120.0
2009-03-01,Nyamagabe,potatoes,110.0
2009-04-01,Nyamagabe,potatoes,115.0
2009-05-01,Nyamagabe,potatoes,127.915
2009-06-01,Nyamagabe,potatoes,125.0
2009-07-01,Nyamagabe,potatoes,120.66499999999999
2009-08-01,Nyamagabe,potatoes,142.0
2009-09-01,Nyamagabe,potatoes,192.70999999999998
2009-10-01,Nyamagabe,potatoes,190.0
2009-11-01,Nyamagabe,potatoes,171.66500000000002
2009-12-01,Nyamagabe,potatoes,116.5
2010-01-01,Nyamagabe,potatoes,114.125
2010-02-01,Nyamagabe,potatoes,105.66499999999999
2010-03-01,Nyamagabe,potatoes,109.28999999999999
2010-04-01,Nyamagabe,potatoes,125.83500000000001
2010-05-01,Nyamagabe,potatoes,130.33499999999998
2010-06-01,Nyamagabe,potatoes,161.5
2010-07-01,Nyamagabe,potatoes,144.57333333333335
2010-08-01,Nyamagabe,potatoes,162.33499999999998
2010-09-01,Nyamagabe,potatoes,174.695
2010-10-01,Nyamagabe,potatoes,159.75
2010-11-01,Nyamagabe,potatoes,150.75
2010-12-01,Nyamagabe,potatoes,133.20999999999998
2011-01-01,Nyamagabe,potatoes,115.375
2011-02-01,Nyamagabe,potatoes,108.31
2011-03-01,Nyamagabe,potatoes,108.875
2011-04-01,Nyamagabe,potatoes,126.57
2011-05-01,Nyamagabe,potatoes,149.625
2011-06-01,Nyamagabe,potatoes,149.39499999999998
2011-07-01,Nyamagabe,potatoes,128.645
2011-08-01,Nyamagabe,potatoes,128.18
2011-09-01,Nyamagabe,potatoes,138.695
2011-10-01,Nyamagabe,potatoes,145.70999999999998
2011-11-01,Nyamagabe,potatoes,138.39
2011-12-01,Nyamagabe,potatoes,145.31
2012-01-01,Nyamagabe,potatoes,146.535
2012-02-01,Nyamagabe,potatoes,171.625
2012-03-01,Nyamagabe,potatoes,171.52
2012-04-01,Nyamagabe,potatoes,168.0
2012-05-01,Nyamagabe,potatoes,180.745
2012-06-01,Nyamagabe,potatoes,167.75
2012-07-01,Nyamagabe,potatoes,175.83499999999998
2012-08-01,Nyamagabe,potatoes,184.4766666666667
2012-09-01,Nyamagabe,potatoes,216.66666666666666
2012-10-01,Nyamagabe,potatoes,192.33333333333334
2012-11-01,Nyamagabe,potatoes,157.16500000000002
2012-12-01,Nyamagabe,potatoes,140.88
2013-01-01,Nyamagabe,potatoes,141.875
2013-02-01,Nyamagabe,potatoes,150.5
2013-03-01,Nyamagabe,potatoes,158.51999999999998
2013-04-01,Nyamagabe,potatoes,180.91500000000002
2013-05-01,Nyamagabe,potatoes,200.875
2013-06-01,Nyamagabe,potatoes,211.19
2013-07-01,Nyamagabe,potatoes,187.25
2013-08-01,Nyamagabe,potatoes,217.185
2013-09-01,Nyamagabe,potatoes,223.43
2013-10-01,Nyamagabe,potatoes,186.25
2013-11-01,Nyamagabe,potatoes,179.375
2013-12-01,Nyamagabe,potatoes,143.33499999999998
2014-01-01,Nyamagabe,potatoes,138.465
2014-02-01,Nyamagabe,potatoes,143.9
2014-03-01,Nyamagabe,potatoes,163.75
2014-04-01,Nyamagabe,potatoes,187.875
2014-05-01,Nyamagabe,potatoes,207.06
2014-06-01,Nyamagabe,potatoes,186.33499999999998
2014-07-01,Nyamagabe,potatoes,152.60500000000002
2014-08-01,Nyamagabe,potatoes,174.59
2014-09-01,Nyamagabe,potatoes,192.0
2014-10-01,Nyamagabe,potatoes,176.66
2014-11-01,Nyamagabe,potatoes,132.25
2014-12-01,Nyamagabe,potatoes,124.305
2015-01-01,Nyamagabe,potatoes,124.625
2015-02-01,Nyamagabe,potatoes,148.10500000000002
2015-03-01,Nyamagabe,potatoes,163.75
2015-04-01,Nyamagabe,potatoes,176.81
2015-05-01,Nyamagabe,potatoes,181.375
2015-06-01,Nyamagabe,potatoes,167.185
2015-07-01,Nyamagabe,potatoes,186.465
2015-08-01,Nyamagabe,potatoes,210.39499999999998
2015-09-01,Nyamagabe,potatoes,219.425
2015-10-01,Nyamagabe,potatoes,189.435
2015-11-01,Nyamagabe,potatoes,196.285
2015-12-01,Nyamagabe,potatoes,208.0
2016-09-01,Nyamagabe,potatoes,285.0
2016-10-01,Nyamagabe,potatoes,235.0
2016-11-01,Nyamagabe,potatoes,258.3333333333333
2016-12-01,Nyamagabe,potatoes,210.0
2017-01-01,Nyamagabe,potatoes,190.0
2017-02-01,Nyamagabe,potatoes,210.0
2017-03-01,Nyamagabe,potatoes,230.0
2017-04-01,Nyamagabe,potatoes,230.0
2017-05-01,Nyamagabe,potatoes,250.0
2017-06-01,Nyamagabe,potatoes,225.0
2017-07-01,Nyamagabe,potatoes,210.0
2017-08-01,Nyamagabe,potatoes,250.0
2017-09-01,Nyamagabe,potatoes,245.0
2017-10-01,Nyamagabe,potatoes,233.75
2017-11-01,Nyamagabe,potatoes,190.0
2017-12-01,Nyamagabe,potatoes,148.75
2018-01-01,Nyamagabe,potatoes,153.75
2018-02-01,Nyamagabe,potatoes,176.25
2018-03-01,Nyamagabe,potatoes,195.0
2018-04-01,Nyamagabe,potatoes,231.25
2018-05-01,Nyamagabe,potatoes,232.5
2018-06-01,Nyamagabe,potatoes,245.0
2018-07-01,Nyamagabe,potatoes,256.6666666666667
2018-08-01,Nyamagabe,potatoes,288.3333333333333
2018-09-01,Nyamagabe,potatoes,252.5
2018-10-01,Nyamagabe,potatoes,212.5025
2018-11-01,Nyamagabe,potatoes,216.0
2018-12-01,Nyamagabe,potatoes,200.0
2019-01-01,Nyamagabe,potatoes,184.16500000000002
2019-02-01,Nyamagabe,potatoes,191.5825
2019-03-01,Nyamagabe,potatoes,223.33333333333334
2019-04-01,Nyamagabe,potatoes,245.0
2019-05-01,Nyamagabe,potatoes,238.33333333333334
2019-06-01,Nyamagabe,potatoes,235.0
2019-07-01,Nyamagabe,potatoes,237.5
2019-08-01,Nyamagabe,potatoes,258.89000000000004
2019-09-01,Nyamagabe,potatoes,255.41750000000002
2019-10-01,Nyamagabe,potatoes,217.7075
2019-11-01,Nyamagabe,potatoes,228.3325
2019-12-01,Nyamagabe,potatoes,226.66666666666666
2020-01-01,Nyamagabe,potatoes,270.0
2020-02-01,Nyamagabe,potatoes,286.25
2020-03-01,Nyamagabe,potatoes,312.5
2020-04-01,Nyamagabe,potatoes,302.5
2020-05-01,Nyamagabe,potatoes,322.9175
2020-06-01,Nyamagabe,potatoes,320.6666666666667
2020-07-01,Nyamagabe,potatoes,332.5
2020-08-01,Nyamagabe,potatoes,367.5
2020-09-01,Nyamagabe,potatoes,355.0
2020-10-01,Nyamagabe,potatoes,315.0
2020-11-01,Nyamagabe,potatoes,292.21999999999997
2020-12-01,Nyamagabe,potatoes,248.89
2021-01-01,Nyamagabe,potatoes,223.75
2021-03-01,Nyamagabe,potatoes,270.0
2021-04-01,Nyamagabe,potatoes,292.5
2021-05-01,Nyamagabe,potatoes,290.0
2021-06-01,Nyamagabe,potatoes,266.6666666666667
2021-07-01,Nyamagabe,potatoes,252.5
2021-08-01,Nyamagabe,potatoes,266.6666666666667
2021-09-01,Nyamagabe,potatoes,265.0
2021-10-01,Nyamagabe,potatoes,239.16666666666666
2021-11-01,Nyamagabe,potatoes,195.0
2021-12-01,Nyamagabe,potatoes,206.66500000000002
2022-01-01,Nyamagabe,potatoes,211.66666666666666
2022-02-01,Nyamagabe,potatoes,243.75
2022-03-01,Nyamagabe,potatoes,271.25
2022-05-01,Nyamagabe,potatoes,350.0
2022-06-01,Nyamagabe,potatoes,325.0
2022-07-01,Nyamagabe,potatoes,366.6666666666667
2022-08-01,Nyamagabe,potatoes,385.0
2022-09-01,Nyamagabe,potatoes,363.3333333333333
2022-10-01,Nyamagabe,potatoes,375.0
2022-11-01,Nyamagabe,potatoes,398.3333333333333
2023-01-01,Nyamagabe,potatoes,375.0
2023-02-01,Nyamagabe,potatoes,441.875
2023-03-01,Nyamagabe,potatoes,460.0
2023-04-01,Nyamagabe,potatoes,450.0
2023-05-01,Nyamagabe,potatoes,463.89000000000004
2023-06-01,Nyamagabe,potatoes,525.0
2023-07-01,Nyamagabe,potatoes,533.3333333333334
2023-08-01,Nyamagabe,potatoes,575.0
2023-10-01,Nyamagabe,potatoes,516.6675
2023-11-01,Nyamagabe,potatoes,475.8325
2023-12-01,Nyamagabe,potatoes,400.0
2024-01-01,Nyamagabe,potatoes,444.4433333333333
2024-02-01,Nyamagabe,potatoes,504.0
2024-03-01,Nyamagabe,potatoes,497.22333333333336
2024-04-01,Nyamagabe,potatoes,533.3333333333334
2024-05-01,Nyamagabe,potatoes,600.0
2024-06-01,Nyamagabe,potatoes,571.875
2024-07-01,Nyamagabe,potatoes,600.0
2024-08-01,Nyamagabe,potatoes,610.4175
2024-09-01,Nyamagabe,potatoes,608.3333333333334
2024-10-01,Nyamagabe,potatoes,601.25
2024-11-01,Nyamagabe,potatoes,543.3325
2024-12-01,Nyamagabe,potatoes,454.1666666666667
2025-01-01,Nyamagabe,potatoes,396.25
2025-02-01,Nyamagabe,potatoes,439.5825
2025-03-01,Nyamagabe,potatoes,506.6666666666667
2025-04-01,Nyamagabe,potatoes,562.0825
2025-05-01,Nyamagabe,potatoes,612.5
2025-06-01,Nyamagabe,potatoes,565.0
2025-07-01,Nyamagabe,potatoes,492.85749999999996
2025-08-01,Nyamagabe,potatoes,479.1666666666667
2025-09-01,Nyamagabe,potatoes,468.75
2025-10-01,Nyamagabe,potatoes,474.6875
2025-12-01,Nyamagabe,potatoes,411.25
2026-01-01,Nyamagabe,potatoes,436.3625
2026-02-01,Nyamagabe,potatoes,425.0
2026-04-01,Nyamagabe,potatoes,551.875
2026-05-01,Nyamagabe,potatoes,661.25
2008-01-01,Nyamasheke,potatoes,118.75
2008-02-01,Nyamasheke,potatoes,125.0
2008-03-01,Nyamasheke,potatoes,123.75
2008-04-01,Nyamasheke,potatoes,130.0
2008-05-01,Nyamasheke,potatoes,127.5
2008-06-01,Nyamasheke,potatoes,127.5
2008-07-01,Nyamasheke,potatoes,148.33499999999998
2008-08-01,Nyamasheke,potatoes,150.625
2008-09-01,Nyamasheke,potatoes,161.25
2008-10-01,Nyamasheke,potatoes,143.75
2008-11-01,Nyamasheke,potatoes,152.5
2008-12-01,Nyamasheke,potatoes,142.5
2009-01-01,Nyamasheke,potatoes,135.0
2009-02-01,Nyamasheke,potatoes,132.5
2009-03-01,Nyamasheke,potatoes,125.0
2009-04-01,Nyamasheke,potatoes,133.75
2009-05-01,Nyamasheke,potatoes,138.54000000000002
2009-06-01,Nyamasheke,potatoes,147.19
2009-07-01,Nyamasheke,potatoes,140.54000000000002
2009-08-01,Nyamasheke,potatoes,169.94
2009-09-01,Nyamasheke,potatoes,202.5
2009-10-01,Nyamasheke,potatoes,201.875
2009-11-01,Nyamasheke,potatoes,165.205
2009-12-01,Nyamasheke,potatoes,132.725
2010-01-01,Nyamasheke,potatoes,125.63
2010-02-01,Nyamasheke,potatoes,118.66499999999999
2010-03-01,Nyamasheke,potatoes,133.3
2010-04-01,Nyamasheke,potatoes,138.89499999999998
2010-05-01,Nyamasheke,potatoes,151.065
2010-06-01,Nyamasheke,potatoes,161.86
2010-07-01,Nyamasheke,potatoes,160.56
2010-08-01,Nyamasheke,potatoes,168.25
2010-09-01,Nyamasheke,potatoes,186.485
2010-10-01,Nyamasheke,potatoes,135.04
2010-11-01,Nyamasheke,potatoes,153.115
2010-12-01,Nyamasheke,potatoes,113.55666666666666
2011-01-01,Nyamasheke,potatoes,110.80666666666666
2011-02-01,Nyamasheke,potatoes,112.83333333333333
2011-03-01,Nyamasheke,potatoes,119.92666666666666
2011-04-01,Nyamasheke,potatoes,158.64
2011-05-01,Nyamasheke,potatoes,148.56666666666666
2011-06-01,Nyamasheke,potatoes,148.56666666666666
2011-07-01,Nyamasheke,potatoes,142.60999999999999
2011-08-01,Nyamasheke,potatoes,139.21
2011-09-01,Nyamasheke,potatoes,150.69333333333333
2011-10-01,Nyamasheke,potatoes,156.03333333333333
2011-11-01,Nyamasheke,potatoes,151.84333333333333
2011-12-01,Nyamasheke,potatoes,157.30666666666664
2012-01-01,Nyamasheke,potatoes,167.975
2012-02-01,Nyamasheke,potatoes,177.75
2012-03-01,Nyamasheke,potatoes,196.25
2012-04-01,Nyamasheke,potatoes,196.33499999999998
2012-05-01,Nyamasheke,potatoes,183.88333333333333
2012-06-01,Nyamasheke,potatoes,165.2075
2012-07-01,Nyamasheke,potatoes,184.5
2012-08-01,Nyamasheke,potatoes,200.94333333333336
2012-09-01,Nyamasheke,potatoes,253.5
2012-10-01,Nyamasheke,potatoes,290.0
2012-11-01,Nyamasheke,potatoes,185.20666666666668
2012-12-01,Nyamasheke,potatoes,156.0
2013-01-01,Nyamasheke,potatoes,188.8
2013-02-01,Nyamasheke,potatoes,161.66666666666666
2013-03-01,Nyamasheke,potatoes,184.89
2013-04-01,Nyamasheke,potatoes,200.66666666666666
2013-05-01,Nyamasheke,potatoes,169.20000000000002
2013-06-01,Nyamasheke,potatoes,190.1875
2013-07-01,Nyamasheke,potatoes,218.95
2013-08-01,Nyamasheke,potatoes,225.8125
2013-09-01,Nyamasheke,potatoes,256.375
2013-10-01,Nyamasheke,potatoes,264.9125
2013-11-01,Nyamasheke,potatoes,189.27
2013-12-01,Nyamasheke,potatoes,150.5425
2014-01-01,Nyamasheke,potatoes,142.5825
2014-02-01,Nyamasheke,potatoes,160.9375
2014-03-01,Nyamasheke,potatoes,187.0325
2014-04-01,Nyamasheke,potatoes,205.35
2014-05-01,Nyamasheke,potatoes,191.1675
2014-06-01,Nyamasheke,potatoes,201.025
2014-07-01,Nyamasheke,potatoes,206.95
2014-08-01,Nyamasheke,potatoes,203.4375
2014-09-01,Nyamasheke,potatoes,215.5825
2014-10-01,Nyamasheke,potatoes,220.0
2014-11-01,Nyamasheke,potatoes,161.5
2014-12-01,Nyamasheke,potatoes,139.6225
2015-01-01,Nyamasheke,potatoes,145.23
2015-02-01,Nyamasheke,potatoes,158.355
2015-03-01,Nyamasheke,potatoes,174.7875
2015-04-01,Nyamasheke,potatoes,174.125
2015-05-01,Nyamasheke,potatoes,181.3325
2015-06-01,Nyamasheke,potatoes,168.9375
2015-07-01,Nyamasheke,potatoes,166.4175
2015-08-01,Nyamasheke,potatoes,202.4575
2015-09-01,Nyamasheke,potatoes,219.9
2015-10-01,Nyamasheke,potatoes,215.8325
2015-11-01,Nyamasheke,potatoes,217.75
2015-12-01,Nyamasheke,potatoes,193.7175
2008-01-01,Nyanza,potatoes,105.0
2008-02-01,Nyanza,potatoes,110.0
2008-03-01,Nyanza,potatoes,110.0
2008-04-01,Nyanza,potatoes,135.0
2008-05-01,Nyanza,potatoes,135.0
2008-06-01,Nyanza,potatoes,135.0
2008-07-01,Nyanza,potatoes,136.67
2008-08-01,Nyanza,potatoes,130.0
2008-09-01,Nyanza,potatoes,135.0
2008-10-01,Nyanza,potatoes,158.75
2008-11-01,Nyanza,potatoes,137.5
2008-12-01,Nyanza,potatoes,125.0
2009-01-01,Nyanza,potatoes,115.0
2009-02-01,Nyanza,potatoes,122.5
2009-03-01,Nyanza,potatoes,130.0
2009-04-01,Nyanza,potatoes,132.5
2009-05-01,Nyanza,potatoes,140.0
2009-06-01,Nyanza,potatoes,135.0
2009-07-01,Nyanza,potatoes,137.08
2009-08-01,Nyanza,potatoes,143.33
2009-09-01,Nyanza,potatoes,181.25
2009-10-01,Nyanza,potatoes,160.42
2009-11-01,Nyanza,potatoes,150.83
2009-12-01,Nyanza,potatoes,122.5
2010-01-01,Nyanza,potatoes,132.5
2010-02-01,Nyanza,potatoes,136.25
2010-03-01,Nyanza,potatoes,142.5
2010-04-01,Nyanza,potatoes,147.5
2010-05-01,Nyanza,potatoes,158.33
2010-06-01,Nyanza,potatoes,152.54
2010-07-01,Nyanza,potatoes,148.5
2010-08-01,Nyanza,potatoes,150.83
2010-09-01,Nyanza,potatoes,138.33
2010-12-01,Nyanza,potatoes,140.42
2011-01-01,Nyanza,potatoes,120.0
2011-02-01,Nyanza,potatoes,130.0
2011-03-01,Nyanza,potatoes,117.5
2011-04-01,Nyanza,potatoes,140.0
2011-05-01,Nyanza,potatoes,173.33
2011-06-01,Nyanza,potatoes,158.83
2011-07-01,Nyanza,potatoes,152.5
2011-08-01,Nyanza,potatoes,122.2
2011-09-01,Nyanza,potatoes,117.5
2011-10-01,Nyanza,potatoes,147.5
2011-11-01,Nyanza,potatoes,148.0
2011-12-01,Nyanza,potatoes,153.33
2012-01-01,Nyanza,potatoes,132.8
2012-02-01,Nyanza,potatoes,160.0
2012-03-01,Nyanza,potatoes,191.75
2012-04-01,Nyanza,potatoes,200.0
2012-05-01,Nyanza,potatoes,197.4
2012-06-01,Nyanza,potatoes,190.25
2012-07-01,Nyanza,potatoes,181.17
2012-08-01,Nyanza,potatoes,192.0
2012-09-01,Nyanza,potatoes,200.0
2012-10-01,Nyanza,potatoes,170.0
2012-11-01,Nyanza,potatoes,162.25
2012-12-01,Nyanza,potatoes,167.25
2013-01-01,Nyanza,potatoes,160.0
2013-02-01,Nyanza,potatoes,149.0
2013-03-01,Nyanza,potatoes,160.75
2013-04-01,Nyanza,potatoes,188.67
2013-05-01,Nyanza,potatoes,202.33
2013-06-01,Nyanza,potatoes,200.0
2013-07-01,Nyanza,potatoes,191.2
2013-08-01,Nyanza,potatoes,198.25
2013-09-01,Nyanza,potatoes,190.75
2013-10-01,Nyanza,potatoes,191.67
2013-11-01,Nyanza,potatoes,178.5
2013-12-01,Nyanza,potatoes,170.0
2014-01-01,Nyanza,potatoes,145.75
2014-02-01,Nyanza,potatoes,154.0
2014-03-01,Nyanza,potatoes,171.75
2014-04-01,Nyanza,potatoes,202.6
2014-05-01,Nyanza,potatoes,197.4
2014-06-01,Nyanza,potatoes,180.0
2014-07-01,Nyanza,potatoes,170.6
2014-08-01,Nyanza,potatoes,175.75
2014-09-01,Nyanza,potatoes,158.0
2014-10-01,Nyanza,potatoes,188.0
2014-11-01,Nyanza,potatoes,150.0
2014-12-01,Nyanza,potatoes,152.5
2015-01-01,Nyanza,potatoes,128.0
2015-02-01,Nyanza,potatoes,147.5
2015-03-01,Nyanza,potatoes,175.0
2015-04-01,Nyanza,potatoes,199.25
2015-05-01,Nyanza,potatoes,190.0
2015-06-01,Nyanza,potatoes,162.5
2015-07-01,Nyanza,potatoes,185.4
2015-08-01,Nyanza,potatoes,195.0
2015-09-01,Nyanza,potatoes,202.0
2015-10-01,Nyanza,potatoes,215.0
2015-11-01,Nyanza,potatoes,225.0
2015-12-01,Nyanza,potatoes,212.0
2008-01-01,Nyarugenge,potatoes,97.5
2008-02-01,Nyarugenge,potatoes,100.0
2008-03-01,Nyarugenge,potatoes,95.0
2008-04-01,Nyarugenge,potatoes,90.0
2008-05-01,Nyarugenge,potatoes,90.0
2008-06-01,Nyarugenge,potatoes,110.0
2008-07-01,Nyarugenge,potatoes,119.17
2008-08-01,Nyarugenge,potatoes,133.75
2008-10-01,Nyarugenge,potatoes,123.75
2008-11-01,Nyarugenge,potatoes,124.12
2008-12-01,Nyarugenge,potatoes,105.75
2009-01-01,Nyarugenge,potatoes,117.5
2009-02-01,Nyarugenge,potatoes,118.75
2009-03-01,Nyarugenge,potatoes,125.0
2009-04-01,Nyarugenge,potatoes,123.25
2009-05-01,Nyarugenge,potatoes,127.29
2009-06-01,Nyarugenge,potatoes,115.0
2009-07-01,Nyarugenge,potatoes,114.0
2009-08-01,Nyarugenge,potatoes,135.75
2009-09-01,Nyarugenge,potatoes,177.75
2009-10-01,Nyarugenge,potatoes,160.0
2009-11-01,Nyarugenge,potatoes,137.0
2009-12-01,Nyarugenge,potatoes,106.25
2010-01-01,Nyarugenge,potatoes,98.75
2010-02-01,Nyarugenge,potatoes,109.38
2010-03-01,Nyarugenge,potatoes,110.0
2010-04-01,Nyarugenge,potatoes,119.38
2010-05-01,Nyarugenge,potatoes,129.08
2010-06-01,Nyarugenge,potatoes,137.42
2010-07-01,Nyarugenge,potatoes,140.32333333333335
2010-08-01,Nyarugenge,potatoes,168.5
2010-09-01,Nyarugenge,potatoes,213.51666666666665
2010-10-01,Nyarugenge,potatoes,185.67
2010-11-01,Nyarugenge,potatoes,154.05666666666664
2010-12-01,Nyarugenge,potatoes,113.41333333333334
2011-01-01,Nyarugenge,potatoes,99.94666666666667
2011-02-01,Nyarugenge,potatoes,104.79
2011-03-01,Nyarugenge,potatoes,119.39333333333333
2011-04-01,Nyarugenge,potatoes,150.58333333333334
2011-05-01,Nyarugenge,potatoes,144.44333333333336
2011-06-01,Nyarugenge,potatoes,141.66666666666666
2011-07-01,Nyarugenge,potatoes,139.08333333333334
2011-08-01,Nyarugenge,potatoes,134.26999999999998
2011-09-01,Nyarugenge,potatoes,139.85333333333332
2011-10-01,Nyarugenge,potatoes,141.74
2011-11-01,Nyarugenge,potatoes,130.38333333333333
2011-12-01,Nyarugenge,potatoes,141.98333333333332
2012-01-01,Nyarugenge,potatoes,161.96333333333334
2012-02-01,Nyarugenge,potatoes,186.69
2012-03-01,Nyarugenge,potatoes,203.805
2012-04-01,Nyarugenge,potatoes,181.695
2012-05-01,Nyarugenge,potatoes,175.82000000000002
2012-06-01,Nyarugenge,potatoes,166.55666666666664
2012-07-01,Nyarugenge,potatoes,184.45000000000002
2012-08-01,Nyarugenge,potatoes,205.06333333333336
2012-09-01,Nyarugenge,potatoes,242.66666666666666
2012-10-01,Nyarugenge,potatoes,219.0
2012-11-01,Nyarugenge,potatoes,175.5025
2012-12-01,Nyarugenge,potatoes,150.87333333333333
2013-01-01,Nyarugenge,potatoes,176.87
2013-02-01,Nyarugenge,potatoes,166.33333333333334
2013-03-01,Nyarugenge,potatoes,177.4075
2013-04-01,Nyarugenge,potatoes,187.1975
2013-05-01,Nyarugenge,potatoes,182.90333333333334
2013-06-01,Nyarugenge,potatoes,205.535
2013-07-01,Nyarugenge,potatoes,208.7825
2013-08-01,Nyarugenge,potatoes,235.8175
2013-09-01,Nyarugenge,potatoes,249.655
2013-10-01,Nyarugenge,potatoes,231.05
2013-11-01,Nyarugenge,potatoes,171.8075
2013-12-01,Nyarugenge,potatoes,142.4525
2014-01-01,Nyarugenge,potatoes,141.415
2014-02-01,Nyarugenge,potatoes,179.83333333333334
2014-03-01,Nyarugenge,potatoes,197.23333333333335
2014-04-01,Nyarugenge,potatoes,205.77666666666667
2014-05-01,Nyarugenge,potatoes,192.12333333333333
2014-06-01,Nyarugenge,potatoes,200.17
2014-07-01,Nyarugenge,potatoes,192.48000000000002
2014-08-01,Nyarugenge,potatoes,204.33
2014-09-01,Nyarugenge,potatoes,198.71
2014-10-01,Nyarugenge,potatoes,199.375
2014-11-01,Nyarugenge,potatoes,161.085
2014-12-01,Nyarugenge,potatoes,148.74
2015-01-01,Nyarugenge,potatoes,148.6825
2015-02-01,Nyarugenge,potatoes,158.875
2015-03-01,Nyarugenge,potatoes,197.655
2015-04-01,Nyarugenge,potatoes,190.805
2015-05-01,Nyarugenge,potatoes,191.948
2015-06-01,Nyarugenge,potatoes,175.815
2015-07-01,Nyarugenge,potatoes,187.20499999999998
2015-08-01,Nyarugenge,potatoes,213.9525
2015-09-01,Nyarugenge,potatoes,228.3225
2015-10-01,Nyarugenge,potatoes,239.59333333333333
2015-11-01,Nyarugenge,potatoes,236.85
2015-12-01,Nyarugenge,potatoes,200.00333333333333
2020-04-01,Nyarugenge,potatoes,300.0
2023-02-01,Nyarugenge,potatoes,600.0
2024-06-01,Nyarugenge,potatoes,550.0
2024-09-01,Nyarugenge,potatoes,600.0
2025-10-01,Nyarugenge,potatoes,625.0
2011-12-01,Nyaruguru,potatoes,164.6
2012-01-01,Nyaruguru,potatoes,170.0
2012-02-01,Nyaruguru,potatoes,190.0
2012-03-01,Nyaruguru,potatoes,196.67
2012-04-01,Nyaruguru,potatoes,190.0
2012-05-01,Nyaruguru,potatoes,199.0
2012-06-01,Nyaruguru,potatoes,191.5
2008-01-01,Rubavu,potatoes,78.75
2008-02-01,Rubavu,potatoes,100.0
2008-03-01,Rubavu,potatoes,83.75
2008-04-01,Rubavu,potatoes,87.5
2008-05-01,Rubavu,potatoes,74.5
2008-06-01,Rubavu,potatoes,92.25
2008-07-01,Rubavu,potatoes,96.67
2008-08-01,Rubavu,potatoes,95.0
2008-09-01,Rubavu,potatoes,103.75
2008-10-01,Rubavu,potatoes,150.0
2008-11-01,Rubavu,potatoes,112.5
2008-12-01,Rubavu,potatoes,93.16499999999999
2009-01-01,Rubavu,potatoes,100.0
2009-02-01,Rubavu,potatoes,113.75
2009-03-01,Rubavu,potatoes,105.0
2009-04-01,Rubavu,potatoes,100.0
2009-05-01,Rubavu,potatoes,98.5
2009-06-01,Rubavu,potatoes,97.62
2009-07-01,Rubavu,potatoes,100.5
2009-08-01,Rubavu,potatoes,116.5
2009-09-01,Rubavu,potatoes,143.75
2009-10-01,Rubavu,potatoes,133.55
2009-11-01,Rubavu,potatoes,107.0
2009-12-01,Rubavu,potatoes,80.5
2010-01-01,Rubavu,potatoes,85.42
2010-02-01,Rubavu,potatoes,77.75
2010-03-01,Rubavu,potatoes,98.0
2010-04-01,Rubavu,potatoes,107.38
2010-05-01,Rubavu,potatoes,108.33
2010-06-01,Rubavu,potatoes,101.25
2010-07-01,Rubavu,potatoes,111.75
2010-08-01,Rubavu,potatoes,128.75
2010-09-01,Rubavu,potatoes,152.5
2010-11-01,Rubavu,potatoes,150.0
2010-12-01,Rubavu,potatoes,87.5
2011-01-01,Rubavu,potatoes,71.67
2011-02-01,Rubavu,potatoes,79.33
2011-03-01,Rubavu,potatoes,105.0
2011-04-01,Rubavu,potatoes,122.5
2011-05-01,Rubavu,potatoes,122.5
2011-06-01,Rubavu,potatoes,110.75
2011-07-01,Rubavu,potatoes,100.5
2011-08-01,Rubavu,potatoes,98.75
2011-09-01,Rubavu,potatoes,106.75
2011-10-01,Rubavu,potatoes,125.5
2011-11-01,Rubavu,potatoes,94.8
2011-12-01,Rubavu,potatoes,115.0
2012-01-01,Rubavu,potatoes,136.5
2012-02-01,Rubavu,potatoes,154.25
2012-03-01,Rubavu,potatoes,160.25
2012-04-01,Rubavu,potatoes,138.0
2012-05-01,Rubavu,potatoes,143.25
2012-06-01,Rubavu,potatoes,131.5
2012-07-01,Rubavu,potatoes,156.2
2012-08-01,Rubavu,potatoes,172.0
2012-09-01,Rubavu,potatoes,197.0
2012-10-01,Rubavu,potatoes,193.0
2012-11-01,Rubavu,potatoes,136.67
2012-12-01,Rubavu,potatoes,101.67
2013-01-01,Rubavu,potatoes,129.25
2013-02-01,Rubavu,potatoes,137.0
2013-03-01,Rubavu,potatoes,153.5
2013-04-01,Rubavu,potatoes,146.8
2013-05-01,Rubavu,potatoes,153.25
2013-06-01,Rubavu,potatoes,158.2
2013-07-01,Rubavu,potatoes,171.2
2013-08-01,Rubavu,potatoes,199.25
2013-09-01,Rubavu,potatoes,230.0
2013-10-01,Rubavu,potatoes,209.4
2013-11-01,Rubavu,potatoes,122.0
2013-12-01,Rubavu,potatoes,113.25
2014-01-01,Rubavu,potatoes,112.33
2014-02-01,Rubavu,potatoes,130.0
2014-03-01,Rubavu,potatoes,178.5
2014-04-01,Rubavu,potatoes,161.75
2014-05-01,Rubavu,potatoes,148.5
2014-06-01,Rubavu,potatoes,148.5
2014-07-01,Rubavu,potatoes,142.5
2014-08-01,Rubavu,potatoes,160.75
2014-09-01,Rubavu,potatoes,173.25
2014-10-01,Rubavu,potatoes,143.0
2014-11-01,Rubavu,potatoes,106.5
2014-12-01,Rubavu,potatoes,97.8
2015-01-01,Rubavu,potatoes,118.0
2015-02-01,Rubavu,potatoes,142.5
2015-03-01,Rubavu,potatoes,170.75
2015-04-01,Rubavu,potatoes,144.33
2015-05-01,Rubavu,potatoes,142.25
2015-06-01,Rubavu,potatoes,145.4
2015-07-01,Rubavu,potatoes,151.5
2015-08-01,Rubavu,potatoes,189.25
2015-09-01,Rubavu,potatoes,201.8
2015-11-01,Rubavu,potatoes,168.5
2015-12-01,Rubavu,potatoes,147.25
2011-12-01,Ruhango,potatoes,151.0
2012-01-01,Ruhango,potatoes,159.25
2012-02-01,Ruhango,potatoes,197.5
2012-03-01,Ruhango,potatoes,207.5
2012-04-01,Ruhango,potatoes,197.5
2012-05-01,Ruhango,potatoes,176.6
2012-06-01,Ruhango,potatoes,162.5
2012-07-01,Ruhango,potatoes,186.67
2012-08-01,Ruhango,potatoes,208.0
2012-09-01,Ruhango,potatoes,250.0
2012-10-01,Ruhango,potatoes,200.0
2012-11-01,Ruhango,potatoes,161.4
2012-12-01,Ruhango,potatoes,140.0
2013-01-01,Ruhango,potatoes,162.0
2013-02-01,Ruhango,potatoes,162.0
2013-03-01,Ruhango,potatoes,180.0
2013-04-01,Ruhango,potatoes,180.0
2013-05-01,Ruhango,potatoes,175.75
2013-06-01,Ruhango,potatoes,202.5
2013-07-01,Ruhango,potatoes,218.6
2013-08-01,Ruhango,potatoes,238.33
2013-09-01,Ruhango,potatoes,236.25
2013-10-01,Ruhango,potatoes,238.33
2013-11-01,Ruhango,potatoes,182.5
2013-12-01,Ruhango,potatoes,136.67
2014-01-01,Ruhango,potatoes,135.0
2014-02-01,Ruhango,potatoes,157.5
2014-03-01,Ruhango,potatoes,180.0
2014-04-01,Ruhango,potatoes,200.0
2014-05-01,Ruhango,potatoes,183.33
2014-06-01,Ruhango,potatoes,200.0
2014-07-01,Ruhango,potatoes,193.33
2014-08-01,Ruhango,potatoes,200.0
2014-09-01,Ruhango,potatoes,190.0
2014-10-01,Ruhango,potatoes,172.0
2014-11-01,Ruhango,potatoes,165.0
2015-02-01,Ruhango,potatoes,152.5
2015-03-01,Ruhango,potatoes,171.67
2015-04-01,Ruhango,potatoes,188.0
2015-05-01,Ruhango,potatoes,172.5
2015-06-01,Ruhango,potatoes,170.0
2015-07-01,Ruhango,potatoes,180.0
2015-08-01,Ruhango,potatoes,210.0
2015-09-01,Ruhango,potatoes,212.0
2015-10-01,Ruhango,potatoes,210.0
2015-11-01,Ruhango,potatoes,215.0
2015-12-01,Ruhango,potatoes,188.0
2008-01-01,Rulindo,potatoes,78.125
2008-02-01,Rulindo,potatoes,76.875
2008-03-01,Rulindo,potatoes,80.0
2008-04-01,Rulindo,potatoes,83.125
2008-05-01,Rulindo,potatoes,82.5
2008-06-01,Rulindo,potatoes,90.625
2008-07-01,Rulindo,potatoes,102.08500000000001
2008-08-01,Rulindo,potatoes,103.75
2008-09-01,Rulindo,potatoes,108.75
2008-10-01,Rulindo,potatoes,103.75
2008-11-01,Rulindo,potatoes,100.625
2008-12-01,Rulindo,potatoes,98.75
2009-01-01,Rulindo,potatoes,95.0
2009-02-01,Rulindo,potatoes,96.25
2009-03-01,Rulindo,potatoes,100.0
2009-04-01,Rulindo,potatoes,106.875
2009-05-01,Rulindo,potatoes,101.35499999999999
2009-06-01,Rulindo,potatoes,103.75
2009-07-01,Rulindo,potatoes,105.0
2009-08-01,Rulindo,potatoes,120.0
2009-09-01,Rulindo,potatoes,150.25
2009-10-01,Rulindo,potatoes,153.44
2009-11-01,Rulindo,potatoes,135.0
2009-12-01,Rulindo,potatoes,104.15
2010-01-01,Rulindo,potatoes,90.625
2010-02-01,Rulindo,potatoes,97.91499999999999
2010-03-01,Rulindo,potatoes,99.58500000000001
2010-04-01,Rulindo,potatoes,98.025
2010-05-01,Rulindo,potatoes,106.66499999999999
2010-06-01,Rulindo,potatoes,103.25
2010-07-01,Rulindo,potatoes,113.0
2010-08-01,Rulindo,potatoes,131.915
2010-09-01,Rulindo,potatoes,157.33499999999998
2010-10-01,Rulindo,potatoes,115.0
2010-11-01,Rulindo,potatoes,102.41499999999999
2010-12-01,Rulindo,potatoes,92.33500000000001
2011-01-01,Rulindo,potatoes,85.0
2011-02-01,Rulindo,potatoes,89.5
2011-03-01,Rulindo,potatoes,101.525
2011-04-01,Rulindo,potatoes,115.16499999999999
2011-05-01,Rulindo,potatoes,109.625
2011-06-01,Rulindo,potatoes,115.25
2011-07-01,Rulindo,potatoes,116.125
2011-08-01,Rulindo,potatoes,113.05
2011-09-01,Rulindo,potatoes,125.375
2011-10-01,Rulindo,potatoes,124.83500000000001
2011-11-01,Rulindo,potatoes,105.065
2011-12-01,Rulindo,potatoes,110.33500000000001
2012-01-01,Rulindo,potatoes,123.16499999999999
2012-02-01,Rulindo,potatoes,132.5
2012-03-01,Rulindo,potatoes,156.5
2012-04-01,Rulindo,potatoes,156.5
2012-05-01,Rulindo,potatoes,148.41666666666666
2012-06-01,Rulindo,potatoes,127.91666666666667
2012-07-01,Rulindo,potatoes,145.91500000000002
2012-08-01,Rulindo,potatoes,165.0
2012-09-01,Rulindo,potatoes,195.0
2012-10-01,Rulindo,potatoes,193.0
2012-11-01,Rulindo,potatoes,131.0
2012-12-01,Rulindo,potatoes,110.83500000000001
2013-01-01,Rulindo,potatoes,118.75
2013-02-01,Rulindo,potatoes,135.5
2013-03-01,Rulindo,potatoes,153.935
2013-04-01,Rulindo,potatoes,158.75
2013-05-01,Rulindo,potatoes,152.33499999999998
2013-06-01,Rulindo,potatoes,164.66666666666666
2013-07-01,Rulindo,potatoes,177.08333333333334
2013-08-01,Rulindo,potatoes,209.61666666666667
2013-09-01,Rulindo,potatoes,219.64
2013-10-01,Rulindo,potatoes,217.6
2013-11-01,Rulindo,potatoes,141.75
2013-12-01,Rulindo,potatoes,112.0
2014-01-01,Rulindo,potatoes,114.61
2014-02-01,Rulindo,potatoes,140.0
2014-03-01,Rulindo,potatoes,170.16666666666666
2014-04-01,Rulindo,potatoes,173.36
2014-05-01,Rulindo,potatoes,157.41666666666666
2014-06-01,Rulindo,potatoes,170.41666666666666
2014-07-01,Rulindo,potatoes,159.89
2014-08-01,Rulindo,potatoes,170.83333333333334
2014-09-01,Rulindo,potatoes,172.72333333333333
2014-10-01,Rulindo,potatoes,155.83499999999998
2014-11-01,Rulindo,potatoes,106.97333333333334
2014-12-01,Rulindo,potatoes,110.0
2015-01-01,Rulindo,potatoes,113.75
2015-02-01,Rulindo,potatoes,140.64
2015-03-01,Rulindo,potatoes,155.16666666666666
2015-04-01,Rulindo,potatoes,169.29
2015-05-01,Rulindo,potatoes,151.38333333333333
2015-06-01,Rulindo,potatoes,138.41666666666666
2015-07-01,Rulindo,potatoes,165.35
2015-08-01,Rulindo,potatoes,189.66666666666666
2015-09-01,Rulindo,potatoes,191.4
2015-10-01,Rulindo,potatoes,205.5
2015-11-01,Rulindo,potatoes,187.83333333333334
2015-12-01,Rulindo,potatoes,168.16666666666666
2008-01-01,Rusizi,potatoes,122.5
2008-02-01,Rusizi,potatoes,120.0
2008-03-01,Rusizi,potatoes,122.5
2008-04-01,Rusizi,potatoes,132.5
2008-05-01,Rusizi,potatoes,130.0
2008-06-01,Rusizi,potatoes,125.0
2008-07-01,Rusizi,potatoes,146.67
2008-08-01,Rusizi,potatoes,150.0
2008-09-01,Rusizi,potatoes,160.0
2008-11-01,Rusizi,potatoes,150.0
2008-12-01,Rusizi,potatoes,145.0
2009-01-01,Rusizi,potatoes,137.5
2009-02-01,Rusizi,potatoes,137.5
2009-03-01,Rusizi,potatoes,130.0
2009-04-01,Rusizi,potatoes,137.5
2009-05-01,Rusizi,potatoes,142.5
2009-06-01,Rusizi,potatoes,131.25
2009-07-01,Rusizi,potatoes,136.25
2009-08-01,Rusizi,potatoes,155.42
2009-09-01,Rusizi,potatoes,198.07
2009-10-01,Rusizi,potatoes,187.29
2009-11-01,Rusizi,potatoes,177.88
2009-12-01,Rusizi,potatoes,123.0
2010-01-01,Rusizi,potatoes,115.88
2010-02-01,Rusizi,potatoes,115.5
2010-03-01,Rusizi,potatoes,133.3
2010-04-01,Rusizi,potatoes,140.54
2010-05-01,Rusizi,potatoes,152.71
2010-06-01,Rusizi,potatoes,161.43
2010-07-01,Rusizi,potatoes,157.93
2010-08-01,Rusizi,potatoes,172.06
2010-09-01,Rusizi,potatoes,196.28
2010-10-01,Rusizi,potatoes,194.67
2010-11-01,Rusizi,potatoes,166.6
2010-12-01,Rusizi,potatoes,138.54
2011-01-01,Rusizi,potatoes,124.83
2011-02-01,Rusizi,potatoes,127.5
2011-03-01,Rusizi,potatoes,130.11
2011-04-01,Rusizi,potatoes,173.62
2011-05-01,Rusizi,potatoes,173.22
2011-06-01,Rusizi,potatoes,174.0
2011-07-01,Rusizi,potatoes,168.25
2011-08-01,Rusizi,potatoes,168.0
2011-09-01,Rusizi,potatoes,177.0
2011-10-01,Rusizi,potatoes,180.0
2011-11-01,Rusizi,potatoes,172.75
2011-12-01,Rusizi,potatoes,175.11
2012-01-01,Rusizi,potatoes,187.12
2012-02-01,Rusizi,potatoes,212.67
2012-03-01,Rusizi,potatoes,225.67
2012-04-01,Rusizi,potatoes,196.83
2012-05-01,Rusizi,potatoes,191.0
2012-06-01,Rusizi,potatoes,196.89
2012-07-01,Rusizi,potatoes,205.56
2012-08-01,Rusizi,potatoes,220.5
2012-11-01,Rusizi,potatoes,224.38
2012-12-01,Rusizi,potatoes,202.83
2013-01-01,Rusizi,potatoes,193.43
2013-02-01,Rusizi,potatoes,190.0
2013-03-01,Rusizi,potatoes,207.0
2013-04-01,Rusizi,potatoes,221.75
2013-05-01,Rusizi,potatoes,199.33
2013-06-01,Rusizi,potatoes,207.62
2013-07-01,Rusizi,potatoes,249.89
2013-08-01,Rusizi,potatoes,247.88
2013-09-01,Rusizi,potatoes,277.88
2013-10-01,Rusizi,potatoes,281.11
2013-11-01,Rusizi,potatoes,200.0
2013-12-01,Rusizi,potatoes,172.89
2014-01-01,Rusizi,potatoes,185.78
2014-02-01,Rusizi,potatoes,187.57
2014-03-01,Rusizi,potatoes,213.88
2014-04-01,Rusizi,potatoes,233.78
2014-05-01,Rusizi,potatoes,226.75
2014-06-01,Rusizi,potatoes,224.43
2014-07-01,Rusizi,potatoes,234.0
2014-08-01,Rusizi,potatoes,260.14
2014-09-01,Rusizi,potatoes,255.9
2014-10-01,Rusizi,potatoes,237.0
2014-11-01,Rusizi,potatoes,181.88
2014-12-01,Rusizi,potatoes,165.83
2015-01-01,Rusizi,potatoes,173.57
2015-02-01,Rusizi,potatoes,184.5
2015-03-01,Rusizi,potatoes,205.44
2015-04-01,Rusizi,potatoes,207.4
2015-05-01,Rusizi,potatoes,210.12
2015-06-01,Rusizi,potatoes,192.12
2015-07-01,Rusizi,potatoes,204.56
2015-08-01,Rusizi,potatoes,237.62
2015-09-01,Rusizi,potatoes,255.44
2015-10-01,Rusizi,potatoes,244.43
2015-11-01,Rusizi,potatoes,240.12
2015-12-01,Rusizi,potatoes,232.43
2008-01-01,Rutsiro,potatoes,103.75
2008-02-01,Rutsiro,potatoes,91.25
2008-03-01,Rutsiro,potatoes,88.75
2008-04-01,Rutsiro,potatoes,85.0
2008-05-01,Rutsiro,potatoes,89.75
2008-06-01,Rutsiro,potatoes,91.25
2008-07-01,Rutsiro,potatoes,108.33
2008-08-01,Rutsiro,potatoes,102.5
2008-09-01,Rutsiro,potatoes,115.0
2008-10-01,Rutsiro,potatoes,135.0
2008-11-01,Rutsiro,potatoes,113.0
2008-12-01,Rutsiro,potatoes,101.75
2009-01-01,Rutsiro,potatoes,111.25
2009-02-01,Rutsiro,potatoes,115.0
2009-03-01,Rutsiro,potatoes,110.0
2009-04-01,Rutsiro,potatoes,113.75
2009-05-01,Rutsiro,potatoes,110.0
2009-06-01,Rutsiro,potatoes,109.5
2009-07-01,Rutsiro,potatoes,107.5
2009-08-01,Rutsiro,potatoes,124.0
2009-09-01,Rutsiro,potatoes,145.0
2009-10-01,Rutsiro,potatoes,120.0
2009-11-01,Rutsiro,potatoes,119.25
2009-12-01,Rutsiro,potatoes,90.0
2010-01-01,Rutsiro,potatoes,89.67
2010-02-01,Rutsiro,potatoes,90.0
2010-03-01,Rutsiro,potatoes,102.0
2010-04-01,Rutsiro,potatoes,112.5
2010-05-01,Rutsiro,potatoes,110.0
2010-06-01,Rutsiro,potatoes,117.75
2010-07-01,Rutsiro,potatoes,109.875
2010-08-01,Rutsiro,potatoes,113.66499999999999
2010-09-01,Rutsiro,potatoes,143.5
2010-10-01,Rutsiro,potatoes,141.5
2010-11-01,Rutsiro,potatoes,139.16666666666666
2010-12-01,Rutsiro,potatoes,112.27666666666669
2011-01-01,Rutsiro,potatoes,86.75
2011-02-01,Rutsiro,potatoes,84.91666666666667
2011-03-01,Rutsiro,potatoes,95.35000000000001
2011-04-01,Rutsiro,potatoes,113.91666666666667
2011-05-01,Rutsiro,potatoes,128.16666666666666
2011-06-01,Rutsiro,potatoes,141.16666666666666
2011-07-01,Rutsiro,potatoes,127.91666666666667
2011-08-01,Rutsiro,potatoes,105.28333333333335
2011-09-01,Rutsiro,potatoes,124.25
2011-10-01,Rutsiro,potatoes,133.19333333333336
2011-11-01,Rutsiro,potatoes,137.49
2011-12-01,Rutsiro,potatoes,134.65
2012-01-01,Rutsiro,potatoes,135.83333333333334
2012-02-01,Rutsiro,potatoes,133.91666666666666
2012-03-01,Rutsiro,potatoes,150.01666666666668
2012-04-01,Rutsiro,potatoes,148.83333333333334
2012-05-01,Rutsiro,potatoes,170.33333333333334
2012-06-01,Rutsiro,potatoes,158.75
2012-07-01,Rutsiro,potatoes,160.55666666666664
2012-08-01,Rutsiro,potatoes,175.83499999999998
2012-09-01,Rutsiro,potatoes,213.0
2012-10-01,Rutsiro,potatoes,195.0
2012-11-01,Rutsiro,potatoes,145.475
2012-12-01,Rutsiro,potatoes,136.67
2013-01-01,Rutsiro,potatoes,134.5
2013-02-01,Rutsiro,potatoes,143.0
2013-03-01,Rutsiro,potatoes,159.25
2013-04-01,Rutsiro,potatoes,167.75
2013-05-01,Rutsiro,potatoes,163.875
2013-06-01,Rutsiro,potatoes,182.135
2013-07-01,Rutsiro,potatoes,200.04000000000002
2013-08-01,Rutsiro,potatoes,230.5
2013-09-01,Rutsiro,potatoes,244.0
2013-10-01,Rutsiro,potatoes,230.66500000000002
2013-11-01,Rutsiro,potatoes,169.375
2013-12-01,Rutsiro,potatoes,141.65
2014-01-01,Rutsiro,potatoes,116.53999999999999
2014-02-01,Rutsiro,potatoes,136.5
2014-03-01,Rutsiro,potatoes,151.08499999999998
2014-04-01,Rutsiro,potatoes,166.1
2014-05-01,Rutsiro,potatoes,174.25
2014-06-01,Rutsiro,potatoes,172.625
2014-07-01,Rutsiro,potatoes,144.625
2014-08-01,Rutsiro,potatoes,154.83499999999998
2014-09-01,Rutsiro,potatoes,159.0
2014-10-01,Rutsiro,potatoes,175.63
2014-11-01,Rutsiro,potatoes,129.25
2014-12-01,Rutsiro,potatoes,131.04000000000002
2015-01-01,Rutsiro,potatoes,129.20999999999998
2015-02-01,Rutsiro,potatoes,131.875
2015-03-01,Rutsiro,potatoes,144.3
2015-04-01,Rutsiro,potatoes,164.75
2015-05-01,Rutsiro,potatoes,160.5
2015-06-01,Rutsiro,potatoes,140.2
2015-07-01,Rutsiro,potatoes,161.5
2015-08-01,Rutsiro,potatoes,178.225
2015-09-01,Rutsiro,potatoes,193.375
2015-10-01,Rutsiro,potatoes,196.17
2015-11-01,Rutsiro,potatoes,154.975
2015-12-01,Rutsiro,potatoes,153.41500000000002
2008-01-01,Rwamagana,potatoes,120.0
2008-02-01,Rwamagana,potatoes,117.5
2008-03-01,Rwamagana,potatoes,120.0
2008-04-01,Rwamagana,potatoes,115.0
2008-05-01,Rwamagana,potatoes,110.0
2008-06-01,Rwamagana,potatoes,130.0
2008-07-01,Rwamagana,potatoes,146.67
2008-08-01,Rwamagana,potatoes,145.0
2008-09-01,Rwamagana,potatoes,160.0
2008-10-01,Rwamagana,potatoes,150.0
2008-11-01,Rwamagana,potatoes,142.5
2008-12-01,Rwamagana,potatoes,135.0
2009-01-01,Rwamagana,potatoes,152.5
2009-02-01,Rwamagana,potatoes,152.5
2009-03-01,Rwamagana,potatoes,150.0
2009-04-01,Rwamagana,potatoes,160.0
2009-05-01,Rwamagana,potatoes,155.0
2009-06-01,Rwamagana,potatoes,136.25
2009-07-01,Rwamagana,potatoes,144.17
2009-08-01,Rwamagana,potatoes,155.83
2009-09-01,Rwamagana,potatoes,179.75
2009-10-01,Rwamagana,potatoes,174.17
2009-11-01,Rwamagana,potatoes,166.25
2009-12-01,Rwamagana,potatoes,122.5
2010-01-01,Rwamagana,potatoes,128.33
2010-02-01,Rwamagana,potatoes,136.25
2010-03-01,Rwamagana,potatoes,140.0
2010-04-01,Rwamagana,potatoes,146.25
2010-05-01,Rwamagana,potatoes,141.67
2010-06-01,Rwamagana,potatoes,152.12
2010-07-01,Rwamagana,potatoes,149.75
2010-08-01,Rwamagana,potatoes,165.0
2010-09-01,Rwamagana,potatoes,180.0
2010-12-01,Rwamagana,potatoes,145.41500000000002
2011-01-01,Rwamagana,potatoes,128.96
2011-02-01,Rwamagana,potatoes,170.415
2011-03-01,Rwamagana,potatoes,127.25
2011-04-01,Rwamagana,potatoes,130.0
2011-05-01,Rwamagana,potatoes,150.0
2011-06-01,Rwamagana,potatoes,149.25
2011-07-01,Rwamagana,potatoes,156.25
2011-08-01,Rwamagana,potatoes,152.0
2011-09-01,Rwamagana,potatoes,150.0
2011-10-01,Rwamagana,potatoes,156.66500000000002
2011-11-01,Rwamagana,potatoes,150.125
2011-12-01,Rwamagana,potatoes,150.33499999999998
2012-01-01,Rwamagana,potatoes,165.5
2012-02-01,Rwamagana,potatoes,186.25
2012-03-01,Rwamagana,potatoes,208.0
2012-04-01,Rwamagana,potatoes,220.0
2012-05-01,Rwamagana,potatoes,214.0
2012-06-01,Rwamagana,potatoes,186.5
2012-07-01,Rwamagana,potatoes,198.83
2012-08-01,Rwamagana,potatoes,190.0
2012-09-01,Rwamagana,potatoes,231.5
2012-10-01,Rwamagana,potatoes,250.0
2012-11-01,Rwamagana,potatoes,215.625
2012-12-01,Rwamagana,potatoes,141.75
2013-01-01,Rwamagana,potatoes,147.5
2013-02-01,Rwamagana,potatoes,160.0
2013-03-01,Rwamagana,potatoes,170.85
2013-04-01,Rwamagana,potatoes,184.0
2013-05-01,Rwamagana,potatoes,176.67
2013-06-01,Rwamagana,potatoes,207.08333333333334
2013-07-01,Rwamagana,potatoes,221.5
2013-08-01,Rwamagana,potatoes,258.415
2013-09-01,Rwamagana,potatoes,251.91666666666666
2013-10-01,Rwamagana,potatoes,250.66666666666666
2013-11-01,Rwamagana,potatoes,163.2
2013-12-01,Rwamagana,potatoes,156.5
2014-01-01,Rwamagana,potatoes,152.11
2014-02-01,Rwamagana,potatoes,175.0
2014-03-01,Rwamagana,potatoes,177.5
2014-04-01,Rwamagana,potatoes,198.25
2014-05-01,Rwamagana,potatoes,190.0
2014-06-01,Rwamagana,potatoes,184.25
2014-07-01,Rwamagana,potatoes,186.67
2014-08-01,Rwamagana,potatoes,186.67
2014-09-01,Rwamagana,potatoes,213.7
2014-10-01,Rwamagana,potatoes,190.0
2014-11-01,Rwamagana,potatoes,147.04000000000002
2014-12-01,Rwamagana,potatoes,133.33499999999998
2015-01-01,Rwamagana,potatoes,172.11
2015-02-01,Rwamagana,potatoes,196.625
2015-03-01,Rwamagana,potatoes,205.08333333333334
2015-04-01,Rwamagana,potatoes,195.29000000000002
2015-05-01,Rwamagana,potatoes,195.0
2015-06-01,Rwamagana,potatoes,195.58333333333334
2015-07-01,Rwamagana,potatoes,211.33333333333334
2015-08-01,Rwamagana,potatoes,240.0
2015-09-01,Rwamagana,potatoes,244.66666666666666
2015-10-01,Rwamagana,potatoes,232.0
2015-11-01,Rwamagana,potatoes,235.0
2015-12-01,Rwamagana,potatoes,205.0
